produce_type,temperature_c,humidity_pct,storage_area,packaging_material,freshness_pct,remaining_shelf_life_days
Apple,16.9,62.5,pantry,unpackaged,59.4,0.45
Apple,19.1,54.8,pantry,perforated_bag,76.5,1.06
Apple,24.3,58.5,counter,perforated_bag,67.4,0.49
Apple,5.3,87.8,fridge,plastic_wrap,85.9,20.99
Apple,23.4,39.9,counter,sealed_container,77.0,0.54
Apple,4.6,98.7,fridge,unpackaged,94.8,17.64
Apple,4.9,93.6,fridge,plastic_wrap,77.4,17.82
Apple,22.2,60.4,pantry,unpackaged,88.2,0.71
Apple,4.3,92.4,fridge,perforated_bag,66.0,18.38
Apple,21.9,40.4,pantry,unpackaged,86.6,0.64
Apple,3.6,95.5,fridge,plastic_wrap,77.2,16.16
Apple,20.5,60.9,pantry,perforated_bag,80.1,0.98
Apple,3.3,92.3,fridge,plastic_wrap,89.0,24.41
Apple,4.7,88.7,fridge,plastic_wrap,83.2,22.35
Apple,21.9,51.9,pantry,plastic_wrap,64.2,0.46
Apple,2.2,90.4,fridge,sealed_container,63.8,17.07
Apple,4.7,91.3,fridge,unpackaged,70.8,16.1
Apple,1.8,81.4,fridge,plastic_wrap,94.4,30.16
Apple,18.9,68.0,pantry,plastic_wrap,84.7,1.08
Apple,2.6,86.3,fridge,sealed_container,76.7,16.21
Apple,4.4,85.0,fridge,plastic_wrap,85.9,21.96
Apple,4.0,96.0,fridge,sealed_container,82.8,16.76
Apple,4.3,94.8,fridge,unpackaged,62.8,15.07
Apple,3.0,83.4,fridge,plastic_wrap,80.8,18.36
Apple,3.7,80.6,fridge,plastic_wrap,86.6,23.25
Apple,8.4,90.1,fridge,plastic_wrap,80.5,11.52
Apple,2.8,85.9,fridge,sealed_container,51.9,9.86
Apple,23.4,32.6,counter,plastic_wrap,60.5,0.34
Apple,4.4,96.8,fridge,sealed_container,60.4,9.65
Apple,2.6,84.4,fridge,sealed_container,73.6,16.91
Apple,20.4,56.2,counter,perforated_bag,78.7,0.86
Apple,25.8,39.5,counter,plastic_wrap,75.9,0.37
Apple,30.3,46.9,counter,unpackaged,78.8,0.33
Apple,18.8,66.1,pantry,sealed_container,59.4,0.58
Apple,2.2,81.2,fridge,unpackaged,88.2,21.21
Apple,6.2,82.5,fridge,unpackaged,71.1,12.95
Apple,24.0,43.0,counter,sealed_container,67.5,0.39
Apple,13.8,54.5,pantry,unpackaged,84.1,1.13
Apple,3.5,92.6,fridge,unpackaged,62.0,12.7
Apple,5.5,90.7,fridge,perforated_bag,93.9,27.71
Apple,23.1,47.9,counter,unpackaged,60.3,0.33
Apple,7.8,97.4,fridge,perforated_bag,92.6,17.96
Apple,3.1,89.6,fridge,perforated_bag,88.1,29.5
Apple,3.8,82.7,fridge,unpackaged,89.6,27.19
Apple,2.7,87.5,fridge,sealed_container,76.6,28.86
Apple,2.4,97.2,fridge,sealed_container,60.2,10.14
Apple,4.5,96.6,fridge,plastic_wrap,62.8,14.48
Apple,3.4,87.3,fridge,plastic_wrap,60.9,14.66
Apple,4.3,85.2,fridge,plastic_wrap,83.7,23.76
Apple,4.1,88.0,fridge,perforated_bag,88.9,31.29
Apple,8.2,98.5,fridge,perforated_bag,75.3,11.32
Apple,4.4,82.4,fridge,perforated_bag,88.3,24.86
Apple,17.0,56.1,counter,sealed_container,95.9,1.14
Apple,20.2,52.1,pantry,sealed_container,62.2,0.45
Apple,6.2,75.2,fridge,sealed_container,82.5,8.9
Apple,1.4,89.6,fridge,plastic_wrap,67.6,18.08
Apple,3.5,87.7,fridge,unpackaged,70.6,21.28
Apple,30.9,59.1,counter,perforated_bag,79.3,0.42
Apple,22.5,52.0,pantry,sealed_container,70.2,0.55
Apple,5.2,87.0,fridge,perforated_bag,81.8,26.47
Apple,22.2,39.3,pantry,perforated_bag,94.2,0.85
Apple,5.0,84.5,fridge,unpackaged,93.3,21.46
Apple,3.0,89.6,fridge,unpackaged,80.5,16.39
Apple,4.1,90.1,fridge,perforated_bag,77.9,17.65
Apple,26.4,26.0,counter,perforated_bag,83.0,0.61
Apple,22.4,65.7,pantry,unpackaged,90.8,0.72
Apple,2.7,87.3,fridge,plastic_wrap,63.0,20.16
Apple,3.8,95.4,fridge,unpackaged,79.9,17.03
Apple,22.5,55.1,pantry,perforated_bag,84.7,0.89
Apple,7.5,87.0,fridge,sealed_container,61.4,11.56
Apple,20.3,68.1,pantry,perforated_bag,70.5,0.7
Apple,4.7,90.6,fridge,sealed_container,86.6,17.7
Apple,24.2,39.3,counter,sealed_container,60.3,0.3
Apple,4.3,90.7,fridge,sealed_container,68.0,15.46
Apple,22.5,51.1,pantry,plastic_wrap,53.9,0.28
Apple,1.0,81.5,fridge,perforated_bag,67.9,14.5
Apple,5.1,86.6,fridge,unpackaged,84.2,23.62
Apple,2.8,94.8,fridge,sealed_container,82.2,20.03
Apple,1.8,83.6,fridge,unpackaged,84.5,30.52
Apple,21.2,44.6,pantry,plastic_wrap,54.7,0.33
Apple,22.8,48.9,pantry,sealed_container,95.9,0.65
Apple,19.4,58.3,pantry,unpackaged,62.9,0.6
Apple,1.8,93.3,fridge,plastic_wrap,93.0,36.95
Apple,4.5,97.8,fridge,perforated_bag,61.2,12.69
Apple,5.6,83.8,fridge,sealed_container,82.4,17.64
Apple,1.6,77.6,fridge,perforated_bag,71.4,15.08
Apple,6.9,93.5,fridge,unpackaged,80.3,14.67
Apple,20.6,61.2,pantry,perforated_bag,86.8,1.13
Apple,4.0,100.0,fridge,sealed_container,85.3,16.76
Apple,23.8,43.0,counter,perforated_bag,87.2,0.78
Apple,26.7,58.0,counter,sealed_container,69.8,0.35
Apple,5.4,78.8,fridge,unpackaged,50.7,2.9
Apple,29.5,55.7,counter,unpackaged,61.2,0.13
Apple,33.7,50.2,counter,perforated_bag,71.2,0.23
Apple,19.1,56.0,pantry,plastic_wrap,66.4,0.7
Apple,3.0,92.5,fridge,unpackaged,97.0,24.89
Apple,29.3,42.7,counter,perforated_bag,74.4,0.42
Apple,20.8,70.6,pantry,plastic_wrap,63.2,0.81
Apple,25.8,26.2,counter,unpackaged,77.8,0.48
Apple,2.8,79.6,fridge,plastic_wrap,88.6,22.14
Apple,19.2,53.4,pantry,perforated_bag,73.4,0.95
Apple,4.6,90.8,fridge,unpackaged,86.2,28.86
Apple,3.5,84.2,fridge,unpackaged,72.4,14.59
Apple,4.5,88.3,fridge,sealed_container,64.8,15.99
Apple,3.8,84.7,fridge,perforated_bag,71.0,15.93
Apple,4.4,83.5,fridge,plastic_wrap,82.3,16.52
Apple,23.7,52.5,pantry,perforated_bag,84.8,0.58
Apple,16.8,62.1,pantry,sealed_container,85.1,0.89
Apple,4.4,96.1,fridge,unpackaged,70.2,18.64
Apple,18.7,38.5,pantry,sealed_container,54.5,0.35
Apple,5.2,89.2,fridge,plastic_wrap,75.1,18.04
Apple,3.1,84.8,fridge,sealed_container,92.1,28.56
Apple,1.5,90.7,fridge,plastic_wrap,83.5,25.62
Apple,17.6,42.2,pantry,unpackaged,87.2,1.07
Apple,6.2,85.8,fridge,plastic_wrap,78.6,16.6
Apple,3.2,85.9,fridge,unpackaged,83.4,19.27
Apple,30.4,75.6,counter,sealed_container,81.0,0.9
Apple,3.7,82.4,fridge,plastic_wrap,58.7,12.21
Apple,22.1,75.5,pantry,perforated_bag,75.0,2.16
Apple,1.4,88.8,fridge,plastic_wrap,91.6,46.97
Apple,6.5,82.5,fridge,plastic_wrap,51.2,4.94
Apple,23.6,51.8,pantry,unpackaged,94.2,0.65
Apple,3.5,87.6,fridge,plastic_wrap,71.8,22.62
Apple,0.2,91.9,fridge,unpackaged,82.9,27.93
Apple,5.3,89.7,fridge,plastic_wrap,70.0,18.61
Apple,19.5,63.2,pantry,sealed_container,77.4,0.88
Apple,18.7,50.2,pantry,unpackaged,60.0,0.45
Apple,25.3,42.1,counter,perforated_bag,53.9,0.17
Apple,2.8,76.4,fridge,perforated_bag,76.6,14.11
Apple,3.6,82.8,fridge,unpackaged,74.1,18.87
Apple,17.3,60.6,pantry,plastic_wrap,75.3,0.99
Apple,2.4,87.9,fridge,plastic_wrap,78.4,21.98
Apple,5.0,86.2,fridge,plastic_wrap,68.9,19.38
Apple,1.8,83.4,fridge,sealed_container,67.4,17.76
Apple,19.4,31.6,counter,sealed_container,63.2,0.56
Apple,4.4,88.8,fridge,perforated_bag,65.4,20.13
Apple,0.6,93.0,fridge,unpackaged,81.0,20.53
Apple,5.4,97.0,fridge,perforated_bag,63.9,12.56
Apple,24.0,41.4,counter,perforated_bag,81.4,0.82
Apple,2.6,92.3,fridge,plastic_wrap,87.1,32.52
Apple,5.0,91.7,fridge,sealed_container,53.1,5.83
Apple,3.2,81.6,fridge,unpackaged,84.5,24.31
Apple,4.4,94.8,fridge,unpackaged,62.8,10.28
Apple,4.1,81.5,fridge,unpackaged,48.0,4.23
Apple,27.6,45.1,counter,perforated_bag,90.1,0.52
Apple,19.5,47.5,pantry,sealed_container,81.2,0.85
Apple,14.6,53.8,pantry,unpackaged,67.6,1.05
Apple,2.7,82.6,fridge,perforated_bag,74.5,23.31
Apple,23.3,53.7,pantry,perforated_bag,75.4,0.64
Apple,3.1,89.3,fridge,sealed_container,75.0,19.02
Apple,22.4,47.9,counter,plastic_wrap,94.4,0.78
Apple,2.3,77.4,fridge,unpackaged,85.2,15.7
Apple,3.8,94.1,fridge,perforated_bag,86.6,34.95
Apple,3.4,84.2,fridge,perforated_bag,87.1,26.54
Apple,6.8,86.3,fridge,unpackaged,73.8,17.52
Apple,24.5,49.4,counter,sealed_container,81.6,0.57
Apple,5.5,86.2,fridge,perforated_bag,65.8,15.9
Apple,4.0,89.7,fridge,plastic_wrap,83.8,18.4
Apple,20.1,27.7,counter,plastic_wrap,90.1,0.88
Apple,2.0,86.0,fridge,sealed_container,77.1,22.91
Apple,2.5,91.6,fridge,unpackaged,78.0,16.41
Apple,3.7,87.5,fridge,perforated_bag,89.9,32.25
Apple,19.6,30.9,counter,perforated_bag,62.4,0.73
Apple,0.2,79.5,fridge,unpackaged,81.8,19.25
Apple,4.1,86.4,fridge,unpackaged,80.9,17.82
Apple,1.7,89.9,fridge,sealed_container,85.9,28.57
Apple,3.1,98.3,fridge,unpackaged,59.9,10.67
Apple,21.0,49.8,counter,sealed_container,76.5,0.57
Apple,23.5,69.4,pantry,perforated_bag,68.4,0.56
Apple,2.7,88.6,fridge,perforated_bag,86.4,32.12
Apple,3.7,90.1,fridge,sealed_container,62.0,13.9
Apple,28.7,64.8,counter,plastic_wrap,64.0,0.28
Apple,3.9,92.7,fridge,plastic_wrap,91.7,32.6
Apple,23.6,57.9,pantry,unpackaged,79.2,0.55
Apple,25.5,20.0,counter,plastic_wrap,63.3,0.36
Apple,2.9,94.9,fridge,plastic_wrap,87.0,36.06
Apple,21.2,71.2,pantry,unpackaged,76.0,1.16
Apple,2.0,86.7,fridge,sealed_container,56.7,14.27
Apple,3.6,87.5,fridge,plastic_wrap,92.0,25.29
Apple,23.3,50.9,pantry,plastic_wrap,81.3,0.68
Apple,17.9,47.8,counter,unpackaged,88.7,1.12
Apple,4.5,86.5,fridge,perforated_bag,83.1,28.91
Apple,31.2,60.8,counter,plastic_wrap,80.2,0.34
Apple,4.2,92.1,fridge,plastic_wrap,82.7,21.99
Apple,5.0,88.0,fridge,sealed_container,83.3,19.37
Apple,21.1,42.7,pantry,unpackaged,65.9,0.44
Apple,19.8,32.7,counter,unpackaged,69.6,0.57
Apple,4.5,89.6,fridge,unpackaged,66.1,16.0
Apple,18.9,33.2,pantry,perforated_bag,82.1,1.22
Apple,24.8,39.0,counter,plastic_wrap,52.1,0.19
Apple,27.9,38.3,counter,unpackaged,89.0,0.35
Apple,5.0,88.5,fridge,sealed_container,72.1,14.32
Apple,26.2,33.5,counter,sealed_container,85.5,0.45
Apple,27.3,41.2,pantry,sealed_container,68.0,0.3
Apple,4.2,90.2,fridge,plastic_wrap,66.9,16.58
Apple,21.4,44.3,counter,plastic_wrap,72.2,0.67
Apple,23.7,42.6,counter,perforated_bag,74.3,0.44
Apple,4.3,94.6,fridge,unpackaged,81.9,18.0
Apple,25.0,43.2,counter,perforated_bag,69.4,0.47
Apple,15.8,39.6,pantry,sealed_container,64.7,0.73
Apple,4.0,92.0,fridge,sealed_container,97.4,32.14
Apple,4.7,92.9,fridge,perforated_bag,71.5,23.54
Apple,4.9,90.6,fridge,sealed_container,86.8,17.55
Apple,29.2,55.1,counter,plastic_wrap,85.6,0.38
Apple,3.6,88.5,fridge,perforated_bag,59.5,14.74
Apple,2.5,90.3,fridge,sealed_container,46.1,4.44
Apple,19.4,52.3,pantry,perforated_bag,64.2,0.63
Apple,20.4,41.8,counter,sealed_container,87.8,0.98
Apple,5.9,88.3,fridge,plastic_wrap,78.3,19.59
Apple,0.5,78.0,fridge,sealed_container,66.4,13.11
Apple,4.7,86.1,fridge,unpackaged,87.9,21.97
Apple,25.1,38.3,counter,unpackaged,76.4,0.44
Apple,29.9,20.0,counter,plastic_wrap,67.0,0.24
Apple,1.7,83.1,fridge,unpackaged,79.8,28.58
Apple,18.8,51.4,pantry,sealed_container,77.7,0.78
Apple,3.9,80.0,fridge,perforated_bag,80.1,19.4
Apple,4.6,81.4,fridge,plastic_wrap,83.6,20.71
Apple,1.9,86.4,fridge,perforated_bag,82.7,35.01
Apple,30.1,57.1,counter,sealed_container,56.4,0.19
Apple,2.2,83.4,fridge,sealed_container,66.7,13.53
Apple,3.3,90.1,fridge,unpackaged,89.3,23.57
Apple,2.7,99.4,fridge,unpackaged,69.1,15.72
Apple,3.7,84.4,fridge,perforated_bag,60.4,10.55
Apple,16.4,68.2,pantry,unpackaged,85.8,1.73
Apple,5.2,83.5,fridge,unpackaged,71.7,12.63
Apple,4.8,85.3,fridge,plastic_wrap,95.8,21.59
Apple,0.6,88.4,fridge,sealed_container,80.9,29.68
Apple,4.9,95.8,fridge,plastic_wrap,89.5,19.69
Apple,3.2,93.2,fridge,sealed_container,92.2,19.55
Apple,1.7,92.8,fridge,perforated_bag,80.3,28.26
Apple,17.8,48.7,pantry,sealed_container,73.9,1.01
Apple,5.5,88.5,fridge,plastic_wrap,66.7,14.51
Apple,19.7,46.6,pantry,sealed_container,81.3,0.85
Apple,6.2,86.1,fridge,sealed_container,92.1,18.19
Apple,3.1,96.1,fridge,sealed_container,52.6,9.56
Apple,15.9,54.6,counter,perforated_bag,48.5,0.38
Apple,4.0,98.0,fridge,sealed_container,69.4,12.78
Apple,13.6,57.6,pantry,perforated_bag,94.7,1.56
Apple,19.4,33.4,counter,sealed_container,73.7,0.49
Apple,27.0,42.0,counter,sealed_container,96.2,0.42
Apple,0.0,86.3,fridge,unpackaged,87.0,29.32
Apple,4.8,97.2,fridge,unpackaged,52.3,6.68
Apple,5.8,84.2,fridge,perforated_bag,73.8,13.53
Apple,5.5,89.5,fridge,perforated_bag,66.7,16.77
Apple,1.2,82.6,fridge,perforated_bag,74.8,27.24
Apple,25.9,52.9,counter,sealed_container,89.7,0.49
Apple,4.6,90.2,fridge,unpackaged,97.7,33.44
Apple,2.9,92.6,fridge,perforated_bag,91.1,32.67
Apple,18.8,49.2,counter,unpackaged,63.5,0.51
Apple,22.4,42.0,counter,sealed_container,76.3,0.63
Apple,27.4,40.4,counter,perforated_bag,94.6,0.69
Apple,27.8,26.8,counter,plastic_wrap,95.5,0.55
Apple,23.9,49.4,counter,plastic_wrap,79.6,0.61
Apple,28.9,20.0,counter,perforated_bag,76.7,0.37
Apple,4.1,94.2,fridge,perforated_bag,86.5,23.57
Apple,29.9,38.5,counter,unpackaged,63.6,0.14
Apple,26.4,42.8,counter,perforated_bag,95.7,0.75
Apple,3.7,85.5,fridge,sealed_container,65.7,16.28
Apple,26.6,44.9,counter,sealed_container,87.2,0.59
Apple,29.0,61.4,counter,unpackaged,59.1,0.23
Apple,5.5,88.1,fridge,plastic_wrap,79.5,22.09
Apple,4.3,83.4,fridge,sealed_container,75.9,18.96
Apple,22.2,52.3,pantry,sealed_container,60.4,0.27
Apple,3.9,85.8,fridge,unpackaged,97.9,21.16
Apple,3.0,89.8,fridge,perforated_bag,67.4,21.36
Apple,7.5,95.6,fridge,perforated_bag,90.8,18.59
Apple,4.8,87.5,fridge,perforated_bag,75.7,21.83
Apple,24.4,66.4,counter,sealed_container,83.2,0.6
Apple,20.6,50.5,counter,perforated_bag,78.4,0.68
Apple,1.9,79.2,fridge,sealed_container,62.0,12.82
Apple,13.2,53.1,pantry,perforated_bag,60.6,0.8
Apple,6.6,90.2,fridge,plastic_wrap,79.1,19.28
Apple,22.3,46.9,pantry,sealed_container,77.4,0.6
Apple,3.1,87.9,fridge,plastic_wrap,79.8,21.83
Apple,2.3,89.6,fridge,perforated_bag,87.6,28.68
Apple,21.5,60.9,counter,perforated_bag,64.7,0.54
Apple,0.8,87.8,fridge,unpackaged,69.5,22.4
Apple,5.3,78.0,fridge,plastic_wrap,67.8,10.27
Apple,29.2,41.2,counter,unpackaged,99.0,0.29
Apple,23.2,39.9,counter,sealed_container,76.8,0.61
Apple,0.8,91.1,fridge,plastic_wrap,80.4,37.56
Apple,32.0,33.5,counter,plastic_wrap,86.9,0.23
Apple,30.1,41.9,counter,unpackaged,74.7,0.26
Apple,19.3,37.2,pantry,plastic_wrap,80.0,0.97
Apple,1.6,84.4,fridge,perforated_bag,74.8,21.08
Apple,17.8,62.7,pantry,sealed_container,87.5,1.0
Apple,24.6,35.2,counter,sealed_container,67.8,0.34
Apple,24.6,53.8,counter,sealed_container,75.8,0.45
Apple,21.0,54.9,pantry,perforated_bag,66.7,0.62
Apple,0.7,89.7,fridge,sealed_container,66.4,20.76
Apple,21.2,43.6,counter,plastic_wrap,73.6,0.76
Apple,3.3,81.1,fridge,perforated_bag,89.3,24.12
Apple,21.1,59.5,pantry,perforated_bag,92.0,1.23
Apple,19.8,66.3,pantry,plastic_wrap,77.1,0.64
Apple,6.0,90.5,fridge,unpackaged,91.3,19.69
Apple,3.6,87.8,fridge,sealed_container,62.2,12.51
Apple,8.4,79.1,fridge,perforated_bag,53.8,5.46
Apple,22.3,66.8,pantry,plastic_wrap,91.7,0.98
Apple,30.4,49.5,counter,sealed_container,70.9,0.21
Apple,19.9,57.8,pantry,sealed_container,92.9,0.67
Apple,4.0,87.0,fridge,sealed_container,87.8,16.49
Apple,1.8,88.3,fridge,perforated_bag,78.3,36.67
Apple,3.0,85.5,fridge,sealed_container,85.3,22.6
Apple,1.6,89.9,fridge,unpackaged,94.3,36.17
Apple,33.5,31.8,counter,plastic_wrap,77.3,0.27
Apple,4.3,88.0,fridge,perforated_bag,70.0,18.3
Apple,1.6,88.7,fridge,sealed_container,86.2,22.3
Apple,21.1,47.7,pantry,plastic_wrap,52.3,0.23
Apple,18.4,67.3,pantry,plastic_wrap,72.7,0.86
Apple,3.8,92.4,fridge,unpackaged,55.6,7.68
Apple,21.9,30.0,counter,perforated_bag,86.5,1.12
Apple,4.3,82.4,fridge,perforated_bag,84.5,23.17
Apple,20.7,74.0,pantry,unpackaged,82.5,2.28
Apple,21.7,20.0,counter,plastic_wrap,80.7,0.72
Apple,24.5,38.0,counter,sealed_container,64.3,0.27
Apple,1.9,84.7,fridge,plastic_wrap,97.1,40.03
Apple,2.6,85.4,fridge,unpackaged,82.3,22.94
Apple,19.4,40.6,pantry,sealed_container,76.4,0.84
Apple,3.7,83.9,fridge,sealed_container,63.4,15.69
Apple,18.8,53.1,counter,plastic_wrap,89.1,1.0
Apple,18.5,63.9,pantry,plastic_wrap,91.4,1.04
Apple,5.6,91.1,fridge,perforated_bag,82.0,30.5
Apple,20.2,43.2,pantry,perforated_bag,83.8,0.81
Apple,3.8,81.9,fridge,perforated_bag,67.1,13.86
Apple,18.6,55.7,pantry,sealed_container,78.1,0.95
Apple,18.6,47.5,counter,plastic_wrap,81.4,1.2
Apple,4.1,75.8,fridge,perforated_bag,78.0,14.79
Apple,17.6,48.6,counter,sealed_container,66.8,0.51
Apple,4.4,86.5,fridge,perforated_bag,53.4,9.69
Apple,3.2,85.8,fridge,perforated_bag,82.1,29.77
Apple,18.8,55.9,pantry,unpackaged,91.2,0.98
Apple,22.9,35.5,pantry,unpackaged,67.2,0.44
Apple,4.3,85.7,fridge,sealed_container,97.2,26.98
Apple,13.7,62.7,pantry,sealed_container,66.2,1.06
Apple,26.7,55.3,counter,unpackaged,96.5,0.49
Apple,20.2,43.8,pantry,sealed_container,79.7,0.79
Apple,4.3,86.7,fridge,perforated_bag,72.1,19.17
Apple,5.3,80.5,fridge,perforated_bag,76.3,11.2
Apple,16.6,51.2,pantry,sealed_container,64.7,0.73
Apple,5.0,90.4,fridge,plastic_wrap,80.8,21.94
Apple,25.6,28.2,counter,unpackaged,76.2,0.5
Apple,25.2,46.9,counter,plastic_wrap,64.8,0.4
Apple,4.4,92.4,fridge,sealed_container,84.9,18.16
Apple,16.7,53.8,counter,perforated_bag,77.4,1.44
Apple,5.1,95.1,fridge,plastic_wrap,51.4,5.09
Apple,16.8,57.0,pantry,perforated_bag,87.5,1.5
Apple,2.8,82.3,fridge,perforated_bag,54.7,9.89
Apple,4.7,85.8,fridge,unpackaged,88.0,19.48
Apple,4.9,87.3,fridge,plastic_wrap,93.7,27.0
Apple,18.6,59.4,pantry,sealed_container,95.1,1.14
Apple,0.0,94.0,fridge,sealed_container,75.3,30.86
Apple,1.8,82.5,fridge,perforated_bag,85.1,20.68
Apple,3.9,82.0,fridge,sealed_container,85.2,21.36
Apple,1.4,86.0,fridge,sealed_container,93.1,37.38
Apple,6.4,87.8,fridge,unpackaged,68.1,11.28
Apple,24.4,30.3,counter,sealed_container,96.8,0.6
Apple,2.9,83.5,fridge,plastic_wrap,77.3,22.33
Apple,1.3,84.7,fridge,unpackaged,78.8,20.34
Apple,2.2,86.6,fridge,unpackaged,90.3,25.46
Apple,3.6,84.3,fridge,unpackaged,55.2,9.42
Apple,3.4,92.0,fridge,perforated_bag,69.8,22.61
Apple,16.0,62.7,pantry,perforated_bag,60.5,0.82
Apple,4.7,88.9,fridge,sealed_container,73.8,16.98
Apple,3.6,89.0,fridge,sealed_container,72.5,16.79
Apple,4.6,90.7,fridge,plastic_wrap,81.4,23.92
Apple,4.5,87.5,fridge,unpackaged,92.4,31.22
Apple,3.0,90.2,fridge,perforated_bag,72.2,28.88
Apple,2.3,93.9,fridge,unpackaged,71.7,15.95
Apple,26.6,44.9,counter,perforated_bag,69.2,0.39
Apple,4.9,90.4,fridge,sealed_container,78.2,16.88
Apple,3.9,81.3,fridge,unpackaged,69.8,9.26
Apple,3.3,94.5,fridge,plastic_wrap,65.3,18.79
Apple,4.2,91.7,fridge,perforated_bag,65.0,15.37
Apple,5.4,91.3,fridge,perforated_bag,84.7,22.23
Apple,2.5,91.3,fridge,plastic_wrap,90.9,27.35
Apple,2.2,93.8,fridge,unpackaged,67.9,19.2
Apple,22.0,23.3,counter,unpackaged,84.6,0.52
Apple,4.4,89.9,fridge,perforated_bag,79.3,24.5
Apple,19.9,60.3,pantry,perforated_bag,54.3,0.32
Apple,3.6,88.3,fridge,plastic_wrap,65.6,17.75
Apple,0.8,83.4,fridge,plastic_wrap,52.4,9.11
Apple,23.1,62.8,pantry,unpackaged,78.3,0.5
Apple,4.7,89.0,fridge,perforated_bag,90.7,32.81
Apple,22.4,63.7,pantry,sealed_container,92.4,0.53
Apple,25.0,24.4,counter,plastic_wrap,53.7,0.22
Apple,24.2,44.5,pantry,perforated_bag,59.7,0.37
Apple,4.7,92.6,fridge,plastic_wrap,74.4,19.14
Apple,24.4,47.6,counter,plastic_wrap,75.6,0.56
Apple,2.8,88.3,fridge,plastic_wrap,63.3,23.19
Apple,4.6,93.3,fridge,perforated_bag,68.8,24.42
Apple,21.0,47.0,pantry,unpackaged,79.0,0.74
Apple,29.0,43.9,counter,unpackaged,92.4,0.5
Apple,2.9,84.5,fridge,plastic_wrap,87.7,25.94
Apple,3.9,91.7,fridge,perforated_bag,61.2,13.59
Apple,26.4,49.0,counter,unpackaged,84.7,0.39
Apple,2.6,94.5,fridge,perforated_bag,77.6,29.28
Apple,8.2,79.5,fridge,perforated_bag,71.3,8.9
Apple,3.6,81.9,fridge,sealed_container,90.8,21.24
Apple,21.5,61.0,pantry,unpackaged,72.3,0.56
Apple,2.5,79.3,fridge,perforated_bag,89.9,23.42
Banana,7.0,90.7,fridge,plastic_wrap,56.5,0.84
Banana,4.3,78.7,fridge,plastic_wrap,69.0,1.06
Banana,2.8,85.3,fridge,sealed_container,73.9,2.22
Banana,22.8,39.5,counter,sealed_container,87.0,0.08
Banana,5.2,92.9,fridge,sealed_container,59.3,0.98
Banana,4.0,87.5,fridge,plastic_wrap,84.9,2.13
Banana,17.7,55.9,pantry,perforated_bag,89.6,0.15
Banana,4.9,98.9,fridge,sealed_container,82.8,1.6
Banana,2.1,95.9,fridge,plastic_wrap,59.3,1.48
Banana,17.3,52.0,pantry,unpackaged,95.2,0.11
Banana,22.8,59.9,pantry,perforated_bag,85.0,0.07
Banana,5.7,82.8,fridge,unpackaged,85.8,1.81
Banana,5.6,82.1,fridge,sealed_container,75.8,1.56
Banana,14.5,35.6,counter,perforated_bag,74.1,0.14
Banana,5.2,91.0,fridge,unpackaged,78.0,1.82
Banana,2.4,91.2,fridge,sealed_container,58.3,1.47
Banana,18.9,67.6,counter,unpackaged,78.1,0.1
Banana,5.7,89.4,fridge,perforated_bag,75.7,2.36
Banana,33.1,56.7,counter,perforated_bag,64.4,0.02
Banana,18.7,66.6,pantry,unpackaged,57.1,0.06
Banana,22.0,41.3,counter,sealed_container,89.0,0.05
Banana,4.6,85.5,fridge,unpackaged,77.8,1.88
Banana,25.0,54.9,counter,sealed_container,77.4,0.05
Banana,21.1,52.1,pantry,unpackaged,75.3,0.08
Banana,4.6,94.3,fridge,perforated_bag,68.5,1.33
Banana,0.7,95.3,fridge,plastic_wrap,62.2,2.24
Banana,17.8,48.1,counter,perforated_bag,55.2,0.06
Banana,27.3,57.6,counter,unpackaged,57.6,0.03
Banana,13.8,53.1,pantry,plastic_wrap,97.3,0.2
Banana,6.3,91.7,fridge,perforated_bag,81.2,2.54
Banana,20.6,43.1,pantry,unpackaged,80.0,0.08
Banana,6.4,95.8,fridge,unpackaged,95.4,1.83
Banana,7.8,95.4,fridge,plastic_wrap,79.1,1.36
Banana,19.6,42.1,counter,unpackaged,86.1,0.11
Banana,14.2,51.1,counter,unpackaged,82.3,0.14
Banana,27.2,26.6,counter,perforated_bag,71.6,0.05
Banana,17.6,53.0,counter,plastic_wrap,85.8,0.09
Banana,1.5,89.5,fridge,plastic_wrap,77.5,2.58
Banana,3.7,84.8,fridge,sealed_container,83.0,2.48
Banana,17.9,46.3,pantry,perforated_bag,59.9,0.07
Banana,0.4,85.3,fridge,plastic_wrap,81.1,2.46
Banana,23.3,68.6,pantry,unpackaged,81.1,0.05
Banana,0.5,78.7,fridge,plastic_wrap,73.5,1.55
Banana,5.7,98.5,fridge,perforated_bag,93.2,2.05
Banana,1.7,93.1,fridge,unpackaged,74.0,2.28
Banana,20.1,48.3,counter,sealed_container,55.6,0.04
Banana,26.3,33.3,counter,perforated_bag,87.8,0.08
Banana,3.3,91.8,fridge,unpackaged,88.1,2.49
Banana,4.8,83.9,fridge,unpackaged,82.6,2.1
Banana,1.2,78.4,fridge,perforated_bag,67.6,1.14
Banana,2.2,84.5,fridge,sealed_container,63.9,1.89
Banana,4.0,85.7,fridge,unpackaged,63.2,1.43
Banana,20.4,45.4,counter,perforated_bag,82.5,0.11
Banana,6.7,83.6,fridge,perforated_bag,86.6,1.99
Banana,3.8,88.5,fridge,unpackaged,72.3,1.95
Banana,21.2,54.2,counter,plastic_wrap,70.4,0.08
Banana,3.8,77.0,fridge,plastic_wrap,84.0,1.33
Banana,5.5,90.4,fridge,plastic_wrap,81.9,2.67
Banana,21.1,64.1,pantry,plastic_wrap,54.5,0.05
Banana,22.4,56.2,pantry,plastic_wrap,80.0,0.07
Banana,26.2,24.5,counter,plastic_wrap,89.2,0.06
Banana,31.6,53.2,counter,perforated_bag,47.9,0.01
Banana,3.2,93.7,fridge,unpackaged,86.2,2.58
Banana,23.1,46.3,pantry,plastic_wrap,59.0,0.04
Banana,25.9,49.9,counter,sealed_container,76.7,0.04
Banana,3.5,98.1,fridge,perforated_bag,67.6,1.74
Banana,3.8,85.8,fridge,perforated_bag,86.3,2.76
Banana,5.3,95.2,fridge,plastic_wrap,87.9,2.44
Banana,29.3,65.2,counter,perforated_bag,80.4,0.04
Banana,1.3,90.3,fridge,sealed_container,68.0,2.47
Banana,4.3,87.6,fridge,perforated_bag,75.7,2.12
Banana,6.1,83.0,fridge,perforated_bag,84.7,1.97
Banana,4.7,93.0,fridge,sealed_container,85.1,2.35
Banana,17.5,76.6,pantry,sealed_container,75.4,0.27
Banana,17.5,67.4,pantry,unpackaged,80.3,0.11
Banana,6.1,87.6,fridge,plastic_wrap,74.4,2.2
Banana,2.5,87.0,fridge,perforated_bag,80.6,2.36
Banana,18.2,51.1,pantry,unpackaged,77.2,0.08
Banana,5.4,84.1,fridge,perforated_bag,72.4,1.62
Banana,24.8,38.4,counter,perforated_bag,70.1,0.06
Banana,2.8,87.8,fridge,plastic_wrap,93.5,3.46
Banana,28.6,59.5,counter,perforated_bag,53.4,0.02
Banana,21.7,52.1,counter,unpackaged,87.6,0.07
Banana,3.8,96.2,fridge,plastic_wrap,64.4,1.58
Banana,19.8,22.2,counter,unpackaged,67.3,0.06
Banana,25.1,33.6,counter,sealed_container,78.6,0.05
Banana,2.9,86.3,fridge,plastic_wrap,86.7,3.04
Banana,3.6,87.9,fridge,perforated_bag,70.6,2.61
Banana,3.3,90.4,fridge,sealed_container,79.1,2.97
Banana,1.3,90.3,fridge,unpackaged,64.6,1.94
Banana,3.0,80.6,fridge,sealed_container,78.1,1.51
Banana,1.1,81.6,fridge,unpackaged,58.3,1.12
Banana,24.2,64.5,pantry,perforated_bag,79.0,0.07
Banana,27.4,31.7,counter,perforated_bag,57.6,0.03
Banana,3.7,90.0,fridge,sealed_container,63.9,1.56
Banana,26.8,44.1,counter,sealed_container,72.9,0.04
Banana,4.2,88.8,fridge,plastic_wrap,60.1,1.54
Banana,1.4,88.9,fridge,unpackaged,83.9,2.89
Banana,23.3,67.1,counter,perforated_bag,85.3,0.06
Banana,22.2,44.7,counter,unpackaged,72.9,0.05
Banana,27.4,68.9,pantry,perforated_bag,81.2,0.04
Banana,5.5,93.8,fridge,unpackaged,65.1,1.2
Banana,5.1,90.0,fridge,plastic_wrap,80.1,2.4
Banana,2.2,91.2,fridge,unpackaged,70.2,2.4
Banana,3.0,79.9,fridge,sealed_container,77.0,1.32
Banana,16.7,66.0,counter,perforated_bag,76.5,0.14
Banana,26.3,42.1,counter,sealed_container,69.4,0.05
Banana,3.3,90.3,fridge,perforated_bag,76.1,3.43
Banana,4.8,93.3,fridge,perforated_bag,86.2,2.78
Banana,3.1,85.8,fridge,unpackaged,71.6,1.85
Banana,21.9,58.2,counter,unpackaged,76.7,0.07
Banana,4.9,84.8,fridge,perforated_bag,75.2,2.39
Banana,2.5,83.7,fridge,unpackaged,82.0,1.57
Banana,1.9,84.8,fridge,unpackaged,69.6,1.79
Banana,4.0,85.3,fridge,unpackaged,79.8,2.25
Banana,1.7,89.5,fridge,unpackaged,93.0,2.88
Banana,3.8,97.2,fridge,perforated_bag,81.6,2.97
Banana,5.5,92.9,fridge,perforated_bag,82.0,2.65
Banana,4.8,89.2,fridge,plastic_wrap,73.9,2.08
Banana,26.3,53.8,counter,sealed_container,80.3,0.04
Banana,3.1,91.9,fridge,unpackaged,63.5,1.96
Banana,25.0,35.1,counter,plastic_wrap,99.3,0.07
Banana,3.5,83.6,fridge,unpackaged,83.8,1.82
Banana,2.4,81.7,fridge,perforated_bag,66.4,2.1
Banana,26.3,22.9,counter,perforated_bag,58.7,0.02
Banana,0.6,81.4,fridge,plastic_wrap,87.6,2.43
Banana,4.5,92.5,fridge,perforated_bag,94.1,3.26
Banana,4.8,88.7,fridge,sealed_container,91.5,2.41
Banana,4.6,87.5,fridge,plastic_wrap,91.6,2.57
Banana,19.2,56.7,counter,unpackaged,68.8,0.06
Banana,3.2,81.0,fridge,sealed_container,77.1,1.47
Banana,5.7,88.1,fridge,unpackaged,87.8,2.34
Banana,25.7,55.0,pantry,unpackaged,69.7,0.05
Banana,25.5,44.8,pantry,perforated_bag,56.6,0.03
Banana,2.1,84.8,fridge,sealed_container,71.1,2.22
Banana,2.0,86.4,fridge,sealed_container,66.5,2.15
Banana,5.6,84.2,fridge,plastic_wrap,85.5,2.54
Banana,17.7,71.4,pantry,unpackaged,58.2,0.06
Banana,3.8,89.1,fridge,plastic_wrap,69.8,2.36
Banana,19.3,54.1,counter,perforated_bag,67.7,0.08
Banana,13.6,44.8,pantry,unpackaged,62.6,0.09
Banana,18.9,44.7,counter,plastic_wrap,86.8,0.1
Banana,1.6,95.0,fridge,unpackaged,81.9,2.56
Banana,3.9,87.8,fridge,perforated_bag,92.1,3.42
Banana,2.8,87.4,fridge,perforated_bag,68.4,2.33
Banana,3.7,89.3,fridge,sealed_container,81.8,2.27
Banana,6.4,89.1,fridge,unpackaged,76.2,2.1
Banana,33.6,39.2,counter,perforated_bag,75.0,0.02
Banana,22.5,51.7,pantry,perforated_bag,87.7,0.11
Banana,22.9,39.4,counter,sealed_container,81.7,0.07
Banana,5.1,99.8,fridge,unpackaged,86.6,1.44
Banana,3.1,84.8,fridge,perforated_bag,79.7,2.82
Banana,21.9,20.5,counter,plastic_wrap,77.0,0.08
Banana,3.7,88.1,fridge,sealed_container,93.8,2.26
Banana,25.1,43.8,counter,unpackaged,72.0,0.04
Banana,4.7,88.7,fridge,perforated_bag,68.7,1.8
Banana,23.8,53.8,pantry,unpackaged,83.5,0.06
Banana,4.7,90.6,fridge,unpackaged,72.0,2.18
Banana,2.6,83.5,fridge,plastic_wrap,83.9,2.13
Banana,3.3,84.6,fridge,unpackaged,54.7,1.12
Banana,27.4,56.7,pantry,unpackaged,73.8,0.04
Banana,7.1,83.8,fridge,sealed_container,88.1,1.67
Banana,22.3,67.7,pantry,plastic_wrap,46.3,0.01
Banana,5.6,85.7,fridge,unpackaged,72.0,1.57
Banana,3.3,91.7,fridge,sealed_container,94.6,3.07
Banana,23.7,48.3,pantry,sealed_container,59.5,0.03
Banana,2.3,94.6,fridge,perforated_bag,84.5,3.5
Banana,18.4,62.8,pantry,perforated_bag,73.3,0.1
Banana,5.1,88.7,fridge,sealed_container,64.6,1.47
Banana,6.4,91.9,fridge,plastic_wrap,62.8,1.48
Banana,3.8,83.9,fridge,plastic_wrap,82.8,2.38
Banana,4.8,89.2,fridge,perforated_bag,92.5,3.15
Banana,21.1,49.4,counter,perforated_bag,75.3,0.08
Banana,3.2,82.4,fridge,sealed_container,72.8,1.85
Banana,25.9,53.1,pantry,sealed_container,72.9,0.04
Banana,3.4,89.9,fridge,perforated_bag,87.5,3.33
Banana,20.7,57.7,pantry,sealed_container,65.7,0.05
Banana,2.8,100.0,fridge,perforated_bag,78.8,1.46
Banana,3.9,90.7,fridge,unpackaged,73.0,1.79
Banana,20.5,37.6,counter,plastic_wrap,70.7,0.06
Banana,5.0,92.9,fridge,perforated_bag,77.2,1.73
Banana,4.3,91.1,fridge,sealed_container,54.1,0.82
Banana,2.9,90.8,fridge,unpackaged,58.2,1.15
Banana,3.5,81.2,fridge,unpackaged,67.4,1.07
Banana,16.5,53.8,pantry,sealed_container,81.2,0.11
Banana,18.7,49.3,pantry,sealed_container,77.6,0.08
Banana,4.6,86.3,fridge,plastic_wrap,69.6,2.12
Banana,4.1,87.7,fridge,unpackaged,75.4,1.7
Banana,4.7,81.4,fridge,perforated_bag,77.9,2.04
Banana,24.3,25.1,counter,perforated_bag,77.5,0.07
Banana,20.3,44.2,counter,sealed_container,84.8,0.09
Banana,3.3,95.5,fridge,sealed_container,57.5,1.24
Banana,26.2,58.2,counter,plastic_wrap,56.9,0.02
Banana,2.7,89.3,fridge,plastic_wrap,50.2,1.03
Banana,17.5,41.5,pantry,unpackaged,74.9,0.11
Banana,1.9,92.8,fridge,sealed_container,69.6,2.25
Banana,6.5,83.6,fridge,plastic_wrap,90.2,1.67
Banana,6.4,85.5,fridge,perforated_bag,63.6,0.96
Banana,3.5,83.9,fridge,unpackaged,86.3,2.13
Banana,1.1,82.3,fridge,perforated_bag,71.9,1.63
Banana,3.4,96.7,fridge,perforated_bag,83.3,3.03
Banana,5.5,81.2,fridge,perforated_bag,71.3,1.31
Banana,19.3,57.8,pantry,plastic_wrap,90.6,0.1
Banana,25.8,44.3,counter,plastic_wrap,75.6,0.05
Banana,32.2,56.3,counter,unpackaged,89.5,0.03
Banana,5.1,83.0,fridge,plastic_wrap,79.8,1.7
Banana,3.7,88.7,fridge,plastic_wrap,95.4,3.24
Banana,23.4,62.7,pantry,perforated_bag,60.6,0.04
Banana,22.3,64.1,pantry,plastic_wrap,91.3,0.09
Banana,23.0,45.2,counter,perforated_bag,78.4,0.05
Banana,20.2,52.2,pantry,perforated_bag,70.7,0.07
Banana,19.0,62.6,pantry,unpackaged,88.9,0.11
Banana,3.7,89.3,fridge,plastic_wrap,79.1,2.28
Banana,25.7,54.9,counter,unpackaged,80.2,0.04
Banana,21.5,38.7,counter,sealed_container,71.6,0.06
Banana,4.3,83.4,fridge,plastic_wrap,54.4,0.73
Banana,22.9,48.6,counter,perforated_bag,71.9,0.05
Banana,18.2,54.9,pantry,sealed_container,53.8,0.04
Banana,17.1,52.2,pantry,unpackaged,86.9,0.15
Banana,19.8,59.3,pantry,unpackaged,85.7,0.08
Banana,18.5,44.3,pantry,sealed_container,76.1,0.07
Banana,4.9,83.5,fridge,sealed_container,75.8,1.14
Banana,25.6,54.9,counter,plastic_wrap,84.4,0.05
Banana,5.1,96.4,fridge,plastic_wrap,66.4,1.41
Banana,15.9,46.6,counter,perforated_bag,84.7,0.16
Banana,5.4,88.7,fridge,sealed_container,80.4,2.02
Banana,23.2,45.2,pantry,perforated_bag,87.5,0.09
Banana,6.8,92.0,fridge,plastic_wrap,96.8,3.05
Banana,24.4,29.6,counter,sealed_container,79.6,0.05
Banana,6.9,97.9,fridge,unpackaged,73.9,1.14
Banana,5.7,86.4,fridge,plastic_wrap,77.6,1.85
Banana,1.6,91.5,fridge,sealed_container,84.4,3.37
Banana,2.7,89.2,fridge,unpackaged,90.4,3.34
Banana,18.3,29.2,counter,plastic_wrap,77.2,0.11
Banana,29.4,22.2,counter,plastic_wrap,79.9,0.03
Banana,5.6,90.8,fridge,sealed_container,78.1,2.08
Banana,19.3,66.4,pantry,perforated_bag,91.1,0.14
Banana,29.2,55.5,counter,perforated_bag,77.6,0.04
Banana,4.1,86.8,fridge,unpackaged,76.3,1.9
Banana,6.2,87.8,fridge,plastic_wrap,85.5,2.66
Banana,21.8,52.6,pantry,perforated_bag,91.6,0.08
Banana,6.5,87.1,fridge,perforated_bag,70.4,1.91
Banana,4.8,81.0,fridge,plastic_wrap,98.6,2.23
Banana,4.7,87.7,fridge,unpackaged,78.2,2.21
Banana,24.2,41.3,counter,unpackaged,65.9,0.05
Banana,16.0,39.6,pantry,unpackaged,90.5,0.16
Banana,23.9,58.5,pantry,sealed_container,94.6,0.08
Banana,5.3,83.9,fridge,plastic_wrap,83.3,2.15
Banana,25.6,41.8,counter,unpackaged,60.3,0.03
Banana,4.9,84.3,fridge,unpackaged,56.7,1.03
Banana,5.4,86.7,fridge,perforated_bag,53.2,1.06
Banana,5.1,88.6,fridge,plastic_wrap,72.8,1.97
Banana,6.5,91.6,fridge,sealed_container,71.1,1.69
Banana,5.2,89.8,fridge,unpackaged,75.3,1.85
Banana,1.2,89.7,fridge,plastic_wrap,83.7,2.88
Banana,7.1,88.4,fridge,sealed_container,73.9,1.59
Banana,2.5,89.0,fridge,unpackaged,86.9,2.89
Banana,6.7,90.2,fridge,plastic_wrap,55.8,1.27
Banana,3.1,79.1,fridge,unpackaged,59.4,1.01
Banana,29.8,45.8,counter,unpackaged,54.3,0.01
Banana,5.2,87.8,fridge,sealed_container,70.7,1.51
Banana,1.2,92.3,fridge,plastic_wrap,83.8,3.13
Banana,3.6,89.6,fridge,sealed_container,85.2,3.01
Banana,26.1,55.5,pantry,plastic_wrap,89.0,0.07
Banana,22.2,66.9,pantry,perforated_bag,82.5,0.08
Banana,22.9,61.0,counter,plastic_wrap,87.1,0.06
Banana,6.5,87.5,fridge,perforated_bag,91.2,2.03
Banana,3.4,94.8,fridge,sealed_container,68.7,2.04
Banana,22.6,62.2,pantry,plastic_wrap,89.1,0.08
Banana,2.6,88.0,fridge,unpackaged,89.9,3.12
Banana,4.5,87.2,fridge,sealed_container,85.7,1.94
Banana,4.2,90.4,fridge,plastic_wrap,92.3,3.35
Banana,18.6,68.7,counter,plastic_wrap,56.3,0.05
Banana,3.1,90.8,fridge,unpackaged,82.2,2.39
Banana,25.1,30.4,counter,plastic_wrap,77.9,0.07
Banana,3.9,78.3,fridge,sealed_container,58.7,0.77
Banana,21.2,43.0,counter,perforated_bag,94.3,0.11
Banana,2.9,84.1,fridge,sealed_container,71.7,1.74
Banana,4.9,87.3,fridge,perforated_bag,86.5,3.08
Banana,4.1,84.1,fridge,perforated_bag,71.2,2.19
Banana,4.7,89.4,fridge,sealed_container,92.7,2.98
Banana,3.8,94.9,fridge,perforated_bag,56.6,1.4
Banana,4.4,84.3,fridge,unpackaged,88.5,2.02
Banana,18.7,50.1,pantry,perforated_bag,84.9,0.11
Banana,1.6,84.2,fridge,perforated_bag,77.4,3.69
Banana,1.5,92.5,fridge,perforated_bag,76.1,3.83
Banana,3.1,87.1,fridge,plastic_wrap,82.6,2.64
Banana,19.6,42.3,pantry,perforated_bag,84.4,0.08
Banana,5.1,89.5,fridge,sealed_container,74.3,2.17
Banana,4.7,92.6,fridge,plastic_wrap,84.4,2.39
Banana,4.6,90.7,fridge,unpackaged,93.5,2.26
Banana,3.9,78.6,fridge,plastic_wrap,77.1,0.94
Banana,6.0,97.1,fridge,perforated_bag,75.1,1.67
Banana,22.0,39.3,counter,sealed_container,84.7,0.07
Banana,15.6,53.3,pantry,perforated_bag,88.9,0.19
Banana,3.5,84.3,fridge,sealed_container,78.7,2.08
Banana,13.5,35.0,counter,unpackaged,62.1,0.1
Banana,3.5,85.4,fridge,plastic_wrap,79.2,2.82
Banana,23.7,47.2,counter,perforated_bag,78.5,0.08
Banana,23.7,42.5,counter,sealed_container,70.9,0.04
Banana,4.3,89.2,fridge,plastic_wrap,89.5,3.81
Banana,20.9,62.2,counter,unpackaged,79.4,0.08
Banana,3.5,87.2,fridge,sealed_container,78.5,2.34
Banana,4.1,76.3,fridge,perforated_bag,82.8,1.5
Banana,2.8,91.0,fridge,sealed_container,81.6,2.49
Banana,16.5,31.2,counter,unpackaged,89.9,0.12
Banana,2.2,91.6,fridge,sealed_container,57.3,1.03
Banana,25.7,65.0,counter,perforated_bag,74.5,0.06
Banana,2.5,85.5,fridge,sealed_container,59.1,1.43
Banana,4.5,81.5,fridge,plastic_wrap,62.9,1.05
Banana,4.5,94.2,fridge,sealed_container,62.5,1.11
Banana,19.2,47.7,pantry,unpackaged,80.8,0.07
Banana,2.4,91.1,fridge,unpackaged,97.2,4.24
Banana,25.3,52.7,counter,plastic_wrap,71.7,0.04
Banana,1.6,100.0,fridge,perforated_bag,64.9,1.27
Banana,6.0,100.0,fridge,plastic_wrap,79.4,1.04
Banana,3.6,86.4,fridge,unpackaged,69.1,1.84
Banana,22.7,31.8,counter,perforated_bag,79.7,0.08
Banana,5.2,80.9,fridge,sealed_container,65.6,0.82
Banana,25.4,58.2,counter,unpackaged,82.9,0.05
Banana,4.7,88.3,fridge,unpackaged,82.5,2.09
Banana,4.3,91.5,fridge,plastic_wrap,88.8,2.87
Banana,16.1,44.3,counter,perforated_bag,92.1,0.22
Banana,3.4,88.1,fridge,unpackaged,84.7,2.26
Banana,18.1,46.7,pantry,perforated_bag,88.9,0.14
Banana,23.0,35.4,counter,sealed_container,94.8,0.06
Banana,2.4,80.2,fridge,unpackaged,69.9,1.63
Banana,25.2,48.8,counter,sealed_container,82.7,0.06
Banana,4.5,86.7,fridge,plastic_wrap,80.5,2.1
Banana,2.3,90.2,fridge,perforated_bag,85.1,3.11
Banana,2.4,86.5,fridge,unpackaged,57.7,1.17
Banana,3.6,84.8,fridge,perforated_bag,65.3,1.87
Banana,4.4,99.2,fridge,plastic_wrap,91.2,1.86
Banana,17.5,66.7,pantry,perforated_bag,91.3,0.15
Banana,25.2,56.7,pantry,plastic_wrap,71.6,0.05
Banana,20.0,57.0,pantry,perforated_bag,69.3,0.06
Banana,20.5,33.4,counter,perforated_bag,87.1,0.1
Banana,2.2,85.7,fridge,sealed_container,78.8,2.64
Banana,20.5,77.0,pantry,sealed_container,75.7,0.19
Banana,3.8,87.8,fridge,perforated_bag,89.1,2.8
Banana,19.5,49.3,pantry,sealed_container,74.0,0.08
Banana,4.6,85.3,fridge,unpackaged,75.9,1.88
Banana,3.4,92.3,fridge,plastic_wrap,80.7,2.67
Banana,28.3,37.2,counter,plastic_wrap,66.4,0.03
Banana,2.8,87.6,fridge,unpackaged,68.4,1.85
Banana,3.8,95.1,fridge,perforated_bag,94.4,2.77
Banana,22.1,40.3,counter,unpackaged,81.7,0.08
Banana,18.9,65.3,pantry,perforated_bag,61.7,0.06
Banana,3.3,91.8,fridge,perforated_bag,62.2,1.67
Banana,4.8,79.2,fridge,unpackaged,79.9,1.31
Banana,3.7,90.8,fridge,unpackaged,64.6,2.06
Banana,5.2,75.9,fridge,sealed_container,81.8,0.96
Banana,21.7,60.6,pantry,perforated_bag,66.1,0.05
Banana,5.7,92.9,fridge,plastic_wrap,80.3,1.92
Banana,22.2,45.0,pantry,plastic_wrap,65.0,0.05
Banana,3.5,86.9,fridge,perforated_bag,89.8,3.79
Banana,4.5,87.6,fridge,perforated_bag,53.5,1.33
Banana,17.0,58.1,pantry,sealed_container,74.1,0.12
Banana,18.9,69.2,pantry,unpackaged,78.5,0.11
Banana,1.4,86.0,fridge,plastic_wrap,65.8,2.32
Banana,3.0,85.2,fridge,plastic_wrap,88.7,3.4
Banana,2.0,81.4,fridge,perforated_bag,69.8,1.5
Banana,25.2,31.3,counter,sealed_container,78.6,0.05
Banana,26.4,45.9,counter,perforated_bag,98.8,0.06
Banana,19.7,38.9,counter,sealed_container,74.8,0.05
Banana,5.8,88.4,fridge,unpackaged,73.0,2.14
Banana,4.6,90.0,fridge,sealed_container,66.8,2.1
Banana,22.5,60.8,pantry,sealed_container,57.8,0.04
Banana,25.1,25.3,counter,unpackaged,79.2,0.04
Banana,4.8,98.6,fridge,perforated_bag,72.8,1.51
Banana,5.3,93.6,fridge,sealed_container,82.2,2.07
Banana,19.6,53.8,pantry,sealed_container,81.9,0.1
Banana,25.2,51.1,pantry,perforated_bag,79.8,0.08
Banana,3.0,90.1,fridge,sealed_container,56.4,1.62
Banana,27.6,58.9,counter,perforated_bag,57.2,0.03
Banana,26.4,47.5,counter,sealed_container,52.4,0.02
Banana,24.1,34.8,counter,perforated_bag,93.6,0.09
Banana,24.9,51.0,counter,perforated_bag,65.1,0.05
Banana,18.7,59.8,pantry,unpackaged,93.7,0.12
Banana,5.7,95.6,fridge,perforated_bag,79.5,2.16
Banana,22.1,55.4,counter,sealed_container,63.0,0.04
Banana,5.7,87.1,fridge,perforated_bag,64.1,1.32
Banana,6.8,90.0,fridge,perforated_bag,52.6,0.84
Banana,2.6,95.0,fridge,sealed_container,88.6,2.96
Banana,3.4,96.5,fridge,unpackaged,66.0,1.38
Banana,3.3,80.1,fridge,perforated_bag,76.1,2.05
Banana,21.4,52.4,pantry,perforated_bag,85.5,0.09
Banana,5.6,84.4,fridge,sealed_container,91.8,2.03
Banana,25.0,70.1,counter,perforated_bag,85.4,0.07
Banana,4.1,89.2,fridge,unpackaged,47.2,0.53
Banana,3.2,83.3,fridge,unpackaged,81.1,2.02
Banana,4.2,83.3,fridge,unpackaged,53.1,0.85
Banana,26.3,23.7,counter,perforated_bag,80.3,0.07
Banana,4.9,83.7,fridge,perforated_bag,54.5,0.89
Banana,23.0,20.5,counter,sealed_container,74.0,0.05
Banana,4.5,83.5,fridge,plastic_wrap,95.3,2.68
Banana,19.4,43.5,pantry,perforated_bag,80.8,0.09
Banana,27.4,40.6,counter,unpackaged,71.8,0.04
Banana,4.5,86.2,fridge,plastic_wrap,97.4,3.4
Banana,23.3,43.4,counter,perforated_bag,54.4,0.02
Bellpepper,16.6,72.7,pantry,perforated_bag,95.0,0.26
Bellpepper,18.6,41.8,pantry,sealed_container,89.4,0.2
Bellpepper,17.9,62.2,pantry,sealed_container,79.0,0.18
Bellpepper,30.4,47.2,counter,perforated_bag,73.0,0.04
Bellpepper,2.3,89.3,fridge,plastic_wrap,76.6,3.24
Bellpepper,3.9,85.7,fridge,unpackaged,75.1,3.11
Bellpepper,23.8,49.7,pantry,sealed_container,89.9,0.09
Bellpepper,3.8,91.7,fridge,perforated_bag,70.6,3.04
Bellpepper,5.9,89.6,fridge,sealed_container,88.9,4.66
Bellpepper,1.9,84.5,fridge,sealed_container,67.7,3.6
Bellpepper,15.8,53.1,pantry,sealed_container,78.3,0.15
Bellpepper,21.1,74.1,pantry,plastic_wrap,55.3,0.09
Bellpepper,18.4,33.5,counter,perforated_bag,95.9,0.19
Bellpepper,20.3,44.2,pantry,plastic_wrap,83.8,0.13
Bellpepper,20.0,47.3,pantry,sealed_container,84.9,0.16
Bellpepper,27.4,48.8,pantry,sealed_container,69.6,0.05
Bellpepper,4.6,87.7,fridge,unpackaged,79.9,3.21
Bellpepper,4.0,86.4,fridge,unpackaged,73.3,2.18
Bellpepper,2.9,96.9,fridge,sealed_container,57.9,2.04
Bellpepper,18.5,62.6,pantry,plastic_wrap,83.5,0.15
Bellpepper,4.6,89.1,fridge,unpackaged,67.8,2.71
Bellpepper,21.3,51.8,pantry,sealed_container,95.7,0.14
Bellpepper,2.5,89.6,fridge,plastic_wrap,92.0,3.34
Bellpepper,18.5,40.1,pantry,perforated_bag,89.1,0.14
Bellpepper,2.9,96.0,fridge,plastic_wrap,83.5,2.93
Bellpepper,3.6,87.2,fridge,plastic_wrap,79.8,3.06
Bellpepper,5.4,92.0,fridge,sealed_container,90.9,3.07
Bellpepper,22.4,44.4,pantry,perforated_bag,65.7,0.07
Bellpepper,5.6,82.1,fridge,perforated_bag,82.8,2.25
Bellpepper,5.4,89.5,fridge,plastic_wrap,67.0,1.77
Bellpepper,4.5,83.4,fridge,plastic_wrap,97.9,3.8
Bellpepper,4.4,78.7,fridge,plastic_wrap,88.7,2.21
Bellpepper,0.0,94.2,fridge,plastic_wrap,60.4,3.13
Bellpepper,3.0,89.8,fridge,sealed_container,76.6,5.24
Bellpepper,4.7,92.0,fridge,sealed_container,89.8,4.19
Bellpepper,2.9,89.6,fridge,plastic_wrap,69.9,3.33
Bellpepper,0.0,88.9,fridge,perforated_bag,89.8,5.48
Bellpepper,3.8,96.2,fridge,unpackaged,98.4,2.62
Bellpepper,4.7,93.2,fridge,sealed_container,77.2,2.43
Bellpepper,22.3,51.5,pantry,perforated_bag,83.4,0.12
Bellpepper,3.6,90.3,fridge,plastic_wrap,76.3,2.51
Bellpepper,3.7,92.2,fridge,sealed_container,58.8,2.35
Bellpepper,5.1,92.3,fridge,plastic_wrap,80.3,3.61
Bellpepper,5.1,88.2,fridge,sealed_container,63.1,2.59
Bellpepper,4.3,82.7,fridge,sealed_container,72.2,2.43
Bellpepper,7.0,85.9,fridge,unpackaged,71.4,1.62
Bellpepper,0.0,83.0,fridge,plastic_wrap,83.7,3.49
Bellpepper,4.1,92.2,fridge,perforated_bag,67.3,2.9
Bellpepper,5.2,84.5,fridge,perforated_bag,81.8,2.31
Bellpepper,2.2,89.6,fridge,plastic_wrap,73.3,2.5
Bellpepper,22.1,37.7,counter,perforated_bag,57.0,0.06
Bellpepper,3.9,83.8,fridge,sealed_container,78.4,2.92
Bellpepper,3.6,83.3,fridge,perforated_bag,84.5,3.14
Bellpepper,3.9,83.7,fridge,unpackaged,48.7,0.64
Bellpepper,1.6,86.2,fridge,sealed_container,71.1,5.12
Bellpepper,29.2,54.5,counter,perforated_bag,89.6,0.06
Bellpepper,19.7,50.5,pantry,plastic_wrap,51.1,0.05
Bellpepper,25.5,54.6,counter,plastic_wrap,65.3,0.04
Bellpepper,24.4,37.5,counter,unpackaged,55.1,0.03
Bellpepper,18.0,42.7,counter,unpackaged,81.2,0.15
Bellpepper,4.4,84.3,fridge,sealed_container,93.0,4.51
Bellpepper,5.6,88.0,fridge,perforated_bag,79.5,2.94
Bellpepper,20.8,62.3,pantry,plastic_wrap,75.1,0.1
Bellpepper,4.8,90.1,fridge,perforated_bag,91.3,4.87
Bellpepper,3.1,96.2,fridge,unpackaged,88.0,3.22
Bellpepper,0.0,83.5,fridge,plastic_wrap,90.0,4.49
Bellpepper,5.7,86.4,fridge,unpackaged,62.4,1.48
Bellpepper,3.6,99.2,fridge,plastic_wrap,85.1,2.43
Bellpepper,2.8,92.5,fridge,perforated_bag,82.2,4.07
Bellpepper,3.8,87.6,fridge,plastic_wrap,69.4,2.83
Bellpepper,16.3,44.5,pantry,plastic_wrap,76.2,0.16
Bellpepper,1.9,96.9,fridge,unpackaged,80.9,3.02
Bellpepper,2.5,85.3,fridge,plastic_wrap,73.3,3.25
Bellpepper,5.8,89.8,fridge,plastic_wrap,89.2,3.96
Bellpepper,6.4,89.0,fridge,perforated_bag,67.2,2.15
Bellpepper,3.6,91.6,fridge,sealed_container,77.5,3.2
Bellpepper,4.0,86.3,fridge,perforated_bag,70.2,2.98
Bellpepper,17.8,29.2,counter,plastic_wrap,90.0,0.22
Bellpepper,14.8,23.9,pantry,unpackaged,74.2,0.18
Bellpepper,4.5,92.2,fridge,plastic_wrap,91.9,3.63
Bellpepper,4.6,90.7,fridge,perforated_bag,77.3,3.16
Bellpepper,7.0,85.0,fridge,sealed_container,70.1,2.2
Bellpepper,18.8,54.8,pantry,plastic_wrap,63.4,0.06
Bellpepper,19.6,60.8,pantry,perforated_bag,89.2,0.15
Bellpepper,6.2,85.1,fridge,perforated_bag,81.2,2.61
Bellpepper,23.9,36.1,pantry,sealed_container,85.4,0.08
Bellpepper,20.8,25.6,counter,plastic_wrap,68.1,0.07
Bellpepper,21.2,56.9,pantry,sealed_container,77.7,0.09
Bellpepper,3.9,92.3,fridge,unpackaged,53.3,1.09
Bellpepper,19.0,53.0,pantry,plastic_wrap,89.8,0.11
Bellpepper,5.8,80.7,fridge,sealed_container,91.6,2.58
Bellpepper,4.9,91.3,fridge,sealed_container,71.0,2.69
Bellpepper,17.3,51.7,pantry,plastic_wrap,48.9,0.04
Bellpepper,15.9,43.0,pantry,unpackaged,67.2,0.11
Bellpepper,4.9,90.6,fridge,plastic_wrap,83.2,3.53
Bellpepper,3.6,90.2,fridge,unpackaged,86.3,3.61
Bellpepper,19.5,66.8,pantry,perforated_bag,66.2,0.08
Bellpepper,2.7,87.5,fridge,perforated_bag,77.7,4.7
Bellpepper,3.3,77.6,fridge,perforated_bag,82.2,1.99
Bellpepper,23.7,62.9,pantry,sealed_container,81.1,0.09
Bellpepper,2.8,90.5,fridge,sealed_container,81.8,5.52
Bellpepper,17.1,44.4,counter,perforated_bag,86.0,0.22
Bellpepper,5.2,88.9,fridge,plastic_wrap,99.0,4.72
Bellpepper,25.3,62.9,counter,unpackaged,67.3,0.05
Bellpepper,6.6,90.7,fridge,perforated_bag,79.8,3.08
Bellpepper,22.1,45.5,pantry,plastic_wrap,63.8,0.06
Bellpepper,2.9,87.2,fridge,sealed_container,73.0,3.99
Bellpepper,5.3,93.6,fridge,perforated_bag,76.6,2.92
Bellpepper,28.5,69.8,counter,plastic_wrap,72.7,0.05
Bellpepper,3.0,91.1,fridge,unpackaged,55.7,1.45
Bellpepper,4.2,86.0,fridge,perforated_bag,70.3,2.93
Bellpepper,15.8,64.9,pantry,sealed_container,97.9,0.25
Bellpepper,20.4,60.6,pantry,sealed_container,80.2,0.15
Bellpepper,1.4,97.5,fridge,sealed_container,76.5,3.88
Bellpepper,4.4,85.5,fridge,plastic_wrap,81.7,3.09
Bellpepper,21.3,50.1,counter,unpackaged,81.4,0.09
Bellpepper,4.1,83.5,fridge,perforated_bag,75.8,2.52
Bellpepper,4.4,80.0,fridge,plastic_wrap,66.7,1.61
Bellpepper,25.2,54.4,counter,perforated_bag,77.4,0.1
Bellpepper,3.4,83.3,fridge,unpackaged,88.6,2.42
Bellpepper,2.8,93.5,fridge,plastic_wrap,88.3,3.9
Bellpepper,3.8,87.1,fridge,plastic_wrap,83.1,2.57
Bellpepper,5.2,94.3,fridge,plastic_wrap,71.7,1.86
Bellpepper,2.8,79.7,fridge,unpackaged,92.9,2.42
Bellpepper,4.6,79.0,fridge,perforated_bag,85.5,2.43
Bellpepper,20.0,65.2,pantry,plastic_wrap,55.2,0.06
Bellpepper,2.9,88.2,fridge,unpackaged,79.1,3.05
Bellpepper,4.1,82.8,fridge,perforated_bag,55.9,1.2
Bellpepper,3.6,89.8,fridge,plastic_wrap,81.6,3.35
Bellpepper,3.3,87.8,fridge,perforated_bag,95.4,4.73
Bellpepper,4.1,90.1,fridge,sealed_container,64.5,2.51
Bellpepper,3.0,88.5,fridge,plastic_wrap,55.7,1.99
Bellpepper,2.5,84.3,fridge,sealed_container,94.5,5.16
Bellpepper,2.0,88.0,fridge,unpackaged,54.1,1.5
Bellpepper,7.5,83.3,fridge,sealed_container,60.0,1.72
Bellpepper,3.8,88.2,fridge,unpackaged,65.6,2.45
Bellpepper,23.0,52.3,counter,plastic_wrap,84.6,0.1
Bellpepper,6.5,90.9,fridge,plastic_wrap,80.3,2.69
Bellpepper,5.0,88.9,fridge,sealed_container,82.9,3.85
Bellpepper,6.2,90.4,fridge,plastic_wrap,77.5,2.81
Bellpepper,2.6,88.1,fridge,perforated_bag,81.4,3.98
Bellpepper,4.6,90.3,fridge,sealed_container,80.9,4.19
Bellpepper,12.5,39.2,counter,perforated_bag,89.6,0.31
Bellpepper,2.9,88.0,fridge,plastic_wrap,88.0,5.36
Bellpepper,4.1,94.8,fridge,sealed_container,64.8,2.27
Bellpepper,21.5,20.0,counter,perforated_bag,73.9,0.08
Bellpepper,4.3,83.5,fridge,sealed_container,81.6,2.77
Bellpepper,7.3,91.6,fridge,plastic_wrap,86.0,2.61
Bellpepper,32.2,42.7,counter,sealed_container,79.9,0.03
Bellpepper,18.0,54.2,pantry,unpackaged,82.3,0.17
Bellpepper,4.3,91.1,fridge,sealed_container,72.6,3.44
Bellpepper,4.2,90.6,fridge,plastic_wrap,91.8,4.45
Bellpepper,5.4,88.4,fridge,sealed_container,54.5,1.53
Bellpepper,3.3,83.3,fridge,sealed_container,76.0,2.43
Bellpepper,15.6,45.0,pantry,plastic_wrap,73.1,0.17
Bellpepper,18.4,50.6,pantry,unpackaged,69.7,0.09
Bellpepper,5.8,92.4,fridge,sealed_container,57.4,1.23
Bellpepper,21.2,65.1,pantry,plastic_wrap,91.5,0.13
Bellpepper,21.1,51.9,pantry,plastic_wrap,81.2,0.1
Bellpepper,3.1,86.8,fridge,sealed_container,58.0,2.39
Bellpepper,23.3,55.2,counter,unpackaged,86.7,0.1
Bellpepper,4.2,100.0,fridge,plastic_wrap,81.3,2.22
Bellpepper,19.7,69.3,pantry,unpackaged,88.1,0.14
Bellpepper,21.5,42.6,pantry,unpackaged,67.9,0.07
Bellpepper,5.4,90.5,fridge,plastic_wrap,80.2,3.03
Bellpepper,16.0,53.9,counter,sealed_container,75.1,0.21
Bellpepper,3.1,91.0,fridge,perforated_bag,66.0,3.02
Bellpepper,3.3,97.9,fridge,perforated_bag,72.9,2.7
Bellpepper,5.4,89.5,fridge,unpackaged,72.0,2.0
Bellpepper,25.3,59.8,pantry,sealed_container,94.3,0.11
Bellpepper,4.2,95.3,fridge,sealed_container,48.7,1.08
Bellpepper,17.7,46.9,pantry,sealed_container,92.3,0.25
Bellpepper,6.7,88.7,fridge,plastic_wrap,85.1,3.25
Bellpepper,19.9,50.9,counter,plastic_wrap,63.5,0.08
Bellpepper,27.0,61.0,counter,plastic_wrap,69.4,0.06
Bellpepper,3.0,83.8,fridge,sealed_container,48.6,1.29
Bellpepper,17.6,60.3,pantry,perforated_bag,64.8,0.12
Bellpepper,6.5,93.5,fridge,perforated_bag,60.6,1.89
Bellpepper,20.9,66.3,pantry,unpackaged,62.6,0.06
Bellpepper,3.9,84.7,fridge,sealed_container,93.2,5.31
Bellpepper,19.9,49.4,pantry,unpackaged,80.5,0.09
Bellpepper,5.3,78.3,fridge,plastic_wrap,90.2,1.71
Bellpepper,22.0,46.7,counter,perforated_bag,71.2,0.09
Bellpepper,3.2,97.1,fridge,perforated_bag,68.5,3.12
Bellpepper,4.5,87.7,fridge,sealed_container,78.4,4.2
Bellpepper,19.1,52.5,pantry,unpackaged,86.7,0.15
Bellpepper,3.0,89.9,fridge,perforated_bag,60.6,2.02
Bellpepper,2.6,86.7,fridge,plastic_wrap,80.4,2.96
Bellpepper,3.0,83.9,fridge,unpackaged,91.6,3.49
Bellpepper,4.9,93.9,fridge,plastic_wrap,72.5,3.01
Bellpepper,5.1,81.4,fridge,plastic_wrap,70.6,2.09
Bellpepper,4.0,82.6,fridge,sealed_container,79.8,3.43
Bellpepper,3.2,92.6,fridge,unpackaged,82.0,3.56
Bellpepper,3.6,81.9,fridge,sealed_container,72.8,2.17
Bellpepper,19.9,62.2,pantry,perforated_bag,83.4,0.14
Bellpepper,33.1,26.9,counter,plastic_wrap,64.6,0.02
Bellpepper,2.6,84.6,fridge,perforated_bag,90.0,4.57
Bellpepper,4.0,81.4,fridge,unpackaged,71.8,1.74
Bellpepper,21.2,25.8,counter,perforated_bag,84.2,0.13
Bellpepper,2.7,96.8,fridge,sealed_container,93.6,4.0
Bellpepper,1.2,94.4,fridge,plastic_wrap,86.9,4.95
Bellpepper,2.4,87.3,fridge,plastic_wrap,91.6,4.98
Bellpepper,6.2,89.9,fridge,plastic_wrap,90.8,3.12
Bellpepper,3.4,89.3,fridge,unpackaged,81.3,2.83
Bellpepper,22.7,45.1,pantry,sealed_container,82.9,0.12
Bellpepper,5.2,92.0,fridge,plastic_wrap,81.5,2.8
Bellpepper,2.9,86.7,fridge,unpackaged,49.8,0.92
Bellpepper,21.1,49.0,pantry,perforated_bag,70.8,0.11
Bellpepper,3.3,76.9,fridge,sealed_container,83.4,1.98
Bellpepper,18.5,42.7,pantry,unpackaged,74.3,0.11
Bellpepper,20.0,39.6,pantry,sealed_container,75.9,0.12
Bellpepper,29.7,54.7,counter,unpackaged,73.2,0.04
Bellpepper,2.8,92.2,fridge,unpackaged,85.5,3.86
Bellpepper,3.7,87.8,fridge,unpackaged,66.5,2.44
Bellpepper,4.2,89.8,fridge,perforated_bag,81.8,2.67
Bellpepper,2.2,88.7,fridge,sealed_container,91.1,6.19
Bellpepper,3.9,96.4,fridge,sealed_container,73.6,3.12
Bellpepper,5.1,87.2,fridge,sealed_container,57.4,1.68
Bellpepper,20.5,57.5,pantry,unpackaged,79.3,0.08
Bellpepper,21.2,79.9,pantry,unpackaged,90.9,0.36
Bellpepper,4.8,94.7,fridge,sealed_container,85.9,3.87
Bellpepper,3.5,80.2,fridge,unpackaged,56.3,1.13
Bellpepper,21.2,50.3,pantry,sealed_container,60.1,0.08
Bellpepper,30.0,32.3,counter,perforated_bag,59.9,0.03
Bellpepper,5.2,87.1,fridge,sealed_container,90.1,4.22
Bellpepper,4.6,90.3,fridge,sealed_container,69.6,3.01
Bellpepper,20.9,51.7,pantry,plastic_wrap,81.7,0.13
Bellpepper,23.6,29.9,counter,sealed_container,82.5,0.11
Bellpepper,25.9,56.1,counter,unpackaged,93.8,0.09
Bellpepper,22.4,43.7,counter,unpackaged,85.9,0.09
Bellpepper,7.8,88.9,fridge,perforated_bag,68.0,1.88
Bellpepper,4.6,66.1,fridge,plastic_wrap,75.2,0.58
Bellpepper,24.6,27.3,pantry,sealed_container,89.9,0.08
Bellpepper,5.7,89.8,fridge,sealed_container,84.5,3.53
Bellpepper,22.1,72.5,pantry,sealed_container,77.0,0.12
Bellpepper,1.6,88.2,fridge,sealed_container,87.6,4.45
Bellpepper,4.9,85.3,fridge,plastic_wrap,60.8,1.65
Bellpepper,20.5,58.8,pantry,unpackaged,83.1,0.1
Bellpepper,5.5,87.5,fridge,perforated_bag,78.5,2.8
Bellpepper,18.3,58.9,pantry,perforated_bag,85.8,0.16
Bellpepper,3.2,79.8,fridge,plastic_wrap,87.0,2.79
Bellpepper,6.8,86.1,fridge,perforated_bag,84.1,2.47
Bellpepper,24.6,68.7,pantry,plastic_wrap,83.9,0.11
Bellpepper,3.6,95.2,fridge,unpackaged,70.6,2.93
Bellpepper,18.8,48.9,pantry,sealed_container,78.6,0.18
Bellpepper,4.0,83.0,fridge,sealed_container,69.4,2.93
Bellpepper,4.3,84.0,fridge,sealed_container,59.8,2.05
Bellpepper,18.0,42.1,counter,unpackaged,68.5,0.09
Bellpepper,25.9,46.8,counter,plastic_wrap,68.6,0.07
Bellpepper,4.3,79.4,fridge,perforated_bag,83.5,2.63
Bellpepper,15.4,45.4,counter,unpackaged,82.4,0.16
Bellpepper,4.7,91.3,fridge,unpackaged,77.4,3.14
Bellpepper,5.7,90.9,fridge,unpackaged,67.2,2.18
Bellpepper,18.0,36.2,counter,plastic_wrap,68.9,0.12
Bellpepper,28.5,58.8,counter,sealed_container,78.7,0.06
Bellpepper,4.5,71.0,fridge,perforated_bag,88.5,0.73
Bellpepper,6.9,86.3,fridge,perforated_bag,87.1,3.79
Bellpepper,24.6,59.4,counter,unpackaged,70.4,0.06
Bellpepper,34.2,48.8,counter,perforated_bag,69.1,0.03
Bellpepper,19.2,39.6,pantry,plastic_wrap,70.4,0.1
Bellpepper,6.7,90.7,fridge,plastic_wrap,64.3,2.25
Bellpepper,24.1,39.7,counter,perforated_bag,97.5,0.1
Bellpepper,7.4,89.0,fridge,unpackaged,74.4,1.84
Bellpepper,26.8,58.4,counter,unpackaged,63.0,0.03
Bellpepper,3.8,85.2,fridge,perforated_bag,73.5,3.23
Bellpepper,5.3,91.9,fridge,perforated_bag,55.0,1.58
Bellpepper,21.3,58.4,pantry,plastic_wrap,71.1,0.09
Bellpepper,1.2,90.5,fridge,perforated_bag,84.1,6.82
Bellpepper,18.4,43.9,pantry,perforated_bag,74.1,0.12
Bellpepper,1.0,92.6,fridge,sealed_container,67.1,3.84
Bellpepper,3.1,86.6,fridge,sealed_container,79.4,5.03
Bellpepper,5.4,95.2,fridge,perforated_bag,54.7,1.3
Bellpepper,28.3,52.8,counter,plastic_wrap,94.5,0.07
Bellpepper,4.0,93.7,fridge,perforated_bag,87.7,4.73
Bellpepper,19.9,50.8,counter,perforated_bag,78.1,0.12
Bellpepper,25.8,69.2,counter,unpackaged,85.9,0.09
Bellpepper,4.0,81.6,fridge,perforated_bag,63.6,1.6
Bellpepper,23.5,66.3,pantry,unpackaged,90.6,0.09
Bellpepper,27.1,63.6,counter,sealed_container,61.0,0.05
Bellpepper,5.2,96.5,fridge,unpackaged,61.5,1.31
Bellpepper,24.1,42.4,counter,unpackaged,67.0,0.06
Bellpepper,4.1,86.4,fridge,plastic_wrap,98.3,3.85
Bellpepper,4.2,96.6,fridge,plastic_wrap,78.2,2.32
Bellpepper,6.1,96.1,fridge,plastic_wrap,52.8,1.04
Bellpepper,4.8,89.6,fridge,unpackaged,82.4,3.13
Bellpepper,3.6,96.5,fridge,sealed_container,89.6,3.25
Bellpepper,2.6,87.5,fridge,plastic_wrap,55.5,1.87
Bellpepper,3.0,86.8,fridge,sealed_container,82.1,3.37
Bellpepper,2.3,91.8,fridge,unpackaged,80.5,2.54
Bellpepper,5.0,74.1,fridge,unpackaged,68.1,0.44
Bellpepper,17.3,65.5,pantry,unpackaged,81.5,0.15
Bellpepper,3.1,90.1,fridge,perforated_bag,82.5,4.38
Bellpepper,5.2,80.8,fridge,plastic_wrap,75.7,1.48
Bellpepper,23.7,67.9,counter,sealed_container,81.3,0.09
Bellpepper,4.2,95.6,fridge,perforated_bag,86.0,3.4
Bellpepper,6.0,88.0,fridge,plastic_wrap,56.1,1.27
Bellpepper,15.8,47.5,pantry,unpackaged,68.2,0.12
Bellpepper,0.3,90.8,fridge,plastic_wrap,82.6,4.73
Bellpepper,3.3,77.4,fridge,plastic_wrap,65.5,1.14
Bellpepper,1.8,89.1,fridge,sealed_container,59.5,2.94
Bellpepper,20.7,54.5,pantry,perforated_bag,91.8,0.1
Bellpepper,20.0,27.9,counter,plastic_wrap,70.0,0.1
Bellpepper,5.1,91.8,fridge,plastic_wrap,92.5,3.2
Bellpepper,1.7,93.3,fridge,unpackaged,90.5,4.09
Bellpepper,19.6,61.1,pantry,perforated_bag,75.6,0.13
Bellpepper,5.3,77.0,fridge,sealed_container,84.4,2.09
Bellpepper,4.6,86.5,fridge,sealed_container,87.5,4.45
Bellpepper,5.1,98.7,fridge,perforated_bag,69.0,1.47
Bellpepper,22.3,54.4,pantry,sealed_container,77.7,0.12
Bellpepper,2.9,86.0,fridge,unpackaged,76.8,3.77
Bellpepper,5.0,85.3,fridge,sealed_container,74.5,3.5
Bellpepper,2.7,88.8,fridge,perforated_bag,85.6,4.71
Bellpepper,6.5,89.8,fridge,perforated_bag,84.1,2.68
Bellpepper,2.4,81.3,fridge,perforated_bag,80.3,3.16
Bellpepper,0.1,98.3,fridge,unpackaged,76.5,2.25
Bellpepper,15.2,49.3,counter,plastic_wrap,67.3,0.12
Bellpepper,5.2,91.6,fridge,unpackaged,80.3,2.79
Bellpepper,3.5,85.4,fridge,sealed_container,64.2,3.03
Bellpepper,20.6,57.0,counter,unpackaged,88.3,0.1
Bellpepper,6.6,89.5,fridge,plastic_wrap,91.9,3.15
Bellpepper,6.0,84.4,fridge,unpackaged,62.4,1.42
Bellpepper,21.3,69.5,pantry,sealed_container,57.8,0.06
Bellpepper,3.3,98.0,fridge,unpackaged,81.1,2.29
Bellpepper,1.8,91.9,fridge,unpackaged,83.0,4.56
Bellpepper,19.6,56.7,pantry,plastic_wrap,88.5,0.16
Bellpepper,2.4,77.6,fridge,unpackaged,90.5,2.32
Bellpepper,25.4,68.5,counter,perforated_bag,87.0,0.08
Bellpepper,18.0,34.4,pantry,unpackaged,66.2,0.08
Bellpepper,16.5,53.0,pantry,plastic_wrap,72.7,0.11
Bellpepper,2.4,92.9,fridge,sealed_container,63.3,2.7
Bellpepper,3.3,96.1,fridge,sealed_container,81.3,2.6
Bellpepper,7.1,94.6,fridge,plastic_wrap,81.3,2.29
Bellpepper,30.8,47.9,counter,unpackaged,76.0,0.03
Bellpepper,0.1,82.6,fridge,unpackaged,73.9,3.28
Bellpepper,3.4,93.0,fridge,perforated_bag,91.2,4.57
Bellpepper,3.7,87.1,fridge,sealed_container,93.9,3.99
Bellpepper,4.8,86.9,fridge,perforated_bag,86.0,4.17
Bellpepper,2.9,88.7,fridge,sealed_container,77.2,3.73
Bellpepper,19.4,54.4,pantry,sealed_container,73.1,0.11
Bellpepper,3.1,84.9,fridge,sealed_container,95.3,5.62
Bellpepper,5.1,86.6,fridge,perforated_bag,70.3,2.97
Bellpepper,24.5,51.8,pantry,sealed_container,85.7,0.12
Bellpepper,22.8,44.6,counter,sealed_container,66.1,0.08
Bellpepper,22.6,54.0,pantry,sealed_container,81.4,0.11
Bellpepper,19.5,41.8,pantry,perforated_bag,63.8,0.11
Bellpepper,3.3,94.1,fridge,sealed_container,84.9,5.17
Bellpepper,3.3,97.1,fridge,plastic_wrap,85.9,3.54
Bellpepper,21.7,47.6,counter,unpackaged,76.5,0.07
Bellpepper,19.5,33.2,counter,perforated_bag,83.4,0.14
Bellpepper,4.1,82.3,fridge,perforated_bag,74.5,2.92
Bellpepper,3.7,89.9,fridge,plastic_wrap,91.7,5.57
Bellpepper,3.8,91.7,fridge,unpackaged,89.0,4.01
Bellpepper,4.8,100.0,fridge,sealed_container,67.3,1.79
Bellpepper,23.7,45.4,pantry,sealed_container,85.9,0.1
Bellpepper,6.2,88.5,fridge,plastic_wrap,85.5,2.21
Bellpepper,20.3,64.8,pantry,perforated_bag,67.2,0.12
Bellpepper,19.3,44.2,pantry,plastic_wrap,68.4,0.08
Bellpepper,17.0,40.8,counter,sealed_container,81.5,0.15
Bellpepper,5.8,88.4,fridge,plastic_wrap,68.3,2.9
Bellpepper,18.4,45.8,pantry,plastic_wrap,85.2,0.12
Bellpepper,24.4,39.0,counter,plastic_wrap,97.3,0.1
Bellpepper,23.0,57.4,pantry,unpackaged,88.8,0.09
Bellpepper,1.3,79.9,fridge,unpackaged,91.6,2.21
Bellpepper,4.0,86.8,fridge,perforated_bag,54.5,1.74
Bellpepper,2.5,93.9,fridge,sealed_container,63.1,3.12
Bellpepper,21.1,46.8,pantry,sealed_container,85.1,0.13
Bellpepper,3.7,92.0,fridge,unpackaged,54.9,1.21
Bellpepper,6.8,86.7,fridge,plastic_wrap,78.6,2.3
Bellpepper,6.6,83.0,fridge,sealed_container,76.4,2.58
Bellpepper,3.3,88.6,fridge,unpackaged,85.4,3.57
Bellpepper,5.0,89.6,fridge,perforated_bag,88.7,3.42
Bellpepper,2.2,90.6,fridge,plastic_wrap,89.4,5.79
Bellpepper,21.9,50.1,counter,unpackaged,89.0,0.11
Bellpepper,31.7,42.0,counter,plastic_wrap,72.9,0.03
Bellpepper,26.9,58.0,counter,perforated_bag,78.2,0.05
Bellpepper,27.3,39.8,counter,perforated_bag,82.7,0.06
Bellpepper,6.6,88.4,fridge,plastic_wrap,94.2,2.54
Bellpepper,24.1,53.6,pantry,sealed_container,77.5,0.09
Bellpepper,5.0,74.6,fridge,plastic_wrap,68.6,0.93
Bellpepper,2.3,94.2,fridge,perforated_bag,69.3,2.77
Bellpepper,3.7,95.7,fridge,sealed_container,63.8,2.73
Bellpepper,5.2,95.1,fridge,plastic_wrap,60.5,1.68
Bellpepper,19.7,55.3,pantry,unpackaged,96.5,0.14
Bellpepper,6.2,92.0,fridge,unpackaged,69.2,1.83
Bellpepper,4.0,84.7,fridge,perforated_bag,91.4,3.7
Bellpepper,5.9,92.8,fridge,unpackaged,83.6,2.88
Bellpepper,19.1,53.1,counter,plastic_wrap,61.4,0.1
Bellpepper,20.7,56.6,pantry,plastic_wrap,87.8,0.09
Bellpepper,3.9,77.5,fridge,unpackaged,52.5,0.53
Bellpepper,3.5,96.6,fridge,unpackaged,83.4,2.47
Bellpepper,4.0,84.2,fridge,sealed_container,86.8,3.62
Bellpepper,3.9,88.6,fridge,sealed_container,88.9,4.66
Bellpepper,21.4,77.3,pantry,unpackaged,88.7,0.41
Bellpepper,4.2,92.9,fridge,unpackaged,83.8,3.08
Bellpepper,4.6,84.7,fridge,unpackaged,83.1,2.58
Bellpepper,1.8,82.3,fridge,plastic_wrap,72.9,2.9
Bellpepper,28.3,54.0,counter,perforated_bag,56.4,0.03
Bellpepper,27.7,49.5,counter,plastic_wrap,72.5,0.04
Bellpepper,19.1,66.5,pantry,plastic_wrap,95.9,0.2
Bellpepper,2.3,86.8,fridge,perforated_bag,79.2,3.18
Bitter_Gourd,5.0,93.3,fridge,sealed_container,82.2,8.86
Bitter_Gourd,12.7,33.5,counter,plastic_wrap,82.1,0.51
Bitter_Gourd,3.8,84.7,fridge,unpackaged,75.5,5.47
Bitter_Gourd,3.8,88.0,fridge,unpackaged,80.7,8.11
Bitter_Gourd,5.9,91.0,fridge,plastic_wrap,95.6,8.63
Bitter_Gourd,2.9,94.3,fridge,unpackaged,81.3,6.13
Bitter_Gourd,3.9,90.9,fridge,plastic_wrap,81.7,9.65
Bitter_Gourd,3.3,88.8,fridge,unpackaged,69.4,6.19
Bitter_Gourd,27.4,48.4,counter,plastic_wrap,90.3,0.19
Bitter_Gourd,5.2,94.1,fridge,sealed_container,91.4,8.84
Bitter_Gourd,3.8,83.0,fridge,plastic_wrap,87.8,6.52
Bitter_Gourd,4.3,91.6,fridge,plastic_wrap,95.7,10.18
Bitter_Gourd,4.9,84.9,fridge,unpackaged,84.9,6.07
Bitter_Gourd,6.5,90.9,fridge,plastic_wrap,83.0,7.18
Bitter_Gourd,3.1,87.3,fridge,unpackaged,73.7,8.88
Bitter_Gourd,17.9,53.9,pantry,sealed_container,80.0,0.41
Bitter_Gourd,3.0,89.7,fridge,plastic_wrap,83.2,8.04
Bitter_Gourd,3.7,86.4,fridge,plastic_wrap,79.0,8.8
Bitter_Gourd,4.8,86.8,fridge,perforated_bag,72.3,6.29
Bitter_Gourd,2.8,88.5,fridge,plastic_wrap,65.5,5.08
Bitter_Gourd,22.1,35.0,counter,plastic_wrap,53.6,0.13
Bitter_Gourd,3.7,93.4,fridge,plastic_wrap,81.9,10.99
Bitter_Gourd,0.0,87.5,fridge,sealed_container,74.7,11.85
Bitter_Gourd,3.8,83.4,fridge,sealed_container,90.7,9.44
Bitter_Gourd,17.4,68.9,counter,plastic_wrap,58.2,0.27
Bitter_Gourd,4.8,96.9,fridge,perforated_bag,98.1,6.07
Bitter_Gourd,18.8,52.3,pantry,unpackaged,67.7,0.19
Bitter_Gourd,6.7,86.8,fridge,plastic_wrap,91.2,6.05
Bitter_Gourd,3.3,82.6,fridge,plastic_wrap,54.8,2.61
Bitter_Gourd,2.8,96.7,fridge,perforated_bag,76.0,8.56
Bitter_Gourd,4.0,85.5,fridge,sealed_container,83.6,11.4
Bitter_Gourd,3.4,88.9,fridge,plastic_wrap,87.2,8.72
Bitter_Gourd,22.2,48.0,counter,sealed_container,82.2,0.37
Bitter_Gourd,3.1,81.0,fridge,perforated_bag,63.4,2.54
Bitter_Gourd,23.1,67.0,counter,perforated_bag,73.1,0.21
Bitter_Gourd,15.9,61.0,pantry,sealed_container,87.7,0.74
Bitter_Gourd,21.6,33.0,counter,plastic_wrap,81.4,0.24
Bitter_Gourd,21.6,58.3,pantry,perforated_bag,69.8,0.25
Bitter_Gourd,18.9,62.0,pantry,plastic_wrap,72.1,0.31
Bitter_Gourd,4.7,85.7,fridge,perforated_bag,95.4,12.12
Bitter_Gourd,22.7,51.1,pantry,perforated_bag,84.4,0.26
Bitter_Gourd,6.8,87.8,fridge,perforated_bag,84.5,5.99
Bitter_Gourd,7.1,88.1,fridge,sealed_container,84.9,9.44
Bitter_Gourd,19.7,42.7,pantry,sealed_container,94.8,0.53
Bitter_Gourd,16.5,70.4,pantry,plastic_wrap,79.8,0.3
Bitter_Gourd,18.2,37.5,counter,plastic_wrap,80.6,0.34
Bitter_Gourd,2.9,88.3,fridge,perforated_bag,80.3,10.87
Bitter_Gourd,6.3,85.6,fridge,perforated_bag,80.1,6.5
Bitter_Gourd,26.7,39.6,counter,unpackaged,94.9,0.2
Bitter_Gourd,4.5,85.7,fridge,perforated_bag,82.2,6.79
Bitter_Gourd,4.1,85.3,fridge,sealed_container,68.8,6.07
Bitter_Gourd,2.5,99.7,fridge,unpackaged,85.2,4.71
Bitter_Gourd,16.1,20.0,counter,unpackaged,81.3,0.37
Bitter_Gourd,27.7,31.3,counter,sealed_container,55.9,0.08
Bitter_Gourd,3.2,94.9,fridge,perforated_bag,84.7,8.03
Bitter_Gourd,23.8,41.1,counter,unpackaged,52.7,0.07
Bitter_Gourd,11.7,60.3,counter,sealed_container,59.9,0.42
Bitter_Gourd,4.0,81.5,fridge,plastic_wrap,90.9,5.91
Bitter_Gourd,6.5,99.2,fridge,perforated_bag,82.1,3.25
Bitter_Gourd,20.2,52.1,pantry,unpackaged,83.1,0.25
Bitter_Gourd,5.0,80.8,fridge,sealed_container,74.0,5.01
Bitter_Gourd,3.8,81.9,fridge,sealed_container,67.1,4.06
Bitter_Gourd,4.0,88.6,fridge,plastic_wrap,62.6,6.19
Bitter_Gourd,3.7,88.8,fridge,sealed_container,69.5,7.02
Bitter_Gourd,5.5,82.7,fridge,perforated_bag,75.7,5.74
Bitter_Gourd,17.4,55.9,pantry,sealed_container,87.0,0.42
Bitter_Gourd,2.4,94.8,fridge,plastic_wrap,87.4,8.31
Bitter_Gourd,16.9,55.4,pantry,sealed_container,85.8,0.67
Bitter_Gourd,3.1,91.4,fridge,plastic_wrap,80.5,8.19
Bitter_Gourd,18.7,51.7,pantry,plastic_wrap,77.5,0.39
Bitter_Gourd,3.7,93.2,fridge,sealed_container,80.5,7.78
Bitter_Gourd,2.9,89.0,fridge,plastic_wrap,80.4,10.82
Bitter_Gourd,4.3,95.2,fridge,perforated_bag,79.2,6.74
Bitter_Gourd,23.6,35.0,counter,perforated_bag,67.5,0.16
Bitter_Gourd,4.2,94.0,fridge,perforated_bag,70.3,8.04
Bitter_Gourd,6.6,97.3,fridge,sealed_container,70.9,4.89
Bitter_Gourd,19.9,51.6,pantry,unpackaged,83.6,0.27
Bitter_Gourd,6.6,86.9,fridge,plastic_wrap,75.5,7.11
Bitter_Gourd,24.3,42.6,pantry,perforated_bag,72.3,0.19
Bitter_Gourd,16.5,52.1,pantry,perforated_bag,85.2,0.35
Bitter_Gourd,4.8,97.8,fridge,plastic_wrap,93.9,5.64
Bitter_Gourd,2.2,82.6,fridge,sealed_container,80.4,6.58
Bitter_Gourd,21.3,30.4,counter,perforated_bag,79.3,0.27
Bitter_Gourd,5.0,93.4,fridge,unpackaged,82.8,5.56
Bitter_Gourd,4.7,80.7,fridge,sealed_container,71.7,3.98
Bitter_Gourd,5.1,80.0,fridge,sealed_container,57.2,2.07
Bitter_Gourd,1.8,85.0,fridge,perforated_bag,79.0,9.52
Bitter_Gourd,6.2,90.4,fridge,perforated_bag,94.0,9.63
Bitter_Gourd,28.9,37.8,counter,unpackaged,72.5,0.1
Bitter_Gourd,29.2,47.4,counter,plastic_wrap,79.6,0.14
Bitter_Gourd,6.5,88.4,fridge,sealed_container,83.1,6.85
Bitter_Gourd,20.7,58.2,counter,sealed_container,84.7,0.36
Bitter_Gourd,0.8,98.1,fridge,unpackaged,62.3,4.23
Bitter_Gourd,4.4,93.0,fridge,perforated_bag,65.5,7.65
Bitter_Gourd,6.9,92.5,fridge,perforated_bag,81.5,6.45
Bitter_Gourd,4.0,93.3,fridge,plastic_wrap,88.7,10.01
Bitter_Gourd,6.4,90.2,fridge,unpackaged,96.8,7.66
Bitter_Gourd,4.3,92.8,fridge,plastic_wrap,79.3,7.89
Bitter_Gourd,14.9,52.1,counter,perforated_bag,76.4,0.51
Bitter_Gourd,23.1,53.6,pantry,unpackaged,88.0,0.25
Bitter_Gourd,3.0,84.8,fridge,sealed_container,82.2,7.98
Bitter_Gourd,5.2,85.3,fridge,plastic_wrap,51.8,2.88
Bitter_Gourd,19.9,53.3,pantry,plastic_wrap,81.7,0.25
Bitter_Gourd,23.1,53.1,pantry,perforated_bag,62.1,0.17
Bitter_Gourd,26.3,51.7,counter,plastic_wrap,65.3,0.14
Bitter_Gourd,1.8,87.4,fridge,perforated_bag,82.7,9.57
Bitter_Gourd,15.8,61.1,pantry,plastic_wrap,76.7,0.44
Bitter_Gourd,26.1,40.3,counter,perforated_bag,76.5,0.16
Bitter_Gourd,20.1,56.5,pantry,unpackaged,69.8,0.2
Bitter_Gourd,17.7,49.4,pantry,plastic_wrap,89.6,0.46
Bitter_Gourd,5.3,83.4,fridge,perforated_bag,74.4,5.04
Bitter_Gourd,21.7,64.7,pantry,unpackaged,75.7,0.19
Bitter_Gourd,5.8,88.7,fridge,plastic_wrap,83.0,7.9
Bitter_Gourd,24.5,30.0,counter,plastic_wrap,62.1,0.13
Bitter_Gourd,4.5,88.1,fridge,unpackaged,71.3,6.0
Bitter_Gourd,6.7,87.3,fridge,unpackaged,61.9,3.34
Bitter_Gourd,6.3,94.9,fridge,unpackaged,74.1,4.92
Bitter_Gourd,3.7,89.7,fridge,plastic_wrap,77.5,8.83
Bitter_Gourd,26.4,37.6,counter,unpackaged,64.3,0.09
Bitter_Gourd,19.7,57.2,counter,unpackaged,88.5,0.28
Bitter_Gourd,21.7,42.7,counter,unpackaged,94.1,0.31
Bitter_Gourd,4.8,88.4,fridge,unpackaged,93.3,7.38
Bitter_Gourd,5.1,84.5,fridge,sealed_container,53.7,2.57
Bitter_Gourd,3.4,83.2,fridge,unpackaged,85.3,4.69
Bitter_Gourd,23.7,34.5,counter,perforated_bag,86.2,0.28
Bitter_Gourd,4.9,87.1,fridge,sealed_container,79.5,8.9
Bitter_Gourd,26.2,33.8,counter,perforated_bag,86.1,0.24
Bitter_Gourd,3.0,89.9,fridge,unpackaged,88.4,11.87
Bitter_Gourd,31.4,41.5,counter,unpackaged,65.9,0.07
Bitter_Gourd,2.3,90.3,fridge,unpackaged,97.5,12.07
Bitter_Gourd,3.2,83.2,fridge,perforated_bag,84.7,7.49
Bitter_Gourd,3.5,96.4,fridge,perforated_bag,73.1,7.54
Bitter_Gourd,24.3,59.2,counter,sealed_container,63.4,0.17
Bitter_Gourd,18.4,61.2,pantry,perforated_bag,68.0,0.31
Bitter_Gourd,5.0,80.7,fridge,plastic_wrap,85.1,4.0
Bitter_Gourd,3.6,84.3,fridge,perforated_bag,80.5,6.57
Bitter_Gourd,29.0,45.5,counter,perforated_bag,64.9,0.09
Bitter_Gourd,3.1,93.3,fridge,unpackaged,72.9,5.72
Bitter_Gourd,4.6,83.7,fridge,plastic_wrap,75.6,5.35
Bitter_Gourd,4.1,88.8,fridge,plastic_wrap,70.4,6.37
Bitter_Gourd,3.9,85.8,fridge,unpackaged,93.4,7.23
Bitter_Gourd,20.6,64.6,counter,unpackaged,78.2,0.25
Bitter_Gourd,4.0,81.9,fridge,perforated_bag,76.2,5.08
Bitter_Gourd,16.6,69.6,pantry,unpackaged,82.0,0.44
Bitter_Gourd,22.0,50.5,pantry,perforated_bag,84.7,0.3
Bitter_Gourd,22.5,68.7,counter,perforated_bag,51.6,0.11
Bitter_Gourd,2.5,85.6,fridge,plastic_wrap,67.5,7.14
Bitter_Gourd,20.2,60.6,pantry,unpackaged,60.6,0.18
Bitter_Gourd,4.8,91.1,fridge,perforated_bag,78.4,5.92
Bitter_Gourd,4.3,82.8,fridge,sealed_container,74.0,5.59
Bitter_Gourd,26.7,38.2,counter,plastic_wrap,56.0,0.09
Bitter_Gourd,4.1,85.8,fridge,perforated_bag,70.6,8.03
Bitter_Gourd,22.1,61.1,pantry,perforated_bag,89.0,0.3
Bitter_Gourd,19.7,22.5,counter,plastic_wrap,76.1,0.28
Bitter_Gourd,20.8,45.9,counter,unpackaged,95.6,0.3
Bitter_Gourd,24.8,28.2,counter,sealed_container,49.4,0.06
Bitter_Gourd,21.0,49.6,counter,sealed_container,68.8,0.18
Bitter_Gourd,5.4,84.2,fridge,plastic_wrap,73.8,5.35
Bitter_Gourd,18.1,34.1,counter,unpackaged,91.2,0.27
Bitter_Gourd,12.9,47.9,counter,plastic_wrap,70.7,0.41
Bitter_Gourd,5.4,79.2,fridge,unpackaged,78.6,2.33
Bitter_Gourd,18.9,47.6,counter,sealed_container,57.0,0.22
Bitter_Gourd,24.8,27.6,counter,unpackaged,75.2,0.15
Bitter_Gourd,21.1,61.2,counter,perforated_bag,85.0,0.36
Bitter_Gourd,0.7,93.4,fridge,perforated_bag,75.3,12.53
Bitter_Gourd,22.3,51.3,counter,unpackaged,88.5,0.24
Bitter_Gourd,20.6,67.5,pantry,plastic_wrap,47.4,0.05
Bitter_Gourd,27.1,26.4,counter,unpackaged,53.2,0.06
Bitter_Gourd,3.1,84.8,fridge,unpackaged,56.8,3.28
Bitter_Gourd,2.8,88.6,fridge,plastic_wrap,79.1,8.84
Bitter_Gourd,4.2,91.9,fridge,sealed_container,62.7,5.7
Bitter_Gourd,5.8,91.2,fridge,sealed_container,92.7,10.63
Bitter_Gourd,3.1,92.8,fridge,plastic_wrap,78.6,6.03
Bitter_Gourd,4.5,90.3,fridge,perforated_bag,77.1,8.27
Bitter_Gourd,2.0,87.0,fridge,perforated_bag,98.4,11.5
Bitter_Gourd,3.6,89.1,fridge,sealed_container,88.3,8.8
Bitter_Gourd,13.5,49.5,pantry,unpackaged,75.5,0.45
Bitter_Gourd,1.2,84.0,fridge,unpackaged,71.4,5.43
Bitter_Gourd,2.2,89.5,fridge,unpackaged,79.9,8.72
Bitter_Gourd,3.7,90.2,fridge,perforated_bag,76.9,6.39
Bitter_Gourd,21.3,59.8,pantry,perforated_bag,67.8,0.21
Bitter_Gourd,4.9,96.6,fridge,plastic_wrap,86.2,5.7
Bitter_Gourd,6.3,90.1,fridge,perforated_bag,89.1,9.26
Bitter_Gourd,3.7,83.1,fridge,plastic_wrap,63.3,3.84
Bitter_Gourd,1.9,96.0,fridge,unpackaged,74.5,6.94
Bitter_Gourd,4.4,91.4,fridge,sealed_container,78.4,10.34
Bitter_Gourd,24.7,42.4,counter,perforated_bag,79.5,0.22
Bitter_Gourd,3.1,84.0,fridge,perforated_bag,69.2,5.67
Bitter_Gourd,21.4,48.2,counter,perforated_bag,52.8,0.08
Bitter_Gourd,3.2,90.3,fridge,unpackaged,68.7,6.18
Bitter_Gourd,19.9,68.4,pantry,unpackaged,95.7,0.38
Bitter_Gourd,1.3,93.6,fridge,plastic_wrap,93.7,13.69
Bitter_Gourd,2.2,97.9,fridge,perforated_bag,84.4,7.51
Bitter_Gourd,3.9,81.5,fridge,unpackaged,73.9,3.21
Bitter_Gourd,22.8,57.5,pantry,sealed_container,84.6,0.3
Bitter_Gourd,5.1,87.2,fridge,unpackaged,85.2,8.94
Bitter_Gourd,23.7,40.1,counter,sealed_container,87.3,0.22
Bitter_Gourd,6.0,92.2,fridge,unpackaged,86.6,8.16
Bitter_Gourd,22.9,43.0,counter,sealed_container,84.3,0.29
Bitter_Gourd,1.5,87.1,fridge,perforated_bag,83.1,13.56
Bitter_Gourd,3.4,85.6,fridge,sealed_container,68.6,9.13
Bitter_Gourd,3.4,89.2,fridge,plastic_wrap,87.3,11.64
Bitter_Gourd,20.7,50.5,counter,plastic_wrap,81.4,0.35
Bitter_Gourd,1.2,73.0,fridge,perforated_bag,71.8,1.55
Bitter_Gourd,4.9,85.3,fridge,perforated_bag,69.7,5.85
Bitter_Gourd,2.8,92.5,fridge,unpackaged,79.7,6.94
Bitter_Gourd,5.6,87.3,fridge,sealed_container,65.8,7.78
Bitter_Gourd,28.9,57.4,counter,sealed_container,54.3,0.07
Bitter_Gourd,8.8,81.6,fridge,plastic_wrap,65.1,2.12
Bitter_Gourd,19.1,60.3,pantry,unpackaged,69.0,0.16
Bitter_Gourd,1.7,89.2,fridge,unpackaged,95.1,10.22
Bitter_Gourd,3.3,82.3,fridge,sealed_container,84.5,8.31
Bitter_Gourd,3.1,93.9,fridge,plastic_wrap,83.1,8.18
Bitter_Gourd,14.3,41.4,counter,perforated_bag,74.0,0.46
Bitter_Gourd,2.3,85.2,fridge,sealed_container,73.1,10.04
Bitter_Gourd,21.2,36.3,counter,plastic_wrap,65.3,0.23
Bitter_Gourd,23.6,28.2,counter,sealed_container,62.6,0.18
Bitter_Gourd,22.7,64.4,counter,sealed_container,90.3,0.4
Bitter_Gourd,19.7,41.5,counter,perforated_bag,87.6,0.33
Bitter_Gourd,20.1,57.9,counter,plastic_wrap,76.1,0.28
Bitter_Gourd,18.2,60.7,pantry,sealed_container,64.4,0.2
Bitter_Gourd,5.3,91.1,fridge,unpackaged,66.7,4.06
Bitter_Gourd,4.3,77.8,fridge,unpackaged,92.5,2.69
Bitter_Gourd,4.3,85.3,fridge,plastic_wrap,81.8,7.46
Bitter_Gourd,3.1,90.4,fridge,plastic_wrap,68.7,7.96
Bitter_Gourd,25.0,44.3,counter,plastic_wrap,84.0,0.19
Bitter_Gourd,5.6,87.5,fridge,perforated_bag,58.9,3.64
Bitter_Gourd,21.0,57.7,pantry,sealed_container,50.6,0.11
Bitter_Gourd,19.5,70.8,counter,plastic_wrap,76.3,0.28
Bitter_Gourd,22.2,26.4,counter,sealed_container,86.2,0.3
Bitter_Gourd,19.2,38.1,counter,plastic_wrap,80.1,0.28
Bitter_Gourd,2.7,90.8,fridge,sealed_container,72.3,9.57
Bitter_Gourd,2.0,92.3,fridge,sealed_container,90.8,14.22
Bitter_Gourd,4.7,83.3,fridge,perforated_bag,79.6,6.89
Bitter_Gourd,13.0,52.8,counter,perforated_bag,83.6,0.8
Bitter_Gourd,5.5,88.8,fridge,perforated_bag,84.5,7.39
Bitter_Gourd,22.0,53.1,pantry,plastic_wrap,75.1,0.3
Bitter_Gourd,4.4,90.8,fridge,sealed_container,94.4,9.96
Bitter_Gourd,5.9,89.4,fridge,sealed_container,46.6,1.31
Bitter_Gourd,2.9,92.6,fridge,plastic_wrap,88.4,11.38
Bitter_Gourd,1.8,91.0,fridge,plastic_wrap,66.5,10.1
Bitter_Gourd,22.4,36.1,counter,sealed_container,74.4,0.25
Bitter_Gourd,28.1,31.8,counter,unpackaged,80.6,0.12
Bitter_Gourd,19.9,53.3,pantry,perforated_bag,67.6,0.28
Bitter_Gourd,23.2,53.0,pantry,unpackaged,75.1,0.18
Bitter_Gourd,22.4,51.2,counter,unpackaged,67.4,0.18
Bitter_Gourd,27.4,45.7,counter,sealed_container,95.8,0.18
Bitter_Gourd,1.9,81.1,fridge,unpackaged,80.6,4.97
Bitter_Gourd,22.5,37.8,counter,perforated_bag,60.0,0.12
Bitter_Gourd,3.7,98.2,fridge,plastic_wrap,54.9,2.73
Bitter_Gourd,3.2,84.3,fridge,unpackaged,65.9,3.58
Bitter_Gourd,12.4,61.0,pantry,sealed_container,52.6,0.27
Bitter_Gourd,19.6,39.3,counter,perforated_bag,68.9,0.29
Bitter_Gourd,19.9,66.2,pantry,plastic_wrap,80.8,0.23
Bitter_Gourd,1.6,88.1,fridge,sealed_container,84.5,16.81
Bitter_Gourd,17.4,55.8,counter,perforated_bag,84.2,0.52
Bitter_Gourd,3.2,89.7,fridge,unpackaged,88.0,9.13
Bitter_Gourd,5.1,89.0,fridge,sealed_container,86.2,7.94
Bitter_Gourd,4.1,85.9,fridge,perforated_bag,81.5,10.57
Bitter_Gourd,4.5,86.0,fridge,plastic_wrap,59.3,4.09
Bitter_Gourd,5.0,87.0,fridge,unpackaged,95.3,10.47
Bitter_Gourd,6.1,83.3,fridge,perforated_bag,74.3,5.37
Bitter_Gourd,6.4,88.4,fridge,plastic_wrap,83.9,8.04
Bitter_Gourd,3.8,96.6,fridge,perforated_bag,84.0,8.13
Bitter_Gourd,2.4,89.1,fridge,perforated_bag,80.5,11.56
Bitter_Gourd,3.9,87.7,fridge,perforated_bag,78.5,8.41
Bitter_Gourd,3.0,100.0,fridge,plastic_wrap,87.2,4.52
Bitter_Gourd,18.7,50.1,counter,perforated_bag,91.1,0.46
Bitter_Gourd,19.3,67.2,pantry,sealed_container,52.0,0.1
Bitter_Gourd,2.8,87.1,fridge,unpackaged,73.6,7.35
Bitter_Gourd,4.2,81.9,fridge,perforated_bag,95.3,7.53
Bitter_Gourd,24.7,47.3,pantry,plastic_wrap,88.9,0.18
Bitter_Gourd,3.3,83.3,fridge,sealed_container,71.9,7.44
Bitter_Gourd,4.2,90.6,fridge,sealed_container,63.9,7.31
Bitter_Gourd,22.5,38.7,pantry,perforated_bag,81.6,0.28
Bitter_Gourd,3.3,88.6,fridge,sealed_container,83.3,7.96
Bitter_Gourd,4.5,73.5,fridge,plastic_wrap,93.2,1.74
Bitter_Gourd,5.3,89.1,fridge,plastic_wrap,55.7,3.49
Bitter_Gourd,3.1,94.3,fridge,unpackaged,66.0,4.84
Bitter_Gourd,4.3,83.2,fridge,perforated_bag,73.4,6.1
Bitter_Gourd,21.5,50.1,counter,perforated_bag,92.6,0.42
Bitter_Gourd,22.1,41.2,pantry,sealed_container,63.6,0.25
Bitter_Gourd,19.8,69.1,pantry,sealed_container,85.6,0.35
Bitter_Gourd,5.8,82.0,fridge,plastic_wrap,74.4,3.96
Bitter_Gourd,4.9,90.3,fridge,plastic_wrap,72.7,8.96
Bitter_Gourd,4.1,81.5,fridge,sealed_container,75.2,5.06
Bitter_Gourd,4.0,96.9,fridge,sealed_container,74.4,5.18
Bitter_Gourd,3.9,79.4,fridge,perforated_bag,84.0,4.86
Bitter_Gourd,2.8,87.4,fridge,plastic_wrap,53.3,3.35
Bitter_Gourd,3.3,90.7,fridge,plastic_wrap,89.7,8.58
Bitter_Gourd,4.4,92.6,fridge,sealed_container,92.9,13.69
Bitter_Gourd,5.9,94.6,fridge,unpackaged,87.2,5.44
Bitter_Gourd,3.7,81.5,fridge,perforated_bag,66.6,4.49
Bitter_Gourd,26.7,50.5,counter,perforated_bag,85.2,0.21
Bitter_Gourd,4.7,92.9,fridge,perforated_bag,78.5,8.02
Bitter_Gourd,4.7,91.2,fridge,sealed_container,91.1,10.99
Bitter_Gourd,28.4,49.2,counter,perforated_bag,83.5,0.12
Bitter_Gourd,26.0,42.6,counter,sealed_container,91.0,0.3
Bitter_Gourd,5.1,98.9,fridge,sealed_container,85.8,4.54
Bitter_Gourd,3.4,84.6,fridge,unpackaged,66.3,4.4
Bitter_Gourd,21.5,42.6,pantry,unpackaged,75.0,0.2
Bitter_Gourd,4.3,79.9,fridge,sealed_container,71.2,4.04
Bitter_Gourd,2.2,96.8,fridge,perforated_bag,80.3,8.07
Bitter_Gourd,6.6,90.8,fridge,plastic_wrap,56.6,3.99
Bitter_Gourd,4.2,81.5,fridge,sealed_container,78.3,5.83
Bitter_Gourd,4.7,83.9,fridge,sealed_container,88.0,7.69
Bitter_Gourd,20.2,45.8,pantry,sealed_container,78.2,0.33
Bitter_Gourd,2.5,81.6,fridge,perforated_bag,93.2,6.33
Bitter_Gourd,5.3,90.6,fridge,unpackaged,83.0,6.12
Bitter_Gourd,5.4,85.9,fridge,sealed_container,67.7,4.78
Bitter_Gourd,4.2,90.3,fridge,plastic_wrap,82.7,9.08
Bitter_Gourd,19.1,50.7,pantry,sealed_container,92.8,0.49
Bitter_Gourd,16.5,45.0,pantry,plastic_wrap,89.4,0.49
Bitter_Gourd,4.3,82.3,fridge,plastic_wrap,59.1,3.08
Bitter_Gourd,23.3,38.7,counter,plastic_wrap,90.6,0.27
Bitter_Gourd,2.9,89.0,fridge,sealed_container,83.1,9.06
Bitter_Gourd,19.9,56.3,pantry,unpackaged,78.9,0.31
Bitter_Gourd,3.5,91.3,fridge,perforated_bag,52.5,4.1
Bitter_Gourd,4.9,93.7,fridge,unpackaged,87.5,6.74
Bitter_Gourd,4.6,90.0,fridge,plastic_wrap,86.3,8.62
Bitter_Gourd,26.9,55.1,counter,unpackaged,66.3,0.09
Bitter_Gourd,3.7,95.8,fridge,perforated_bag,79.0,7.51
Bitter_Gourd,20.5,44.1,counter,sealed_container,86.5,0.35
Bitter_Gourd,3.1,90.8,fridge,unpackaged,80.4,6.5
Bitter_Gourd,18.3,52.5,counter,plastic_wrap,78.2,0.27
Bitter_Gourd,5.4,84.0,fridge,perforated_bag,63.9,4.53
Bitter_Gourd,0.3,98.1,fridge,perforated_bag,75.2,7.08
Bitter_Gourd,26.7,38.2,counter,sealed_container,85.6,0.2
Bitter_Gourd,20.7,47.3,pantry,sealed_container,85.3,0.47
Bitter_Gourd,6.4,94.4,fridge,sealed_container,68.8,6.46
Bitter_Gourd,1.7,95.5,fridge,sealed_container,78.3,7.89
Bitter_Gourd,1.3,92.7,fridge,plastic_wrap,81.6,11.31
Bitter_Gourd,15.7,57.4,pantry,sealed_container,83.6,0.45
Bitter_Gourd,0.4,77.1,fridge,unpackaged,89.5,4.31
Bitter_Gourd,2.8,86.5,fridge,sealed_container,84.1,11.54
Bitter_Gourd,18.3,49.7,pantry,plastic_wrap,74.7,0.27
Bitter_Gourd,3.3,88.6,fridge,plastic_wrap,63.6,6.96
Bitter_Gourd,3.3,88.1,fridge,perforated_bag,88.8,7.98
Bitter_Gourd,6.2,84.1,fridge,sealed_container,79.0,6.41
Bitter_Gourd,25.8,60.9,counter,perforated_bag,86.3,0.19
Bitter_Gourd,16.5,59.8,pantry,sealed_container,55.6,0.25
Bitter_Gourd,27.1,39.3,counter,perforated_bag,67.1,0.12
Bitter_Gourd,4.3,91.7,fridge,perforated_bag,57.4,5.41
Bitter_Gourd,22.4,61.9,pantry,perforated_bag,64.8,0.16
Bitter_Gourd,22.8,56.2,counter,perforated_bag,72.5,0.23
Bitter_Gourd,3.4,89.2,fridge,perforated_bag,89.4,11.4
Bitter_Gourd,4.1,88.6,fridge,plastic_wrap,77.5,8.22
Bitter_Gourd,2.9,87.1,fridge,unpackaged,70.0,7.12
Bitter_Gourd,2.3,92.9,fridge,sealed_container,83.8,14.28
Bitter_Gourd,4.4,91.5,fridge,plastic_wrap,93.5,12.2
Bitter_Gourd,2.0,98.0,fridge,unpackaged,77.9,4.45
Bitter_Gourd,3.6,89.6,fridge,unpackaged,97.5,9.23
Bitter_Gourd,4.6,85.3,fridge,plastic_wrap,81.2,6.84
Bitter_Gourd,4.9,84.1,fridge,perforated_bag,65.0,4.64
Bitter_Gourd,21.2,49.9,pantry,sealed_container,84.1,0.35
Bitter_Gourd,20.6,75.4,pantry,sealed_container,68.3,0.33
Bitter_Gourd,20.3,56.9,pantry,unpackaged,78.4,0.29
Bitter_Gourd,3.5,84.7,fridge,sealed_container,77.8,8.57
Bitter_Gourd,4.7,91.4,fridge,plastic_wrap,79.8,9.19
Bitter_Gourd,6.2,92.0,fridge,plastic_wrap,61.8,4.45
Bitter_Gourd,1.8,82.4,fridge,plastic_wrap,86.7,5.86
Bitter_Gourd,3.5,82.1,fridge,unpackaged,56.1,2.27
Bitter_Gourd,5.4,78.5,fridge,sealed_container,85.7,3.56
Bitter_Gourd,21.8,34.0,counter,perforated_bag,61.6,0.16
Bitter_Gourd,3.5,87.7,fridge,perforated_bag,86.0,11.37
Bitter_Gourd,5.1,89.4,fridge,plastic_wrap,82.5,8.32
Bitter_Gourd,21.0,75.3,pantry,sealed_container,74.7,0.4
Bitter_Gourd,23.0,56.4,counter,perforated_bag,84.9,0.24
Bitter_Gourd,26.5,56.0,pantry,sealed_container,69.4,0.16
Bitter_Gourd,5.4,94.8,fridge,unpackaged,60.0,3.07
Bitter_Gourd,19.6,50.1,pantry,unpackaged,96.4,0.32
Bitter_Gourd,2.2,83.5,fridge,sealed_container,83.7,9.29
Bitter_Gourd,17.9,44.3,pantry,unpackaged,89.5,0.31
Bitter_Gourd,4.6,79.0,fridge,sealed_container,68.6,3.62
Bitter_Gourd,1.3,89.5,fridge,plastic_wrap,87.8,12.4
Bitter_Gourd,26.4,36.4,counter,plastic_wrap,80.1,0.12
Bitter_Gourd,2.8,88.4,fridge,plastic_wrap,64.8,6.46
Bitter_Gourd,4.8,88.7,fridge,plastic_wrap,79.8,8.43
Bitter_Gourd,18.3,54.4,pantry,sealed_container,97.5,0.67
Bitter_Gourd,22.6,33.6,counter,sealed_container,89.4,0.3
Bitter_Gourd,18.9,56.0,pantry,unpackaged,82.5,0.21
Bitter_Gourd,24.1,57.5,counter,plastic_wrap,94.0,0.25
Bitter_Gourd,19.6,54.2,counter,perforated_bag,80.3,0.33
Bitter_Gourd,4.3,95.5,fridge,unpackaged,64.6,4.67
Bitter_Gourd,4.3,89.1,fridge,sealed_container,86.5,9.73
Bitter_Gourd,30.9,38.0,counter,perforated_bag,95.6,0.16
Bitter_Gourd,3.8,90.8,fridge,plastic_wrap,65.1,6.11
Bitter_Gourd,24.1,30.2,counter,perforated_bag,66.7,0.17
Bitter_Gourd,17.8,52.6,counter,perforated_bag,59.1,0.24
Bitter_Gourd,4.9,91.0,fridge,plastic_wrap,89.8,9.14
Bitter_Gourd,21.6,50.9,pantry,sealed_container,84.0,0.33
Bitter_Gourd,23.4,53.8,pantry,sealed_container,52.4,0.07
Bitter_Gourd,2.0,89.1,fridge,perforated_bag,86.6,15.26
Bitter_Gourd,26.8,57.3,pantry,unpackaged,61.2,0.08
Bitter_Gourd,4.9,83.3,fridge,unpackaged,91.0,5.41
Bitter_Gourd,5.0,93.8,fridge,unpackaged,74.9,6.6
Bitter_Gourd,1.9,81.9,fridge,plastic_wrap,82.0,5.96
Bitter_Gourd,3.7,90.9,fridge,perforated_bag,67.0,6.62
Bitter_Gourd,18.3,66.8,pantry,plastic_wrap,72.5,0.36
Bitter_Gourd,6.1,95.0,fridge,unpackaged,73.9,3.51
Carrot,21.2,51.8,pantry,perforated_bag,87.5,0.56
Carrot,4.5,82.1,fridge,sealed_container,92.6,7.16
Carrot,3.8,86.7,fridge,plastic_wrap,55.8,5.2
Carrot,4.8,90.2,fridge,perforated_bag,78.2,8.14
Carrot,20.9,20.0,counter,unpackaged,82.8,0.35
Carrot,14.5,55.0,pantry,perforated_bag,84.4,0.73
Carrot,3.3,88.3,fridge,plastic_wrap,91.5,11.11
Carrot,24.2,58.1,counter,plastic_wrap,56.2,0.17
Carrot,4.7,88.7,fridge,perforated_bag,82.1,9.87
Carrot,3.7,80.5,fridge,perforated_bag,81.2,3.61
Carrot,2.3,89.5,fridge,unpackaged,90.1,13.32
Carrot,0.0,86.4,fridge,plastic_wrap,92.6,18.29
Carrot,2.0,86.3,fridge,perforated_bag,68.3,9.67
Carrot,4.2,94.9,fridge,sealed_container,61.1,10.04
Carrot,19.0,62.7,pantry,sealed_container,90.5,0.61
Carrot,30.7,36.0,counter,perforated_bag,74.4,0.16
Carrot,21.9,67.6,counter,perforated_bag,77.7,0.47
Carrot,3.9,81.7,fridge,sealed_container,52.1,1.78
Carrot,4.6,86.6,fridge,unpackaged,76.9,5.5
Carrot,26.8,23.6,counter,sealed_container,54.9,0.09
Carrot,2.3,95.2,fridge,unpackaged,57.0,6.48
Carrot,1.7,90.6,fridge,plastic_wrap,59.0,6.45
Carrot,27.2,60.5,counter,plastic_wrap,82.4,0.16
Carrot,6.2,94.2,fridge,sealed_container,91.7,11.45
Carrot,25.8,40.8,pantry,plastic_wrap,81.2,0.24
Carrot,6.3,90.3,fridge,plastic_wrap,83.2,7.74
Carrot,19.9,69.0,pantry,plastic_wrap,53.2,0.16
Carrot,6.2,78.6,fridge,perforated_bag,66.4,2.03
Carrot,4.4,81.3,fridge,unpackaged,75.6,3.37
Carrot,4.3,82.9,fridge,perforated_bag,67.1,5.0
Carrot,3.8,85.3,fridge,plastic_wrap,71.3,6.28
Carrot,2.1,91.6,fridge,sealed_container,85.0,20.69
Carrot,5.9,87.4,fridge,perforated_bag,73.3,5.61
Carrot,4.8,96.1,fridge,sealed_container,63.5,10.07
Carrot,18.5,36.3,pantry,unpackaged,89.7,0.4
Carrot,28.2,43.1,counter,sealed_container,81.6,0.26
Carrot,16.7,60.6,pantry,unpackaged,80.9,0.53
Carrot,22.1,55.0,pantry,plastic_wrap,71.4,0.28
Carrot,5.3,80.9,fridge,unpackaged,55.5,2.04
Carrot,1.5,94.8,fridge,perforated_bag,60.8,8.24
Carrot,3.9,93.6,fridge,perforated_bag,91.6,19.99
Carrot,3.4,85.9,fridge,plastic_wrap,71.8,8.54
Carrot,15.9,63.6,pantry,unpackaged,81.7,0.38
Carrot,3.7,81.6,fridge,plastic_wrap,52.4,2.08
Carrot,17.8,67.6,counter,unpackaged,86.3,0.48
Carrot,2.3,89.6,fridge,plastic_wrap,96.3,15.44
Carrot,19.5,64.7,counter,plastic_wrap,83.1,0.33
Carrot,4.7,89.0,fridge,sealed_container,77.7,11.06
Carrot,5.9,84.7,fridge,perforated_bag,63.9,3.7
Carrot,0.0,85.8,fridge,plastic_wrap,88.6,13.17
Carrot,1.5,80.0,fridge,unpackaged,73.9,3.87
Carrot,4.2,82.3,fridge,sealed_container,96.1,10.31
Carrot,18.1,29.7,pantry,sealed_container,72.1,0.42
Carrot,5.0,95.4,fridge,plastic_wrap,86.4,11.6
Carrot,3.1,85.1,fridge,sealed_container,91.4,14.83
Carrot,5.7,82.6,fridge,perforated_bag,86.8,5.25
Carrot,5.0,88.2,fridge,sealed_container,81.1,12.43
Carrot,6.6,80.8,fridge,plastic_wrap,68.1,2.28
Carrot,21.7,67.3,pantry,unpackaged,79.4,0.32
Carrot,5.3,100.0,fridge,unpackaged,60.8,4.46
Carrot,22.7,33.7,counter,unpackaged,89.0,0.31
Carrot,21.1,43.6,counter,plastic_wrap,92.0,0.52
Carrot,21.3,65.5,pantry,unpackaged,71.3,0.31
Carrot,17.3,34.1,counter,unpackaged,64.8,0.23
Carrot,5.6,85.1,fridge,sealed_container,58.2,3.79
Carrot,21.3,36.1,counter,plastic_wrap,63.8,0.24
Carrot,3.4,89.7,fridge,perforated_bag,86.8,10.11
Carrot,2.2,88.9,fridge,unpackaged,77.0,7.19
Carrot,18.5,41.8,counter,sealed_container,80.1,0.56
Carrot,4.7,84.2,fridge,unpackaged,90.3,5.71
Carrot,21.5,41.3,pantry,unpackaged,62.3,0.22
Carrot,4.7,86.5,fridge,plastic_wrap,56.4,3.43
Carrot,10.4,54.3,pantry,unpackaged,83.0,0.65
Carrot,4.7,82.9,fridge,perforated_bag,71.2,4.52
Carrot,4.9,92.8,fridge,perforated_bag,80.6,11.21
Carrot,19.9,42.9,counter,perforated_bag,86.4,0.51
Carrot,1.2,90.6,fridge,unpackaged,96.3,16.58
Carrot,21.8,50.8,pantry,plastic_wrap,76.4,0.34
Carrot,4.1,87.1,fridge,plastic_wrap,87.7,10.67
Carrot,20.3,71.8,pantry,perforated_bag,84.2,0.57
Carrot,5.7,94.2,fridge,unpackaged,72.2,8.26
Carrot,3.4,93.7,fridge,unpackaged,92.3,11.21
Carrot,4.3,85.5,fridge,unpackaged,50.3,2.15
Carrot,22.5,57.1,counter,unpackaged,85.4,0.3
Carrot,6.4,84.1,fridge,sealed_container,83.2,6.12
Carrot,5.3,85.3,fridge,perforated_bag,81.6,6.06
Carrot,1.2,86.5,fridge,perforated_bag,73.0,13.46
Carrot,19.7,32.3,counter,plastic_wrap,74.7,0.34
Carrot,6.7,85.7,fridge,plastic_wrap,80.4,7.25
Carrot,18.7,54.5,pantry,unpackaged,76.1,0.43
Carrot,18.4,70.1,counter,sealed_container,76.6,0.55
Carrot,3.4,87.8,fridge,perforated_bag,78.7,9.12
Carrot,2.8,81.9,fridge,plastic_wrap,84.5,5.83
Carrot,4.2,97.9,fridge,plastic_wrap,72.7,10.6
Carrot,5.2,91.6,fridge,unpackaged,62.4,5.09
Carrot,1.2,91.9,fridge,perforated_bag,89.9,17.69
Carrot,3.8,94.5,fridge,unpackaged,66.0,7.16
Carrot,5.0,83.4,fridge,unpackaged,59.6,2.8
Carrot,1.6,84.4,fridge,perforated_bag,85.8,12.56
Carrot,27.1,39.6,pantry,perforated_bag,99.1,0.31
Carrot,19.9,54.3,pantry,unpackaged,94.0,0.49
Carrot,5.7,87.1,fridge,perforated_bag,81.0,6.33
Carrot,2.1,81.3,fridge,sealed_container,66.6,5.9
Carrot,19.9,44.7,pantry,sealed_container,80.7,0.51
Carrot,4.3,79.6,fridge,unpackaged,81.1,3.37
Carrot,5.6,83.4,fridge,unpackaged,92.6,5.57
Carrot,4.6,87.7,fridge,sealed_container,82.2,10.55
Carrot,3.4,81.5,fridge,sealed_container,78.5,5.18
Carrot,23.0,53.8,counter,unpackaged,94.4,0.31
Carrot,14.4,54.6,counter,perforated_bag,67.8,0.46
Carrot,7.3,96.4,fridge,plastic_wrap,79.0,6.33
Carrot,3.2,83.9,fridge,plastic_wrap,79.0,6.48
Carrot,16.3,45.9,counter,unpackaged,62.9,0.35
Carrot,4.2,86.9,fridge,unpackaged,83.5,7.39
Carrot,2.8,88.0,fridge,sealed_container,80.0,15.44
Carrot,22.5,46.8,counter,perforated_bag,61.3,0.21
Carrot,2.1,89.9,fridge,unpackaged,62.9,6.59
Carrot,3.0,77.7,fridge,perforated_bag,56.8,1.82
Carrot,21.3,60.3,counter,unpackaged,79.1,0.31
Carrot,5.3,90.0,fridge,plastic_wrap,91.5,11.07
Carrot,4.4,92.3,fridge,perforated_bag,79.5,12.43
Carrot,5.1,89.3,fridge,perforated_bag,65.1,7.57
Carrot,3.5,100.0,fridge,unpackaged,93.1,10.35
Carrot,27.7,45.4,pantry,plastic_wrap,76.0,0.19
Carrot,5.3,85.3,fridge,perforated_bag,93.6,6.56
Carrot,15.3,70.2,pantry,perforated_bag,73.2,0.52
Carrot,18.2,39.8,pantry,perforated_bag,71.6,0.44
Carrot,5.1,90.3,fridge,unpackaged,84.9,8.89
Carrot,27.0,31.0,counter,sealed_container,75.7,0.24
Carrot,2.1,83.6,fridge,plastic_wrap,87.2,8.04
Carrot,16.5,45.2,pantry,unpackaged,55.3,0.21
Carrot,5.5,89.1,fridge,plastic_wrap,69.1,5.52
Carrot,2.1,94.5,fridge,sealed_container,92.1,17.83
Carrot,2.8,83.6,fridge,sealed_container,79.3,7.87
Carrot,5.9,94.5,fridge,plastic_wrap,74.9,10.1
Carrot,6.4,90.0,fridge,plastic_wrap,62.6,5.66
Carrot,18.3,67.1,counter,unpackaged,76.4,0.36
Carrot,22.0,44.6,pantry,unpackaged,74.0,0.32
Carrot,3.6,81.5,fridge,plastic_wrap,60.9,3.44
Carrot,3.1,87.8,fridge,unpackaged,85.8,9.16
Carrot,17.1,45.4,pantry,perforated_bag,89.2,0.77
Carrot,1.3,88.5,fridge,plastic_wrap,58.8,7.79
Carrot,6.8,93.4,fridge,unpackaged,73.6,6.32
Carrot,31.3,44.9,counter,plastic_wrap,81.5,0.15
Carrot,4.0,93.5,fridge,plastic_wrap,58.0,8.07
Carrot,3.3,73.9,fridge,unpackaged,83.1,1.81
Carrot,3.4,85.1,fridge,perforated_bag,86.9,10.54
Carrot,27.8,44.1,counter,sealed_container,94.0,0.31
Carrot,4.3,80.3,fridge,perforated_bag,85.6,4.61
Carrot,6.4,87.4,fridge,plastic_wrap,54.1,4.15
Carrot,2.9,84.9,fridge,sealed_container,82.9,9.15
Carrot,5.5,79.8,fridge,plastic_wrap,84.8,3.35
Carrot,23.4,82.0,pantry,unpackaged,84.1,0.9
Carrot,3.8,85.9,fridge,perforated_bag,67.2,6.81
Carrot,23.8,55.1,pantry,plastic_wrap,91.1,0.25
Carrot,5.0,86.8,fridge,unpackaged,65.5,3.47
Carrot,3.3,92.8,fridge,unpackaged,55.3,6.36
Carrot,24.0,44.6,pantry,plastic_wrap,89.6,0.38
Carrot,4.9,88.5,fridge,sealed_container,74.0,9.57
Carrot,3.0,84.5,fridge,plastic_wrap,52.7,3.03
Carrot,3.9,96.0,fridge,sealed_container,79.3,10.56
Carrot,5.0,92.2,fridge,sealed_container,78.0,14.91
Carrot,5.4,91.7,fridge,perforated_bag,84.5,14.64
Carrot,2.0,91.3,fridge,perforated_bag,88.9,21.13
Carrot,6.9,91.1,fridge,sealed_container,66.5,7.78
Carrot,24.8,45.7,counter,perforated_bag,53.9,0.12
Carrot,11.8,56.9,pantry,plastic_wrap,59.5,0.57
Carrot,20.5,55.0,pantry,unpackaged,63.4,0.23
Carrot,3.2,82.4,fridge,sealed_container,46.1,1.35
Carrot,3.2,85.2,fridge,plastic_wrap,87.8,10.28
Carrot,1.7,81.6,fridge,unpackaged,89.3,6.62
Carrot,6.4,91.7,fridge,sealed_container,67.3,10.56
Carrot,18.6,63.5,pantry,unpackaged,80.6,0.42
Carrot,3.6,85.4,fridge,sealed_container,88.0,11.07
Carrot,22.9,61.5,pantry,unpackaged,66.1,0.15
Carrot,8.3,94.3,fridge,unpackaged,79.7,7.51
Carrot,1.9,94.8,fridge,perforated_bag,90.5,18.88
Carrot,2.9,79.5,fridge,perforated_bag,75.1,2.8
Carrot,28.7,51.9,counter,perforated_bag,54.5,0.12
Carrot,25.6,39.7,counter,perforated_bag,87.0,0.3
Carrot,3.2,95.0,fridge,unpackaged,90.0,14.4
Carrot,4.5,87.0,fridge,unpackaged,84.4,7.47
Carrot,5.3,81.8,fridge,plastic_wrap,53.8,2.2
Carrot,3.9,90.3,fridge,plastic_wrap,48.1,3.54
Carrot,15.8,54.7,counter,perforated_bag,85.5,0.72
Carrot,2.1,99.7,fridge,plastic_wrap,76.5,12.3
Carrot,24.2,43.4,counter,unpackaged,81.9,0.24
Carrot,5.5,97.1,fridge,plastic_wrap,96.4,10.86
Carrot,14.4,64.0,pantry,plastic_wrap,60.2,0.42
Carrot,3.6,95.6,fridge,sealed_container,81.3,16.6
Carrot,30.8,35.4,counter,perforated_bag,72.1,0.16
Carrot,0.0,87.0,fridge,plastic_wrap,73.0,12.63
Carrot,3.6,75.3,fridge,plastic_wrap,84.8,2.41
Carrot,3.3,90.6,fridge,plastic_wrap,63.6,8.18
Carrot,26.5,25.3,counter,plastic_wrap,78.5,0.22
Carrot,3.0,97.4,fridge,perforated_bag,82.4,15.16
Carrot,5.5,90.9,fridge,sealed_container,71.2,6.91
Carrot,3.9,87.0,fridge,plastic_wrap,63.9,6.06
Carrot,16.3,54.9,pantry,sealed_container,60.6,0.3
Carrot,18.1,40.4,counter,perforated_bag,79.3,0.56
Carrot,1.7,79.5,fridge,perforated_bag,75.7,4.82
Carrot,20.0,52.3,pantry,perforated_bag,84.0,0.46
Carrot,20.6,46.1,counter,sealed_container,85.2,0.41
Carrot,18.3,40.3,counter,plastic_wrap,57.4,0.29
Carrot,23.2,39.8,counter,unpackaged,60.2,0.15
Carrot,26.2,42.2,counter,unpackaged,64.3,0.11
Carrot,3.0,91.7,fridge,perforated_bag,78.7,11.41
Carrot,4.5,86.4,fridge,perforated_bag,87.5,10.69
Carrot,22.6,25.2,counter,perforated_bag,60.1,0.22
Carrot,14.3,55.8,pantry,perforated_bag,53.9,0.36
Carrot,1.0,94.4,fridge,sealed_container,92.8,20.04
Carrot,22.0,50.1,pantry,sealed_container,93.4,0.37
Carrot,0.9,83.5,fridge,sealed_container,89.3,11.77
Carrot,3.7,90.4,fridge,plastic_wrap,76.5,9.64
Carrot,2.4,84.3,fridge,unpackaged,64.0,4.21
Carrot,4.9,97.8,fridge,unpackaged,74.0,8.27
Carrot,3.2,81.4,fridge,plastic_wrap,66.5,4.02
Carrot,28.3,40.5,pantry,perforated_bag,49.2,0.08
Carrot,3.6,86.1,fridge,unpackaged,49.3,2.37
Carrot,2.5,79.8,fridge,sealed_container,90.8,5.6
Carrot,6.8,98.0,fridge,plastic_wrap,86.9,11.38
Carrot,18.9,67.8,pantry,plastic_wrap,73.7,0.42
Carrot,5.0,86.7,fridge,plastic_wrap,90.6,9.57
Carrot,5.2,87.0,fridge,sealed_container,65.4,7.18
Carrot,16.0,44.8,pantry,plastic_wrap,83.1,0.45
Carrot,23.5,50.5,pantry,plastic_wrap,54.9,0.16
Carrot,5.5,74.1,fridge,perforated_bag,93.5,2.75
Carrot,1.4,88.0,fridge,unpackaged,91.9,13.96
Carrot,19.7,52.6,pantry,sealed_container,86.2,0.53
Carrot,5.9,93.4,fridge,perforated_bag,78.5,7.49
Carrot,2.9,87.4,fridge,plastic_wrap,47.5,2.1
Carrot,23.7,45.3,pantry,plastic_wrap,45.2,0.06
Carrot,22.4,58.0,pantry,perforated_bag,84.4,0.42
Carrot,18.4,62.0,pantry,perforated_bag,56.8,0.33
Carrot,4.1,93.6,fridge,perforated_bag,86.6,16.38
Carrot,3.6,92.1,fridge,plastic_wrap,47.7,3.78
Carrot,1.5,91.8,fridge,sealed_container,74.3,16.24
Carrot,20.7,36.5,counter,unpackaged,91.4,0.46
Carrot,19.4,52.6,pantry,unpackaged,73.8,0.31
Carrot,21.8,41.5,counter,plastic_wrap,68.1,0.24
Carrot,4.5,91.0,fridge,perforated_bag,67.2,7.76
Carrot,19.8,36.6,counter,sealed_container,65.3,0.36
Carrot,24.6,60.0,pantry,sealed_container,83.4,0.26
Carrot,1.2,84.2,fridge,sealed_container,65.2,7.15
Carrot,19.3,44.9,counter,unpackaged,85.8,0.38
Carrot,2.8,90.0,fridge,plastic_wrap,85.3,14.12
Carrot,0.7,90.1,fridge,plastic_wrap,79.8,12.92
Carrot,20.5,78.6,pantry,perforated_bag,84.3,0.84
Carrot,1.4,82.4,fridge,perforated_bag,84.6,10.1
Carrot,4.2,80.2,fridge,sealed_container,75.3,5.47
Carrot,3.2,79.2,fridge,plastic_wrap,47.6,0.7
Carrot,2.1,87.3,fridge,unpackaged,74.2,7.76
Carrot,4.1,93.3,fridge,perforated_bag,81.5,12.13
Carrot,2.5,86.9,fridge,sealed_container,95.5,15.61
Carrot,24.6,28.8,counter,plastic_wrap,80.2,0.36
Carrot,23.4,36.3,counter,perforated_bag,80.1,0.3
Carrot,3.3,99.2,fridge,plastic_wrap,83.5,11.94
Carrot,5.2,79.8,fridge,perforated_bag,66.9,2.53
Carrot,5.8,94.9,fridge,perforated_bag,51.6,4.58
Carrot,1.2,90.2,fridge,unpackaged,80.3,12.09
Carrot,4.4,92.7,fridge,plastic_wrap,51.9,4.03
Carrot,18.2,53.0,pantry,perforated_bag,81.4,0.57
Carrot,2.9,93.1,fridge,perforated_bag,80.3,14.88
Carrot,5.9,89.4,fridge,perforated_bag,90.9,12.78
Carrot,21.1,44.4,counter,sealed_container,66.5,0.28
Carrot,19.4,55.4,pantry,perforated_bag,52.1,0.18
Carrot,3.3,84.1,fridge,sealed_container,58.6,4.49
Carrot,21.3,40.5,pantry,plastic_wrap,75.5,0.34
Carrot,21.0,43.2,pantry,perforated_bag,75.6,0.32
Carrot,4.0,86.1,fridge,sealed_container,78.0,8.68
Carrot,15.9,35.8,counter,perforated_bag,75.4,0.56
Carrot,2.7,82.3,fridge,sealed_container,79.6,6.55
Carrot,31.1,35.4,counter,sealed_container,77.4,0.17
Carrot,16.3,38.7,pantry,plastic_wrap,86.5,0.69
Carrot,3.3,88.1,fridge,sealed_container,83.2,13.02
Carrot,20.0,45.6,pantry,sealed_container,74.1,0.42
Carrot,4.0,81.7,fridge,plastic_wrap,86.1,6.7
Carrot,5.2,93.1,fridge,perforated_bag,75.9,9.42
Carrot,28.8,51.4,counter,plastic_wrap,82.7,0.19
Carrot,19.8,66.7,pantry,sealed_container,97.7,0.65
Carrot,1.9,91.4,fridge,perforated_bag,90.9,22.64
Carrot,4.9,89.9,fridge,plastic_wrap,86.3,14.25
Carrot,2.9,81.0,fridge,sealed_container,85.8,5.15
Carrot,3.6,90.7,fridge,sealed_container,79.8,12.21
Carrot,3.3,85.8,fridge,plastic_wrap,56.6,4.12
Carrot,6.7,84.3,fridge,unpackaged,85.6,4.95
Carrot,3.5,83.7,fridge,perforated_bag,82.9,9.17
Carrot,5.9,90.5,fridge,sealed_container,72.5,8.74
Carrot,5.2,93.0,fridge,unpackaged,78.8,9.86
Carrot,19.5,35.3,counter,sealed_container,86.3,0.63
Carrot,18.6,37.8,counter,unpackaged,79.2,0.38
Carrot,1.9,90.4,fridge,perforated_bag,86.2,14.46
Carrot,5.7,83.0,fridge,unpackaged,72.2,3.79
Carrot,25.6,44.6,counter,sealed_container,75.8,0.31
Carrot,28.3,30.8,counter,plastic_wrap,78.6,0.17
Carrot,5.2,90.7,fridge,perforated_bag,86.3,13.45
Carrot,3.1,84.5,fridge,sealed_container,78.5,6.85
Carrot,3.3,96.0,fridge,plastic_wrap,95.2,15.76
Carrot,2.5,85.6,fridge,plastic_wrap,75.7,7.24
Carrot,1.4,85.3,fridge,perforated_bag,57.5,5.31
Carrot,19.7,65.3,pantry,perforated_bag,73.7,0.36
Carrot,24.6,30.4,counter,unpackaged,65.7,0.17
Carrot,6.4,87.9,fridge,unpackaged,83.6,5.6
Carrot,26.6,61.3,pantry,plastic_wrap,91.3,0.23
Carrot,2.0,80.2,fridge,perforated_bag,89.1,7.88
Carrot,3.0,79.8,fridge,unpackaged,82.4,3.9
Carrot,5.4,87.0,fridge,sealed_container,71.1,8.22
Carrot,25.8,49.5,counter,perforated_bag,82.4,0.31
Carrot,2.4,86.6,fridge,unpackaged,84.9,8.87
Carrot,24.6,57.4,counter,unpackaged,69.3,0.18
Carrot,22.2,66.9,pantry,perforated_bag,84.3,0.3
Carrot,13.0,73.0,pantry,unpackaged,70.5,0.52
Carrot,5.5,82.4,fridge,perforated_bag,70.4,4.33
Carrot,28.8,57.5,counter,sealed_container,85.6,0.28
Carrot,1.3,84.6,fridge,perforated_bag,88.8,9.8
Carrot,4.9,96.6,fridge,sealed_container,77.5,9.99
Carrot,24.8,35.5,counter,perforated_bag,86.4,0.29
Carrot,5.4,87.9,fridge,unpackaged,88.8,8.64
Carrot,3.6,85.4,fridge,perforated_bag,80.1,10.03
Carrot,4.7,85.5,fridge,unpackaged,88.2,7.7
Carrot,4.5,91.5,fridge,perforated_bag,78.4,11.13
Carrot,4.8,93.8,fridge,plastic_wrap,69.8,8.41
Carrot,2.0,96.3,fridge,unpackaged,81.7,13.51
Carrot,23.5,35.5,counter,perforated_bag,84.5,0.45
Carrot,5.7,94.9,fridge,sealed_container,84.8,13.38
Carrot,23.3,52.1,counter,plastic_wrap,87.8,0.34
Carrot,7.2,78.8,fridge,sealed_container,63.7,1.76
Carrot,5.0,91.6,fridge,plastic_wrap,82.7,12.79
Carrot,27.3,38.4,counter,plastic_wrap,65.2,0.13
Carrot,1.0,88.3,fridge,sealed_container,70.4,10.16
Carrot,4.2,94.7,fridge,unpackaged,70.8,9.13
Carrot,3.2,80.8,fridge,unpackaged,90.3,4.15
Carrot,18.8,72.2,pantry,sealed_container,68.9,0.53
Carrot,19.5,51.0,pantry,perforated_bag,64.6,0.34
Carrot,23.6,51.2,counter,unpackaged,80.1,0.31
Carrot,2.4,81.5,fridge,unpackaged,60.0,3.12
Carrot,5.2,86.4,fridge,plastic_wrap,67.4,5.2
Carrot,1.7,85.2,fridge,plastic_wrap,84.3,8.91
Carrot,0.5,85.2,fridge,unpackaged,72.9,6.45
Carrot,5.6,84.4,fridge,plastic_wrap,69.9,4.94
Carrot,18.6,67.8,pantry,sealed_container,85.9,0.63
Carrot,5.2,85.2,fridge,plastic_wrap,58.1,4.39
Carrot,17.5,44.8,pantry,plastic_wrap,82.4,0.41
Carrot,29.1,51.9,counter,sealed_container,84.4,0.2
Carrot,19.5,59.4,pantry,unpackaged,81.5,0.33
Carrot,22.5,43.8,counter,plastic_wrap,83.9,0.41
Carrot,4.6,87.4,fridge,sealed_container,66.4,8.9
Carrot,4.8,91.4,fridge,plastic_wrap,84.1,9.83
Carrot,4.4,85.1,fridge,perforated_bag,98.1,11.5
Carrot,6.5,92.8,fridge,plastic_wrap,86.5,8.69
Carrot,24.8,57.6,counter,plastic_wrap,67.5,0.2
Carrot,24.1,36.1,counter,sealed_container,70.3,0.35
Carrot,29.6,48.0,counter,sealed_container,70.7,0.17
Carrot,6.1,89.6,fridge,sealed_container,71.2,8.58
Carrot,0.5,92.2,fridge,perforated_bag,52.2,7.56
Carrot,26.1,68.1,counter,perforated_bag,83.0,0.29
Carrot,18.9,56.5,counter,perforated_bag,87.2,0.57
Carrot,3.3,97.2,fridge,perforated_bag,73.5,10.82
Carrot,2.1,91.5,fridge,plastic_wrap,73.1,12.08
Carrot,22.9,54.3,pantry,sealed_container,74.3,0.44
Carrot,5.1,85.3,fridge,plastic_wrap,77.3,6.1
Carrot,21.6,60.0,counter,sealed_container,87.8,0.54
Carrot,4.0,93.0,fridge,perforated_bag,85.8,15.95
Carrot,21.5,33.5,counter,plastic_wrap,77.9,0.41
Carrot,3.2,77.3,fridge,plastic_wrap,79.3,2.69
Carrot,3.2,93.1,fridge,perforated_bag,74.8,13.73
Carrot,26.1,50.5,counter,plastic_wrap,69.8,0.22
Carrot,4.6,83.2,fridge,perforated_bag,72.3,4.96
Carrot,3.8,82.4,fridge,sealed_container,61.1,2.81
Carrot,33.3,66.6,counter,unpackaged,80.1,0.11
Carrot,18.8,30.6,counter,unpackaged,79.6,0.42
Carrot,22.7,45.4,counter,sealed_container,94.9,0.39
Carrot,5.0,86.3,fridge,sealed_container,90.2,8.55
Carrot,21.7,53.2,counter,plastic_wrap,95.5,0.39
Carrot,4.8,88.6,fridge,sealed_container,75.8,10.77
Carrot,25.4,56.0,counter,perforated_bag,84.7,0.32
Carrot,26.8,62.9,counter,unpackaged,69.1,0.18
Carrot,2.0,90.5,fridge,plastic_wrap,78.8,10.57
Carrot,6.1,79.9,fridge,plastic_wrap,85.3,3.26
Carrot,19.0,55.9,pantry,plastic_wrap,76.4,0.32
Carrot,4.1,97.3,fridge,unpackaged,75.4,8.04
Carrot,23.4,55.3,pantry,sealed_container,92.7,0.41
Carrot,3.3,81.7,fridge,perforated_bag,67.1,3.85
Carrot,25.0,38.3,counter,plastic_wrap,74.2,0.31
Carrot,2.4,83.4,fridge,perforated_bag,71.3,6.15
Carrot,7.0,87.9,fridge,sealed_container,83.0,9.62
Carrot,5.6,83.8,fridge,sealed_container,85.1,6.64
Carrot,20.3,39.9,counter,sealed_container,67.8,0.35
Carrot,5.0,92.0,fridge,plastic_wrap,83.5,10.5
Carrot,6.2,83.9,fridge,unpackaged,83.3,4.1
Carrot,25.2,47.4,counter,unpackaged,75.7,0.27
Carrot,3.6,81.5,fridge,plastic_wrap,75.6,4.74
Carrot,4.4,82.3,fridge,unpackaged,83.4,4.95
Carrot,5.8,98.3,fridge,plastic_wrap,93.9,13.38
Carrot,5.0,78.6,fridge,sealed_container,68.0,2.54
Carrot,1.2,86.2,fridge,sealed_container,92.4,18.73
Carrot,19.3,39.3,counter,sealed_container,70.4,0.37
Carrot,3.6,85.3,fridge,plastic_wrap,61.5,4.38
Carrot,3.4,87.5,fridge,plastic_wrap,67.5,7.32
Carrot,3.1,86.7,fridge,unpackaged,89.9,8.42
Cucumber,5.3,84.0,fridge,plastic_wrap,92.5,2.73
Cucumber,4.1,87.2,fridge,plastic_wrap,85.0,3.4
Cucumber,6.6,90.8,fridge,sealed_container,80.7,3.18
Cucumber,2.7,92.8,fridge,sealed_container,81.3,4.73
Cucumber,2.5,96.9,fridge,perforated_bag,74.6,2.88
Cucumber,4.2,90.0,fridge,unpackaged,61.1,1.59
Cucumber,4.1,79.3,fridge,unpackaged,64.6,1.25
Cucumber,1.1,99.4,fridge,unpackaged,83.3,2.84
Cucumber,5.5,88.2,fridge,sealed_container,87.5,4.0
Cucumber,19.3,66.7,pantry,perforated_bag,58.2,0.07
Cucumber,4.1,88.2,fridge,plastic_wrap,86.2,2.64
Cucumber,15.9,71.3,pantry,perforated_bag,59.6,0.14
Cucumber,2.5,84.7,fridge,plastic_wrap,56.7,1.22
Cucumber,6.3,96.3,fridge,perforated_bag,81.1,3.04
Cucumber,13.8,55.3,pantry,unpackaged,58.1,0.1
Cucumber,17.1,45.0,pantry,sealed_container,67.8,0.18
Cucumber,4.4,83.1,fridge,unpackaged,68.0,1.35
Cucumber,4.8,90.6,fridge,sealed_container,72.9,4.26
Cucumber,5.0,88.4,fridge,plastic_wrap,70.1,2.79
Cucumber,2.7,85.7,fridge,perforated_bag,55.5,1.6
Cucumber,4.6,92.9,fridge,unpackaged,56.7,1.7
Cucumber,4.0,87.1,fridge,unpackaged,71.0,2.81
Cucumber,20.1,46.3,pantry,perforated_bag,70.0,0.1
Cucumber,21.9,61.9,counter,sealed_container,88.3,0.12
Cucumber,5.2,100.0,fridge,perforated_bag,85.1,2.25
Cucumber,19.6,55.0,pantry,sealed_container,96.8,0.2
Cucumber,25.0,38.5,counter,plastic_wrap,89.9,0.09
Cucumber,4.4,81.0,fridge,plastic_wrap,80.1,2.29
Cucumber,5.9,96.9,fridge,unpackaged,84.0,1.67
Cucumber,2.4,87.7,fridge,unpackaged,89.2,4.13
Cucumber,4.6,85.4,fridge,plastic_wrap,94.4,4.26
Cucumber,22.4,41.3,counter,sealed_container,60.3,0.07
Cucumber,7.6,88.9,fridge,sealed_container,81.7,3.21
Cucumber,3.4,81.9,fridge,unpackaged,78.7,2.73
Cucumber,2.9,94.1,fridge,unpackaged,75.3,2.65
Cucumber,1.6,85.3,fridge,unpackaged,78.8,3.4
Cucumber,6.8,95.6,fridge,sealed_container,90.2,2.89
Cucumber,21.8,63.2,pantry,plastic_wrap,87.2,0.11
Cucumber,29.0,55.6,counter,sealed_container,94.3,0.07
Cucumber,4.4,90.6,fridge,unpackaged,81.2,2.76
Cucumber,17.3,59.3,pantry,plastic_wrap,72.1,0.13
Cucumber,2.7,86.8,fridge,perforated_bag,70.4,2.91
Cucumber,1.7,85.9,fridge,sealed_container,83.7,6.18
Cucumber,19.2,76.3,pantry,sealed_container,86.7,0.42
Cucumber,4.6,96.5,fridge,sealed_container,83.6,2.63
Cucumber,1.9,85.7,fridge,plastic_wrap,57.9,2.38
Cucumber,4.6,80.0,fridge,perforated_bag,87.7,2.3
Cucumber,22.8,53.7,pantry,perforated_bag,61.3,0.05
Cucumber,15.4,52.6,pantry,plastic_wrap,90.3,0.22
Cucumber,5.6,85.2,fridge,unpackaged,78.6,2.54
Cucumber,2.9,88.3,fridge,sealed_container,71.6,3.62
Cucumber,2.7,89.6,fridge,sealed_container,52.5,1.73
Cucumber,4.8,85.2,fridge,plastic_wrap,94.3,2.49
Cucumber,2.3,94.0,fridge,sealed_container,55.8,1.94
Cucumber,3.1,86.0,fridge,sealed_container,70.2,3.11
Cucumber,2.3,88.3,fridge,perforated_bag,74.6,3.09
Cucumber,5.1,92.9,fridge,plastic_wrap,63.3,2.59
Cucumber,16.9,39.7,pantry,unpackaged,82.1,0.18
Cucumber,17.8,51.8,pantry,unpackaged,89.7,0.11
Cucumber,20.9,59.5,pantry,sealed_container,52.9,0.06
Cucumber,17.5,56.1,pantry,plastic_wrap,79.3,0.14
Cucumber,3.2,83.0,fridge,sealed_container,81.7,3.64
Cucumber,1.9,88.3,fridge,sealed_container,70.9,3.74
Cucumber,26.7,30.2,counter,sealed_container,69.2,0.05
Cucumber,28.6,51.4,counter,perforated_bag,74.8,0.06
Cucumber,22.7,42.3,counter,perforated_bag,86.9,0.11
Cucumber,20.7,66.6,pantry,perforated_bag,55.5,0.07
Cucumber,15.2,32.2,pantry,perforated_bag,78.1,0.18
Cucumber,22.7,48.2,pantry,perforated_bag,75.7,0.11
Cucumber,5.2,89.7,fridge,unpackaged,72.6,2.24
Cucumber,19.6,45.2,pantry,plastic_wrap,60.7,0.09
Cucumber,6.1,79.9,fridge,perforated_bag,84.8,1.54
Cucumber,21.5,60.7,counter,plastic_wrap,63.4,0.06
Cucumber,5.7,92.0,fridge,unpackaged,81.1,2.74
Cucumber,19.0,50.6,counter,perforated_bag,57.2,0.06
Cucumber,4.7,90.5,fridge,sealed_container,78.0,3.79
Cucumber,3.8,75.4,fridge,unpackaged,86.4,1.52
Cucumber,2.1,89.1,fridge,sealed_container,67.8,3.79
Cucumber,19.0,49.9,pantry,sealed_container,77.4,0.16
Cucumber,5.3,88.2,fridge,plastic_wrap,69.0,1.8
Cucumber,5.8,87.0,fridge,unpackaged,59.2,1.38
Cucumber,4.1,89.9,fridge,plastic_wrap,86.5,3.3
Cucumber,4.8,86.9,fridge,sealed_container,67.9,2.37
Cucumber,2.3,91.3,fridge,plastic_wrap,87.9,4.24
Cucumber,1.0,84.9,fridge,plastic_wrap,83.6,4.33
Cucumber,3.6,82.3,fridge,perforated_bag,78.5,2.61
Cucumber,18.0,45.7,pantry,plastic_wrap,58.0,0.07
Cucumber,18.1,64.1,pantry,perforated_bag,80.8,0.19
Cucumber,4.8,93.2,fridge,perforated_bag,80.2,2.89
Cucumber,2.8,92.9,fridge,perforated_bag,83.0,4.36
Cucumber,21.6,34.5,counter,unpackaged,74.2,0.09
Cucumber,17.2,56.8,pantry,plastic_wrap,76.7,0.17
Cucumber,4.3,86.4,fridge,plastic_wrap,48.4,0.66
Cucumber,5.6,88.4,fridge,sealed_container,73.3,3.21
Cucumber,2.7,82.3,fridge,unpackaged,88.6,2.54
Cucumber,6.4,90.8,fridge,sealed_container,66.1,2.92
Cucumber,4.4,90.4,fridge,perforated_bag,85.1,3.66
Cucumber,16.6,49.0,counter,sealed_container,86.6,0.25
Cucumber,5.9,90.5,fridge,unpackaged,58.3,1.54
Cucumber,13.1,45.2,pantry,perforated_bag,59.5,0.11
Cucumber,26.8,36.3,counter,plastic_wrap,80.6,0.08
Cucumber,2.8,83.0,fridge,perforated_bag,71.0,2.64
Cucumber,6.1,90.9,fridge,plastic_wrap,65.0,2.34
Cucumber,1.7,79.1,fridge,perforated_bag,88.4,3.09
Cucumber,19.0,20.4,counter,unpackaged,80.7,0.11
Cucumber,22.9,43.0,counter,perforated_bag,91.0,0.11
Cucumber,4.4,88.6,fridge,unpackaged,60.9,1.46
Cucumber,2.8,90.2,fridge,sealed_container,94.2,4.69
Cucumber,5.5,90.5,fridge,sealed_container,57.3,1.9
Cucumber,27.3,57.3,counter,plastic_wrap,85.8,0.07
Cucumber,4.0,88.4,fridge,plastic_wrap,82.8,3.17
Cucumber,3.9,97.2,fridge,plastic_wrap,73.2,2.14
Cucumber,4.5,94.5,fridge,unpackaged,82.5,2.69
Cucumber,17.3,60.8,pantry,perforated_bag,65.4,0.14
Cucumber,18.8,62.9,pantry,unpackaged,85.3,0.15
Cucumber,4.6,85.6,fridge,perforated_bag,86.0,3.8
Cucumber,24.0,60.8,pantry,plastic_wrap,81.7,0.09
Cucumber,2.8,95.4,fridge,perforated_bag,77.0,3.98
Cucumber,28.9,51.7,counter,plastic_wrap,67.8,0.05
Cucumber,5.1,95.3,fridge,perforated_bag,86.7,3.16
Cucumber,18.1,41.8,pantry,perforated_bag,68.3,0.11
Cucumber,3.1,94.4,fridge,unpackaged,76.2,2.68
Cucumber,22.6,51.8,counter,unpackaged,50.9,0.03
Cucumber,23.8,50.4,counter,perforated_bag,76.6,0.11
Cucumber,20.6,60.7,pantry,plastic_wrap,61.7,0.07
Cucumber,4.7,79.8,fridge,unpackaged,71.5,1.58
Cucumber,1.4,84.0,fridge,plastic_wrap,98.0,5.32
Cucumber,28.8,57.4,counter,sealed_container,72.8,0.05
Cucumber,2.3,81.9,fridge,unpackaged,83.9,2.7
Cucumber,4.0,82.4,fridge,perforated_bag,54.2,1.13
Cucumber,18.5,44.2,pantry,plastic_wrap,93.5,0.14
Cucumber,6.8,83.1,fridge,perforated_bag,87.0,2.63
Cucumber,4.4,85.8,fridge,perforated_bag,72.5,2.89
Cucumber,2.0,94.2,fridge,unpackaged,75.5,2.57
Cucumber,3.7,82.2,fridge,unpackaged,87.6,2.47
Cucumber,20.5,66.6,pantry,perforated_bag,91.9,0.15
Cucumber,26.9,46.8,counter,perforated_bag,96.3,0.08
Cucumber,16.8,59.9,pantry,perforated_bag,85.7,0.16
Cucumber,3.5,81.8,fridge,perforated_bag,88.3,2.93
Cucumber,4.4,88.2,fridge,perforated_bag,90.3,4.33
Cucumber,19.9,36.2,counter,perforated_bag,68.0,0.08
Cucumber,4.1,86.5,fridge,plastic_wrap,75.8,2.84
Cucumber,5.2,97.1,fridge,plastic_wrap,97.5,3.0
Cucumber,19.9,55.5,pantry,unpackaged,86.1,0.1
Cucumber,4.3,87.8,fridge,sealed_container,68.6,2.16
Cucumber,18.3,57.9,pantry,unpackaged,72.0,0.11
Cucumber,5.0,93.6,fridge,unpackaged,68.0,1.75
Cucumber,4.0,89.1,fridge,unpackaged,78.7,2.68
Cucumber,2.4,91.4,fridge,perforated_bag,60.4,2.27
Cucumber,26.3,40.6,counter,plastic_wrap,68.8,0.04
Cucumber,4.1,90.5,fridge,perforated_bag,74.8,4.35
Cucumber,20.8,42.9,pantry,unpackaged,57.9,0.05
Cucumber,4.1,75.2,fridge,plastic_wrap,86.0,1.01
Cucumber,21.6,42.2,counter,sealed_container,56.5,0.06
Cucumber,7.7,91.7,fridge,perforated_bag,66.9,2.04
Cucumber,5.2,88.7,fridge,perforated_bag,83.0,2.57
Cucumber,17.8,25.5,counter,sealed_container,65.7,0.12
Cucumber,20.5,46.0,pantry,perforated_bag,89.6,0.14
Cucumber,2.2,87.1,fridge,plastic_wrap,87.3,3.9
Cucumber,2.5,84.7,fridge,unpackaged,81.5,3.03
Cucumber,2.8,87.5,fridge,perforated_bag,59.0,2.08
Cucumber,20.6,31.3,counter,unpackaged,91.3,0.12
Cucumber,5.9,94.7,fridge,unpackaged,87.0,2.64
Cucumber,4.5,79.4,fridge,perforated_bag,58.8,1.23
Cucumber,18.2,38.0,pantry,sealed_container,80.0,0.13
Cucumber,5.9,87.9,fridge,unpackaged,74.4,2.37
Cucumber,19.7,37.2,counter,sealed_container,86.1,0.16
Cucumber,1.7,91.3,fridge,sealed_container,78.2,6.28
Cucumber,4.5,100.0,fridge,unpackaged,74.2,1.33
Cucumber,19.4,50.1,counter,plastic_wrap,75.5,0.11
Cucumber,24.0,52.2,pantry,unpackaged,60.1,0.04
Cucumber,5.3,90.4,fridge,perforated_bag,85.2,4.06
Cucumber,19.0,53.9,pantry,plastic_wrap,57.5,0.06
Cucumber,4.2,93.4,fridge,perforated_bag,98.6,5.55
Cucumber,3.4,82.5,fridge,perforated_bag,78.7,2.62
Cucumber,3.0,83.5,fridge,sealed_container,78.8,3.19
Cucumber,23.0,56.2,pantry,plastic_wrap,82.6,0.07
Cucumber,4.2,92.5,fridge,plastic_wrap,75.0,2.9
Cucumber,3.6,89.2,fridge,plastic_wrap,87.8,3.87
Cucumber,26.1,63.7,pantry,sealed_container,84.7,0.07
Cucumber,22.7,45.5,counter,sealed_container,84.8,0.14
Cucumber,5.9,93.4,fridge,unpackaged,69.7,1.67
Cucumber,7.2,86.2,fridge,plastic_wrap,93.6,3.5
Cucumber,3.6,85.5,fridge,perforated_bag,73.9,3.66
Cucumber,28.4,46.2,counter,perforated_bag,74.3,0.05
Cucumber,3.5,79.0,fridge,perforated_bag,82.9,2.19
Cucumber,3.9,77.7,fridge,plastic_wrap,62.9,1.09
Cucumber,3.9,84.1,fridge,unpackaged,85.7,2.85
Cucumber,25.1,48.1,counter,unpackaged,71.8,0.05
Cucumber,18.7,45.3,pantry,plastic_wrap,89.4,0.14
Cucumber,3.2,83.1,fridge,plastic_wrap,84.0,3.57
Cucumber,6.3,91.8,fridge,sealed_container,57.1,2.14
Cucumber,4.1,87.9,fridge,perforated_bag,78.2,3.2
Cucumber,2.8,90.7,fridge,perforated_bag,91.0,4.87
Cucumber,1.8,88.8,fridge,plastic_wrap,67.1,3.24
Cucumber,18.5,60.7,counter,perforated_bag,78.9,0.13
Cucumber,5.0,91.2,fridge,sealed_container,85.9,4.24
Cucumber,4.6,93.5,fridge,unpackaged,48.0,0.62
Cucumber,22.3,37.1,pantry,perforated_bag,66.1,0.09
Cucumber,4.2,86.0,fridge,plastic_wrap,55.1,1.53
Cucumber,19.6,41.4,counter,unpackaged,85.2,0.13
Cucumber,22.3,48.4,counter,unpackaged,83.0,0.1
Cucumber,18.4,41.3,counter,perforated_bag,66.1,0.09
Cucumber,17.7,40.5,pantry,perforated_bag,84.1,0.16
Cucumber,4.0,89.5,fridge,plastic_wrap,99.8,4.81
Cucumber,3.8,89.8,fridge,sealed_container,76.6,3.86
Cucumber,4.4,87.9,fridge,sealed_container,88.3,4.73
Cucumber,3.5,100.0,fridge,plastic_wrap,77.6,1.95
Cucumber,5.1,90.4,fridge,unpackaged,89.2,3.91
Cucumber,5.9,77.8,fridge,plastic_wrap,74.6,1.15
Cucumber,4.5,89.8,fridge,perforated_bag,69.3,2.79
Cucumber,23.0,56.5,pantry,perforated_bag,59.3,0.06
Cucumber,24.9,25.3,pantry,perforated_bag,87.2,0.09
Cucumber,3.6,90.8,fridge,sealed_container,67.7,3.78
Cucumber,2.6,93.6,fridge,plastic_wrap,75.7,3.12
Cucumber,3.0,77.2,fridge,unpackaged,55.7,0.75
Cucumber,7.4,95.0,fridge,unpackaged,92.1,2.92
Cucumber,3.0,85.9,fridge,sealed_container,65.5,2.72
Cucumber,5.1,86.1,fridge,unpackaged,89.6,3.04
Cucumber,3.2,85.7,fridge,unpackaged,86.4,3.99
Cucumber,4.1,92.8,fridge,plastic_wrap,85.7,3.61
Cucumber,4.3,88.2,fridge,perforated_bag,55.9,1.45
Cucumber,6.1,98.4,fridge,perforated_bag,83.4,2.49
Cucumber,20.9,47.3,pantry,perforated_bag,85.0,0.12
Cucumber,4.4,90.0,fridge,sealed_container,86.6,4.72
Cucumber,24.3,65.9,counter,perforated_bag,91.5,0.11
Cucumber,19.3,50.6,pantry,plastic_wrap,77.6,0.12
Cucumber,4.2,90.9,fridge,plastic_wrap,90.4,2.81
Cucumber,4.2,83.0,fridge,unpackaged,95.4,3.39
Cucumber,0.6,88.9,fridge,unpackaged,79.6,3.74
Cucumber,23.5,39.2,counter,sealed_container,77.5,0.09
Cucumber,16.6,62.7,pantry,unpackaged,76.4,0.14
Cucumber,21.9,31.8,counter,perforated_bag,89.9,0.13
Cucumber,19.7,63.9,pantry,perforated_bag,72.9,0.12
Cucumber,2.4,89.3,fridge,plastic_wrap,61.0,2.93
Cucumber,1.1,80.6,fridge,plastic_wrap,66.8,2.07
Cucumber,4.9,89.5,fridge,unpackaged,94.7,2.79
Cucumber,25.7,35.1,counter,perforated_bag,87.5,0.11
Cucumber,21.7,50.7,pantry,sealed_container,66.8,0.09
Cucumber,6.7,79.0,fridge,sealed_container,82.6,2.18
Cucumber,3.7,83.8,fridge,perforated_bag,85.2,3.17
Cucumber,4.2,84.1,fridge,unpackaged,55.1,1.08
Cucumber,3.2,82.7,fridge,sealed_container,66.3,2.5
Cucumber,19.6,34.5,pantry,unpackaged,78.6,0.1
Cucumber,2.9,85.9,fridge,sealed_container,92.9,4.37
Cucumber,18.5,63.1,pantry,perforated_bag,50.0,0.05
Cucumber,3.1,94.8,fridge,unpackaged,77.2,2.68
Cucumber,22.3,56.4,counter,plastic_wrap,89.0,0.1
Cucumber,2.7,92.1,fridge,perforated_bag,75.8,3.81
Cucumber,25.4,67.7,counter,perforated_bag,74.3,0.08
Cucumber,4.0,87.2,fridge,plastic_wrap,75.0,2.89
Cucumber,5.5,88.5,fridge,sealed_container,69.3,3.35
Cucumber,23.8,46.2,pantry,perforated_bag,75.4,0.07
Cucumber,31.4,42.3,counter,unpackaged,91.6,0.04
Cucumber,0.8,89.9,fridge,perforated_bag,95.9,6.03
Cucumber,3.0,92.0,fridge,plastic_wrap,81.4,3.82
Cucumber,14.9,47.8,pantry,plastic_wrap,78.3,0.2
Cucumber,26.6,50.7,pantry,plastic_wrap,73.4,0.06
Cucumber,16.3,56.8,pantry,perforated_bag,74.4,0.19
Cucumber,28.9,37.0,counter,perforated_bag,66.2,0.04
Cucumber,19.4,45.4,pantry,unpackaged,83.8,0.14
Cucumber,5.0,90.8,fridge,sealed_container,87.0,4.4
Cucumber,4.4,92.5,fridge,perforated_bag,86.5,4.05
Cucumber,5.1,81.2,fridge,perforated_bag,78.8,2.21
Cucumber,5.9,84.3,fridge,perforated_bag,93.8,2.61
Cucumber,5.4,88.8,fridge,perforated_bag,86.7,3.46
Cucumber,2.2,86.6,fridge,perforated_bag,69.9,3.15
Cucumber,24.6,49.6,counter,plastic_wrap,65.6,0.05
Cucumber,4.4,75.9,fridge,plastic_wrap,69.3,1.06
Cucumber,3.5,82.5,fridge,perforated_bag,67.1,1.76
Cucumber,4.8,84.9,fridge,unpackaged,76.3,2.62
Cucumber,22.5,52.7,pantry,unpackaged,69.6,0.06
Cucumber,3.2,85.8,fridge,unpackaged,59.4,1.8
Cucumber,2.9,78.8,fridge,unpackaged,71.4,1.32
Cucumber,1.3,83.5,fridge,perforated_bag,70.5,3.01
Cucumber,23.7,61.8,pantry,perforated_bag,92.6,0.12
Cucumber,3.9,87.9,fridge,sealed_container,79.5,3.9
Cucumber,17.9,44.7,pantry,sealed_container,74.0,0.13
Cucumber,3.5,95.2,fridge,unpackaged,83.2,2.05
Cucumber,20.3,48.4,pantry,plastic_wrap,68.8,0.09
Cucumber,21.0,67.0,pantry,sealed_container,59.5,0.07
Cucumber,19.1,51.9,counter,plastic_wrap,76.0,0.13
Cucumber,21.7,63.3,counter,perforated_bag,86.5,0.16
Cucumber,2.0,81.6,fridge,sealed_container,84.7,3.81
Cucumber,2.1,83.6,fridge,sealed_container,58.2,2.79
Cucumber,2.5,82.3,fridge,sealed_container,91.5,4.13
Cucumber,3.5,84.0,fridge,unpackaged,67.7,2.19
Cucumber,3.0,81.3,fridge,sealed_container,80.2,3.39
Cucumber,23.6,55.2,pantry,unpackaged,71.8,0.06
Cucumber,3.8,92.2,fridge,unpackaged,52.9,1.29
Cucumber,5.2,89.6,fridge,plastic_wrap,86.1,3.94
Cucumber,16.8,54.3,pantry,plastic_wrap,81.3,0.15
Cucumber,20.8,49.1,pantry,unpackaged,82.9,0.1
Cucumber,4.0,92.5,fridge,plastic_wrap,82.3,4.1
Cucumber,3.9,84.9,fridge,unpackaged,60.1,1.5
Cucumber,25.1,60.3,pantry,perforated_bag,91.9,0.08
Cucumber,5.2,86.9,fridge,plastic_wrap,69.2,2.6
Cucumber,6.4,82.4,fridge,unpackaged,70.4,1.43
Cucumber,3.2,86.8,fridge,perforated_bag,83.0,4.72
Cucumber,25.3,65.6,counter,perforated_bag,62.2,0.06
Cucumber,3.2,88.9,fridge,sealed_container,61.8,2.91
Cucumber,4.0,73.3,fridge,plastic_wrap,80.3,0.83
Cucumber,19.5,41.0,counter,plastic_wrap,75.7,0.1
Cucumber,7.0,92.1,fridge,perforated_bag,95.2,3.3
Cucumber,3.8,88.5,fridge,unpackaged,58.0,1.53
Cucumber,5.6,88.3,fridge,unpackaged,68.0,1.88
Cucumber,20.2,57.6,pantry,perforated_bag,63.3,0.09
Cucumber,19.2,42.0,counter,perforated_bag,86.4,0.19
Cucumber,4.8,92.4,fridge,perforated_bag,71.3,3.35
Cucumber,21.4,78.6,pantry,perforated_bag,91.8,0.63
Cucumber,6.0,86.4,fridge,perforated_bag,84.5,2.66
Cucumber,0.8,87.1,fridge,plastic_wrap,80.9,4.4
Cucumber,6.6,80.8,fridge,plastic_wrap,93.9,2.1
Cucumber,25.1,28.8,counter,sealed_container,71.2,0.08
Cucumber,2.9,84.0,fridge,sealed_container,63.3,2.83
Cucumber,6.4,84.5,fridge,sealed_container,82.3,2.77
Cucumber,20.9,68.1,counter,perforated_bag,59.7,0.07
Cucumber,6.0,92.3,fridge,sealed_container,79.8,3.6
Cucumber,2.7,98.6,fridge,unpackaged,71.7,1.72
Cucumber,14.1,50.8,pantry,plastic_wrap,76.3,0.16
Cucumber,23.1,37.4,counter,plastic_wrap,78.7,0.09
Cucumber,24.5,44.4,counter,plastic_wrap,68.0,0.06
Cucumber,26.3,42.2,counter,plastic_wrap,94.8,0.07
Cucumber,6.2,88.8,fridge,plastic_wrap,86.2,3.84
Cucumber,24.0,77.3,pantry,plastic_wrap,73.5,0.21
Cucumber,2.8,100.0,fridge,unpackaged,53.7,0.93
Cucumber,18.3,65.3,pantry,unpackaged,85.6,0.11
Cucumber,6.0,86.1,fridge,unpackaged,53.7,0.99
Cucumber,1.6,91.7,fridge,plastic_wrap,65.5,2.66
Cucumber,3.8,83.0,fridge,plastic_wrap,88.5,2.89
Cucumber,2.9,86.3,fridge,plastic_wrap,75.6,3.83
Cucumber,3.9,89.2,fridge,plastic_wrap,76.6,4.09
Cucumber,24.7,76.1,counter,sealed_container,83.9,0.22
Cucumber,7.5,86.6,fridge,unpackaged,76.2,1.67
Cucumber,5.5,85.6,fridge,perforated_bag,77.3,3.57
Cucumber,4.1,97.3,fridge,plastic_wrap,61.2,1.61
Cucumber,3.1,86.6,fridge,sealed_container,59.5,1.78
Cucumber,17.8,68.4,counter,perforated_bag,84.8,0.22
Cucumber,15.3,67.8,pantry,perforated_bag,57.7,0.1
Cucumber,23.5,46.3,counter,sealed_container,69.9,0.06
Cucumber,5.1,87.0,fridge,unpackaged,70.9,1.97
Cucumber,2.3,91.6,fridge,perforated_bag,47.2,1.09
Cucumber,22.6,44.9,counter,unpackaged,62.9,0.06
Cucumber,4.4,78.4,fridge,perforated_bag,77.9,1.74
Cucumber,24.4,49.9,pantry,plastic_wrap,69.9,0.06
Cucumber,5.7,92.5,fridge,plastic_wrap,62.0,2.38
Cucumber,17.6,28.0,counter,sealed_container,86.0,0.2
Cucumber,3.3,84.1,fridge,plastic_wrap,86.6,3.41
Cucumber,4.5,85.9,fridge,unpackaged,73.3,3.01
Cucumber,29.4,36.9,counter,perforated_bag,61.7,0.03
Cucumber,3.1,94.6,fridge,perforated_bag,88.4,4.01
Cucumber,21.7,46.0,counter,unpackaged,65.1,0.07
Cucumber,3.0,85.2,fridge,sealed_container,81.9,4.06
Cucumber,1.9,89.4,fridge,unpackaged,87.1,2.97
Cucumber,6.5,90.8,fridge,unpackaged,66.4,1.56
Cucumber,21.2,44.4,counter,unpackaged,65.1,0.07
Cucumber,3.7,82.1,fridge,unpackaged,78.5,1.69
Cucumber,19.5,56.6,pantry,unpackaged,83.1,0.12
Cucumber,22.8,57.4,counter,plastic_wrap,53.7,0.04
Cucumber,5.1,85.8,fridge,sealed_container,70.1,2.72
Cucumber,2.4,77.4,fridge,perforated_bag,97.5,2.28
Cucumber,25.6,44.4,counter,unpackaged,61.1,0.04
Cucumber,6.3,89.4,fridge,perforated_bag,92.3,3.21
Cucumber,6.4,89.0,fridge,plastic_wrap,65.2,2.4
Cucumber,4.1,90.3,fridge,unpackaged,65.1,1.88
Cucumber,4.0,95.1,fridge,sealed_container,88.3,4.17
Cucumber,3.1,88.0,fridge,perforated_bag,68.9,3.35
Cucumber,3.7,87.1,fridge,perforated_bag,79.4,3.43
Cucumber,14.7,70.7,pantry,perforated_bag,88.1,0.28
Cucumber,20.3,32.6,counter,plastic_wrap,78.7,0.13
Cucumber,21.8,31.3,pantry,sealed_container,72.9,0.1
Cucumber,3.0,72.9,fridge,perforated_bag,76.7,1.04
Cucumber,18.6,31.7,pantry,sealed_container,60.6,0.11
Cucumber,3.1,87.9,fridge,unpackaged,71.2,1.88
Cucumber,4.9,91.0,fridge,unpackaged,67.4,2.12
Cucumber,3.9,86.9,fridge,sealed_container,74.9,2.5
Cucumber,21.0,40.2,pantry,plastic_wrap,55.1,0.05
Cucumber,4.8,84.0,fridge,perforated_bag,72.3,2.93
Cucumber,3.8,91.5,fridge,unpackaged,86.6,3.56
Cucumber,20.7,47.4,pantry,plastic_wrap,81.9,0.13
Cucumber,1.6,87.5,fridge,plastic_wrap,47.9,0.76
Cucumber,5.8,89.8,fridge,plastic_wrap,91.1,3.03
Cucumber,4.3,86.3,fridge,plastic_wrap,49.9,1.02
Cucumber,3.5,88.9,fridge,unpackaged,83.0,3.09
Cucumber,30.1,46.7,counter,unpackaged,66.3,0.04
Cucumber,3.7,87.0,fridge,perforated_bag,80.5,4.2
Cucumber,5.3,85.2,fridge,unpackaged,71.6,2.21
Cucumber,22.1,46.1,pantry,plastic_wrap,52.0,0.04
Cucumber,25.9,30.0,counter,unpackaged,68.7,0.04
Cucumber,4.1,83.9,fridge,sealed_container,76.7,2.79
Cucumber,3.8,82.1,fridge,unpackaged,61.0,1.29
Cucumber,5.3,85.9,fridge,unpackaged,88.8,3.25
Cucumber,27.2,37.8,pantry,plastic_wrap,90.4,0.1
Cucumber,23.9,47.1,pantry,perforated_bag,66.6,0.06
Cucumber,6.2,86.8,fridge,sealed_container,70.7,1.95
Cucumber,2.4,86.5,fridge,unpackaged,70.7,2.46
Cucumber,20.7,52.8,pantry,perforated_bag,83.6,0.14
Cucumber,22.1,35.5,counter,unpackaged,86.9,0.12
Cucumber,2.3,92.6,fridge,perforated_bag,83.1,4.1
Cucumber,3.1,95.0,fridge,unpackaged,97.9,3.58
Grape,24.7,72.3,counter,unpackaged,91.6,0.14
Grape,6.9,80.4,fridge,unpackaged,67.3,1.29
Grape,2.8,92.1,fridge,unpackaged,64.6,4.4
Grape,5.6,89.8,fridge,plastic_wrap,67.7,4.18
Grape,2.3,85.2,fridge,unpackaged,74.6,2.7
Grape,4.0,90.7,fridge,sealed_container,97.2,9.26
Grape,1.3,91.4,fridge,unpackaged,64.8,5.71
Grape,26.2,60.5,counter,plastic_wrap,83.7,0.09
Grape,2.1,90.6,fridge,plastic_wrap,61.1,4.18
Grape,4.2,88.7,fridge,plastic_wrap,70.5,3.77
Grape,4.1,91.1,fridge,unpackaged,82.3,6.33
Grape,1.8,90.4,fridge,plastic_wrap,62.2,4.98
Grape,6.7,91.6,fridge,unpackaged,80.2,3.97
Grape,23.2,44.0,pantry,plastic_wrap,85.3,0.16
Grape,3.7,95.9,fridge,perforated_bag,61.7,4.22
Grape,5.7,85.6,fridge,unpackaged,85.8,4.31
Grape,4.9,86.9,fridge,sealed_container,74.5,4.26
Grape,4.2,87.5,fridge,unpackaged,97.4,6.55
Grape,17.7,46.8,pantry,plastic_wrap,75.8,0.24
Grape,3.5,83.0,fridge,perforated_bag,88.1,3.83
Grape,6.0,88.0,fridge,unpackaged,62.2,2.72
Grape,5.4,81.6,fridge,perforated_bag,73.5,2.22
Grape,3.0,81.9,fridge,plastic_wrap,60.0,1.91
Grape,1.7,83.5,fridge,plastic_wrap,79.5,4.0
Grape,5.5,94.2,fridge,perforated_bag,81.5,4.94
Grape,18.6,63.6,pantry,unpackaged,91.4,0.31
Grape,5.6,85.9,fridge,unpackaged,91.0,3.15
Grape,27.0,40.9,counter,plastic_wrap,59.6,0.06
Grape,28.0,29.7,counter,plastic_wrap,63.5,0.07
Grape,4.9,90.7,fridge,plastic_wrap,61.1,3.55
Grape,30.2,28.2,counter,unpackaged,57.3,0.03
Grape,3.2,93.7,fridge,unpackaged,75.5,4.74
Grape,5.8,92.5,fridge,unpackaged,94.2,5.91
Grape,2.4,91.7,fridge,unpackaged,96.5,9.29
Grape,2.3,85.4,fridge,sealed_container,82.5,5.99
Grape,18.4,51.6,counter,perforated_bag,83.1,0.28
Grape,3.1,88.9,fridge,sealed_container,87.0,10.54
Grape,3.6,85.4,fridge,unpackaged,82.0,4.7
Grape,3.2,80.8,fridge,unpackaged,83.0,2.24
Grape,24.3,56.6,counter,unpackaged,91.9,0.17
Grape,16.3,51.4,pantry,sealed_container,97.7,0.44
Grape,14.1,63.6,pantry,unpackaged,86.7,0.46
Grape,7.2,91.7,fridge,perforated_bag,90.6,6.52
Grape,5.3,92.1,fridge,plastic_wrap,59.8,3.14
Grape,3.9,88.9,fridge,plastic_wrap,62.6,3.64
Grape,19.0,51.9,pantry,sealed_container,67.5,0.21
Grape,19.6,36.3,pantry,sealed_container,87.1,0.27
Grape,4.1,93.3,fridge,plastic_wrap,65.2,5.19
Grape,0.9,82.0,fridge,sealed_container,80.0,3.9
Grape,3.7,89.9,fridge,perforated_bag,80.7,5.41
Grape,23.6,54.7,pantry,plastic_wrap,66.4,0.13
Grape,2.3,79.4,fridge,sealed_container,72.0,1.76
Grape,2.2,88.9,fridge,unpackaged,84.9,4.69
Grape,4.3,82.8,fridge,unpackaged,74.4,2.68
Grape,6.1,77.1,fridge,perforated_bag,65.5,0.78
Grape,5.8,78.4,fridge,unpackaged,56.6,0.61
Grape,7.9,89.0,fridge,sealed_container,86.3,4.59
Grape,4.8,85.0,fridge,unpackaged,66.0,2.77
Grape,23.4,51.2,counter,plastic_wrap,82.6,0.16
Grape,13.3,57.4,pantry,unpackaged,67.9,0.22
Grape,15.2,37.3,pantry,sealed_container,83.4,0.4
Grape,18.7,37.1,counter,plastic_wrap,75.9,0.22
Grape,27.9,42.0,counter,plastic_wrap,93.3,0.12
Grape,2.4,88.3,fridge,plastic_wrap,84.6,6.35
Grape,18.8,59.9,counter,sealed_container,80.6,0.34
Grape,3.5,96.5,fridge,unpackaged,70.1,2.66
Grape,21.7,55.8,counter,unpackaged,76.7,0.15
Grape,4.5,90.9,fridge,plastic_wrap,82.0,6.31
Grape,5.7,99.2,fridge,sealed_container,74.5,3.88
Grape,4.0,98.8,fridge,sealed_container,75.9,5.37
Grape,1.8,87.1,fridge,plastic_wrap,84.8,6.78
Grape,29.9,58.1,counter,sealed_container,67.8,0.08
Grape,22.1,49.2,pantry,perforated_bag,82.5,0.15
Grape,18.7,52.6,pantry,plastic_wrap,64.5,0.2
Grape,3.5,84.2,fridge,unpackaged,81.1,3.4
Grape,4.5,82.7,fridge,perforated_bag,94.4,4.57
Grape,23.7,58.3,pantry,sealed_container,94.8,0.22
Grape,24.7,41.0,counter,perforated_bag,98.3,0.21
Grape,5.2,90.4,fridge,sealed_container,72.4,5.56
Grape,3.8,96.4,fridge,perforated_bag,54.7,2.48
Grape,26.9,38.0,counter,sealed_container,73.6,0.12
Grape,2.1,76.8,fridge,sealed_container,84.8,1.06
Grape,24.7,53.4,pantry,sealed_container,89.9,0.23
Grape,0.5,87.6,fridge,unpackaged,73.2,5.94
Grape,4.5,92.9,fridge,plastic_wrap,89.3,6.19
Grape,27.0,36.6,counter,perforated_bag,63.6,0.09
Grape,4.5,79.8,fridge,plastic_wrap,90.7,2.13
Grape,3.4,85.0,fridge,plastic_wrap,69.4,3.27
Grape,5.4,83.2,fridge,plastic_wrap,72.8,2.53
Grape,1.0,86.8,fridge,plastic_wrap,84.1,7.15
Grape,23.7,43.5,counter,perforated_bag,64.4,0.11
Grape,6.8,88.9,fridge,plastic_wrap,80.1,3.13
Grape,18.6,53.9,pantry,sealed_container,92.8,0.31
Grape,4.9,94.8,fridge,unpackaged,83.5,5.03
Grape,18.1,37.9,counter,plastic_wrap,72.0,0.19
Grape,20.1,47.1,pantry,perforated_bag,98.2,0.28
Grape,3.4,90.2,fridge,unpackaged,81.0,4.92
Grape,4.8,92.9,fridge,perforated_bag,86.0,6.55
Grape,27.8,63.8,counter,sealed_container,86.2,0.09
Grape,18.8,44.0,pantry,sealed_container,86.9,0.25
Grape,3.3,94.0,fridge,unpackaged,86.8,6.29
Grape,27.4,44.6,counter,sealed_container,67.4,0.09
Grape,20.9,47.6,pantry,perforated_bag,89.9,0.21
Grape,31.7,53.0,counter,unpackaged,84.1,0.06
Grape,21.3,47.2,counter,plastic_wrap,75.8,0.16
Grape,23.3,58.4,counter,unpackaged,95.2,0.18
Grape,3.7,85.4,fridge,plastic_wrap,95.7,5.55
Grape,1.2,87.2,fridge,perforated_bag,85.0,7.78
Grape,6.8,88.5,fridge,perforated_bag,69.6,3.5
Grape,6.4,82.8,fridge,unpackaged,84.6,2.53
Grape,4.5,98.7,fridge,plastic_wrap,95.8,4.64
Grape,19.5,67.0,pantry,sealed_container,86.8,0.22
Grape,19.5,55.4,pantry,perforated_bag,73.4,0.24
Grape,19.8,50.5,pantry,plastic_wrap,73.5,0.19
Grape,14.9,54.8,pantry,unpackaged,84.0,0.27
Grape,1.9,94.7,fridge,plastic_wrap,91.5,7.69
Grape,21.1,49.1,counter,perforated_bag,84.9,0.18
Grape,25.2,68.1,counter,sealed_container,92.8,0.17
Grape,4.9,91.4,fridge,plastic_wrap,88.2,6.57
Grape,3.6,87.9,fridge,sealed_container,61.4,5.13
Grape,5.6,88.1,fridge,perforated_bag,76.0,3.3
Grape,24.3,47.5,counter,plastic_wrap,85.5,0.13
Grape,25.2,48.8,pantry,sealed_container,74.5,0.14
Grape,3.3,94.2,fridge,plastic_wrap,78.2,5.2
Grape,4.0,94.9,fridge,plastic_wrap,49.2,2.06
Grape,5.8,68.6,fridge,plastic_wrap,83.0,0.84
Grape,4.9,89.3,fridge,sealed_container,79.1,7.48
Grape,4.8,90.5,fridge,sealed_container,89.4,8.71
Grape,23.0,56.7,pantry,unpackaged,94.9,0.16
Grape,0.8,91.2,fridge,perforated_bag,56.8,5.7
Grape,2.8,86.7,fridge,sealed_container,69.9,4.89
Grape,4.4,90.0,fridge,plastic_wrap,72.0,3.62
Grape,26.1,53.8,counter,unpackaged,88.8,0.14
Grape,29.3,37.4,pantry,sealed_container,95.4,0.13
Grape,19.8,62.0,pantry,sealed_container,86.9,0.26
Grape,27.4,39.2,counter,perforated_bag,82.8,0.13
Grape,5.7,83.4,fridge,sealed_container,74.8,3.3
Grape,24.0,74.2,pantry,unpackaged,93.4,0.19
Grape,26.2,65.8,pantry,sealed_container,73.4,0.1
Grape,17.6,52.9,pantry,unpackaged,88.4,0.26
Grape,18.8,69.9,pantry,plastic_wrap,79.7,0.21
Grape,4.3,77.6,fridge,plastic_wrap,88.4,1.13
Grape,5.2,86.5,fridge,plastic_wrap,76.0,3.31
Grape,21.1,52.3,pantry,plastic_wrap,90.9,0.23
Grape,2.0,91.1,fridge,unpackaged,79.4,6.82
Grape,19.6,43.7,counter,perforated_bag,60.8,0.15
Grape,27.3,25.4,counter,unpackaged,78.8,0.09
Grape,2.9,90.6,fridge,sealed_container,90.0,8.23
Grape,20.6,61.3,pantry,perforated_bag,88.9,0.27
Grape,1.9,89.0,fridge,plastic_wrap,71.8,6.15
Grape,5.3,92.7,fridge,plastic_wrap,66.1,4.27
Grape,5.9,81.7,fridge,sealed_container,82.4,2.65
Grape,4.5,94.6,fridge,sealed_container,71.9,4.11
Grape,4.2,87.8,fridge,unpackaged,76.5,5.43
Grape,4.8,92.9,fridge,sealed_container,76.7,5.32
Grape,20.2,63.8,counter,unpackaged,66.1,0.12
Grape,24.2,58.6,pantry,unpackaged,82.3,0.14
Grape,21.5,43.3,counter,sealed_container,98.1,0.3
Grape,23.0,61.7,pantry,sealed_container,75.7,0.2
Grape,6.2,87.4,fridge,perforated_bag,63.6,3.42
Grape,2.3,81.5,fridge,plastic_wrap,75.2,2.15
Grape,22.1,46.8,counter,sealed_container,62.3,0.15
Grape,4.7,84.5,fridge,sealed_container,82.1,4.34
Grape,22.1,42.9,counter,perforated_bag,96.8,0.26
Grape,5.0,90.1,fridge,unpackaged,77.6,4.1
Grape,0.2,83.0,fridge,sealed_container,82.0,5.86
Grape,4.6,78.2,fridge,plastic_wrap,76.8,1.21
Grape,3.4,94.4,fridge,plastic_wrap,65.7,3.47
Grape,16.2,52.6,pantry,sealed_container,61.5,0.2
Grape,29.2,40.4,counter,unpackaged,81.3,0.09
Grape,4.4,89.4,fridge,sealed_container,49.9,2.04
Grape,32.9,47.2,counter,plastic_wrap,85.7,0.07
Grape,5.1,90.2,fridge,perforated_bag,94.6,7.23
Grape,4.5,89.2,fridge,unpackaged,94.8,6.64
Grape,3.3,88.0,fridge,unpackaged,92.6,6.31
Grape,23.0,48.3,pantry,sealed_container,61.4,0.13
Grape,4.3,91.9,fridge,unpackaged,77.9,4.19
Grape,1.4,80.8,fridge,sealed_container,55.3,1.53
Grape,3.3,80.6,fridge,sealed_container,83.7,2.74
Grape,3.6,84.5,fridge,unpackaged,67.0,2.77
Grape,3.2,82.8,fridge,plastic_wrap,69.8,2.76
Grape,22.1,53.9,pantry,unpackaged,71.2,0.13
Grape,5.9,83.5,fridge,unpackaged,59.4,1.5
Grape,1.4,76.6,fridge,unpackaged,85.4,1.22
Grape,4.5,83.3,fridge,perforated_bag,93.1,3.34
Grape,1.6,93.1,fridge,plastic_wrap,72.3,6.93
Grape,24.1,41.4,counter,sealed_container,63.0,0.13
Grape,6.2,77.2,fridge,sealed_container,82.7,1.12
Grape,1.4,79.3,fridge,perforated_bag,83.8,1.97
Grape,21.2,46.8,pantry,perforated_bag,58.3,0.1
Grape,24.3,59.0,pantry,unpackaged,80.5,0.15
Grape,23.4,49.2,pantry,plastic_wrap,68.6,0.13
Grape,19.7,49.2,pantry,perforated_bag,92.7,0.31
Grape,3.7,90.2,fridge,plastic_wrap,74.8,4.96
Grape,4.9,85.5,fridge,perforated_bag,86.7,4.48
Grape,25.3,45.2,counter,plastic_wrap,83.6,0.15
Grape,21.4,54.3,counter,sealed_container,84.4,0.23
Grape,22.6,46.9,counter,sealed_container,99.1,0.18
Grape,4.4,71.9,fridge,perforated_bag,77.8,0.88
Grape,19.3,53.9,pantry,sealed_container,57.2,0.14
Grape,27.7,50.7,counter,unpackaged,82.3,0.09
Grape,19.0,67.3,pantry,perforated_bag,81.9,0.32
Grape,2.5,90.5,fridge,unpackaged,82.2,5.73
Grape,27.8,51.2,counter,sealed_container,66.6,0.07
Grape,4.5,84.6,fridge,unpackaged,73.1,2.61
Grape,23.1,41.0,counter,perforated_bag,95.7,0.25
Grape,26.7,54.9,counter,perforated_bag,54.1,0.06
Grape,2.8,84.6,fridge,perforated_bag,75.5,3.94
Grape,22.0,58.5,pantry,plastic_wrap,62.9,0.11
Grape,2.4,81.2,fridge,sealed_container,86.6,2.88
Grape,3.5,87.4,fridge,unpackaged,96.4,4.52
Grape,0.2,95.0,fridge,plastic_wrap,77.7,9.99
Grape,23.9,65.8,pantry,sealed_container,86.4,0.17
Grape,3.4,83.9,fridge,plastic_wrap,71.0,2.77
Grape,4.2,84.8,fridge,perforated_bag,96.2,5.33
Grape,23.3,50.5,counter,sealed_container,65.9,0.14
Grape,1.3,97.0,fridge,sealed_container,80.1,6.28
Grape,18.3,61.4,counter,sealed_container,79.2,0.35
Grape,23.6,60.2,counter,perforated_bag,70.2,0.16
Grape,2.1,80.7,fridge,plastic_wrap,74.9,2.56
Grape,19.2,40.7,pantry,plastic_wrap,96.6,0.31
Grape,20.8,40.7,pantry,perforated_bag,77.1,0.25
Grape,2.9,81.9,fridge,sealed_container,82.7,4.85
Grape,2.2,87.7,fridge,unpackaged,82.6,4.56
Grape,23.6,56.4,pantry,unpackaged,70.1,0.08
Grape,25.2,34.2,counter,sealed_container,60.5,0.1
Grape,14.7,45.2,pantry,sealed_container,72.0,0.43
Grape,3.7,81.8,fridge,sealed_container,86.9,3.52
Grape,6.4,87.4,fridge,sealed_container,60.8,3.8
Grape,5.1,92.3,fridge,sealed_container,76.8,6.85
Grape,2.9,84.5,fridge,sealed_container,82.4,6.4
Grape,19.8,61.1,pantry,unpackaged,67.3,0.13
Grape,23.3,57.0,pantry,plastic_wrap,85.0,0.16
Grape,21.2,50.5,pantry,unpackaged,88.3,0.16
Grape,5.1,86.4,fridge,perforated_bag,51.1,1.86
Grape,2.4,93.8,fridge,perforated_bag,79.2,8.48
Grape,7.3,93.6,fridge,perforated_bag,83.1,4.65
Grape,1.9,86.6,fridge,unpackaged,72.1,4.3
Grape,1.7,98.6,fridge,unpackaged,85.4,5.46
Grape,4.9,74.1,fridge,unpackaged,85.5,0.58
Grape,2.3,84.3,fridge,plastic_wrap,85.5,4.84
Grape,2.7,81.0,fridge,plastic_wrap,78.4,2.47
Grape,2.2,90.6,fridge,sealed_container,77.0,6.74
Grape,20.1,47.1,counter,plastic_wrap,73.3,0.18
Grape,25.6,42.9,counter,sealed_container,53.5,0.07
Grape,3.9,98.3,fridge,sealed_container,66.2,4.32
Grape,4.7,83.0,fridge,sealed_container,69.7,2.6
Grape,2.6,93.3,fridge,plastic_wrap,58.7,3.91
Grape,2.6,87.8,fridge,sealed_container,82.0,5.8
Grape,20.4,48.5,counter,perforated_bag,89.4,0.25
Grape,2.8,87.3,fridge,unpackaged,90.4,6.8
Grape,4.2,79.7,fridge,sealed_container,61.1,1.54
Grape,24.0,60.0,pantry,perforated_bag,57.3,0.11
Grape,19.6,56.3,pantry,plastic_wrap,80.6,0.22
Grape,23.7,66.7,counter,perforated_bag,59.6,0.07
Grape,17.7,57.5,pantry,unpackaged,73.0,0.22
Grape,4.1,86.3,fridge,unpackaged,86.1,5.84
Grape,6.1,87.0,fridge,plastic_wrap,75.6,4.45
Grape,26.1,41.1,counter,perforated_bag,81.1,0.16
Grape,2.9,83.5,fridge,plastic_wrap,75.2,3.0
Grape,21.6,49.5,pantry,sealed_container,76.1,0.25
Grape,0.9,96.0,fridge,unpackaged,83.8,6.22
Grape,17.7,74.0,counter,unpackaged,68.1,0.18
Grape,2.5,93.0,fridge,unpackaged,63.3,3.75
Grape,3.3,87.7,fridge,perforated_bag,70.6,4.53
Grape,28.2,54.2,counter,perforated_bag,75.3,0.08
Grape,32.6,32.7,counter,perforated_bag,49.8,0.02
Grape,5.7,90.3,fridge,sealed_container,83.9,6.94
Grape,30.3,61.0,counter,sealed_container,73.0,0.08
Grape,26.8,68.0,counter,sealed_container,60.6,0.09
Grape,21.5,52.9,pantry,unpackaged,73.7,0.16
Grape,20.5,74.5,pantry,unpackaged,75.4,0.17
Grape,4.3,99.1,fridge,plastic_wrap,53.2,2.11
Grape,15.2,47.6,pantry,plastic_wrap,77.0,0.23
Grape,19.8,66.8,pantry,unpackaged,83.4,0.17
Grape,29.6,49.7,counter,unpackaged,70.6,0.05
Grape,31.1,48.9,counter,perforated_bag,78.9,0.08
Grape,21.9,57.8,pantry,unpackaged,91.7,0.19
Grape,3.2,85.2,fridge,plastic_wrap,77.7,5.63
Grape,4.2,81.2,fridge,unpackaged,76.7,1.73
Grape,15.2,58.8,pantry,sealed_container,89.9,0.49
Grape,3.9,91.8,fridge,plastic_wrap,95.6,8.0
Grape,21.0,49.7,pantry,perforated_bag,94.4,0.22
Grape,21.8,50.6,pantry,sealed_container,59.0,0.14
Grape,3.7,84.9,fridge,plastic_wrap,84.9,5.07
Grape,23.0,48.9,pantry,unpackaged,89.3,0.12
Grape,6.6,90.4,fridge,unpackaged,65.0,3.1
Grape,17.1,63.2,pantry,unpackaged,89.1,0.34
Grape,4.5,81.9,fridge,perforated_bag,64.4,2.05
Grape,22.3,54.2,counter,plastic_wrap,63.4,0.12
Grape,23.3,35.8,counter,sealed_container,73.9,0.21
Grape,0.8,95.0,fridge,sealed_container,91.0,10.38
Grape,17.2,74.4,pantry,plastic_wrap,77.0,0.27
Grape,4.2,83.5,fridge,plastic_wrap,64.8,2.03
Grape,23.7,24.9,counter,perforated_bag,74.4,0.14
Grape,2.4,93.4,fridge,unpackaged,78.5,6.29
Grape,25.3,39.4,counter,plastic_wrap,95.9,0.2
Grape,23.2,55.1,counter,perforated_bag,89.2,0.25
Grape,29.1,45.7,counter,sealed_container,70.4,0.07
Grape,5.5,87.9,fridge,unpackaged,82.7,3.24
Grape,24.8,33.9,counter,perforated_bag,90.4,0.16
Grape,22.6,55.0,pantry,unpackaged,80.2,0.18
Grape,16.7,30.4,pantry,perforated_bag,71.7,0.27
Grape,5.3,89.0,fridge,perforated_bag,86.2,5.68
Grape,6.1,87.5,fridge,sealed_container,87.0,5.96
Grape,30.6,65.1,counter,unpackaged,88.1,0.1
Grape,19.3,33.4,pantry,perforated_bag,75.7,0.24
Grape,6.7,90.8,fridge,unpackaged,88.9,3.98
Grape,1.3,89.0,fridge,perforated_bag,79.2,7.19
Grape,19.0,39.7,counter,unpackaged,69.5,0.19
Grape,5.7,80.6,fridge,perforated_bag,88.5,2.47
Grape,5.4,85.3,fridge,perforated_bag,56.3,2.18
Grape,3.2,85.2,fridge,perforated_bag,68.4,3.88
Grape,5.7,89.2,fridge,unpackaged,55.1,2.13
Grape,1.5,83.4,fridge,plastic_wrap,71.2,4.07
Grape,7.3,84.2,fridge,sealed_container,66.7,2.99
Grape,21.4,67.4,pantry,unpackaged,63.0,0.1
Grape,4.1,84.5,fridge,perforated_bag,65.7,3.19
Grape,5.2,90.4,fridge,perforated_bag,74.0,4.23
Grape,4.3,89.3,fridge,perforated_bag,54.7,2.48
Grape,5.4,91.4,fridge,perforated_bag,81.3,7.05
Grape,3.2,80.6,fridge,sealed_container,67.1,1.97
Grape,2.9,85.0,fridge,sealed_container,81.1,5.5
Grape,28.3,43.3,counter,plastic_wrap,81.0,0.08
Grape,6.1,85.9,fridge,plastic_wrap,89.2,3.77
Grape,20.1,39.0,pantry,perforated_bag,82.0,0.23
Grape,3.1,86.7,fridge,plastic_wrap,46.2,1.11
Grape,4.3,91.5,fridge,sealed_container,78.2,6.92
Grape,5.5,89.6,fridge,plastic_wrap,83.0,5.25
Grape,3.9,85.2,fridge,sealed_container,91.5,6.74
Grape,18.2,61.7,pantry,perforated_bag,87.2,0.24
Grape,25.3,37.5,counter,perforated_bag,87.4,0.15
Grape,2.6,87.7,fridge,sealed_container,89.5,10.65
Grape,5.3,78.8,fridge,unpackaged,65.2,0.78
Grape,2.6,89.9,fridge,unpackaged,69.0,4.25
Grape,1.8,95.2,fridge,plastic_wrap,52.7,2.3
Grape,4.0,92.7,fridge,unpackaged,81.9,5.37
Grape,3.3,96.7,fridge,perforated_bag,95.6,6.63
Grape,4.3,84.0,fridge,plastic_wrap,64.1,2.57
Grape,3.3,89.4,fridge,unpackaged,84.9,6.97
Grape,19.3,58.6,pantry,perforated_bag,60.5,0.18
Grape,3.5,90.5,fridge,unpackaged,87.5,7.77
Grape,2.8,87.2,fridge,unpackaged,82.5,4.99
Grape,2.7,74.9,fridge,sealed_container,85.3,1.12
Grape,4.3,82.6,fridge,plastic_wrap,84.9,2.69
Grape,3.1,91.4,fridge,unpackaged,71.3,4.53
Grape,5.2,87.2,fridge,plastic_wrap,83.8,4.83
Grape,2.2,87.7,fridge,sealed_container,81.9,6.59
Grape,18.8,27.5,counter,unpackaged,79.7,0.19
Grape,1.5,84.9,fridge,sealed_container,75.6,4.41
Grape,4.4,84.1,fridge,sealed_container,85.2,5.21
Grape,4.1,93.6,fridge,sealed_container,83.4,6.68
Grape,31.4,36.7,counter,unpackaged,83.8,0.07
Grape,27.1,38.3,counter,sealed_container,70.6,0.11
Grape,2.5,84.7,fridge,sealed_container,71.9,5.11
Grape,4.6,89.4,fridge,perforated_bag,90.9,7.52
Grape,2.8,82.9,fridge,plastic_wrap,81.8,2.55
Grape,4.1,93.1,fridge,unpackaged,79.9,6.3
Grape,18.5,43.7,counter,sealed_container,69.3,0.25
Grape,3.1,82.6,fridge,sealed_container,80.0,3.99
Grape,2.8,78.0,fridge,plastic_wrap,93.3,1.48
Grape,28.5,69.5,pantry,unpackaged,62.6,0.06
Grape,17.7,45.3,counter,sealed_container,66.0,0.2
Grape,4.2,87.3,fridge,perforated_bag,90.1,5.58
Grape,4.3,85.8,fridge,sealed_container,92.4,6.85
Grape,4.1,83.4,fridge,perforated_bag,78.3,3.09
Grape,22.3,66.5,pantry,unpackaged,69.2,0.11
Grape,3.8,81.2,fridge,perforated_bag,92.1,3.36
Grape,4.4,87.9,fridge,perforated_bag,93.5,6.27
Grape,0.7,92.4,fridge,unpackaged,83.5,8.63
Grape,21.8,50.4,pantry,plastic_wrap,90.1,0.24
Grape,2.9,82.0,fridge,unpackaged,74.7,2.21
Grape,23.0,39.7,counter,unpackaged,87.2,0.2
Grape,6.4,83.9,fridge,plastic_wrap,80.9,2.97
Grape,5.1,94.1,fridge,unpackaged,72.8,4.22
Grape,22.2,56.7,pantry,perforated_bag,75.2,0.2
Grape,15.6,53.6,pantry,plastic_wrap,63.5,0.26
Grape,21.3,34.4,counter,plastic_wrap,64.7,0.14
Grape,26.6,57.8,counter,perforated_bag,58.7,0.08
Grape,30.2,43.1,counter,plastic_wrap,80.4,0.07
Grape,4.0,92.2,fridge,perforated_bag,75.6,6.03
Grape,18.1,62.4,pantry,perforated_bag,87.1,0.31
Grape,4.9,91.0,fridge,unpackaged,93.3,6.13
Grape,4.4,89.7,fridge,unpackaged,81.0,4.23
Grape,4.0,85.5,fridge,plastic_wrap,87.2,3.62
Grape,7.0,79.9,fridge,perforated_bag,84.3,1.93
Grape,5.3,87.5,fridge,sealed_container,80.6,3.85
Grape,5.4,94.0,fridge,perforated_bag,56.6,3.0
Grape,18.1,68.2,pantry,perforated_bag,84.8,0.29
Grape,3.9,88.1,fridge,sealed_container,93.7,8.09
Grape,20.2,59.0,pantry,perforated_bag,55.2,0.09
Grape,1.5,96.2,fridge,sealed_container,84.1,7.64
Grape,24.0,29.2,counter,perforated_bag,62.4,0.1
Grape,3.9,85.1,fridge,plastic_wrap,77.6,3.88
Grape,3.2,96.9,fridge,unpackaged,83.3,4.83
Grape,2.8,89.6,fridge,perforated_bag,80.0,7.35
Grape,4.3,80.7,fridge,plastic_wrap,63.1,1.37
Grape,4.5,96.7,fridge,perforated_bag,85.6,4.86
Grape,5.9,89.2,fridge,plastic_wrap,74.9,4.21
Grape,21.7,63.9,pantry,sealed_container,76.5,0.18
Grapes,20.7,55.9,pantry,plastic_wrap,85.8,0.22
Grapes,23.7,47.4,pantry,sealed_container,74.2,0.15
Grapes,1.6,88.1,fridge,plastic_wrap,62.8,4.39
Grapes,24.2,50.8,pantry,sealed_container,81.9,0.17
Grapes,19.4,52.8,counter,plastic_wrap,67.3,0.18
Grapes,19.2,48.5,pantry,perforated_bag,80.9,0.24
Grapes,18.5,51.6,pantry,plastic_wrap,95.7,0.22
Grapes,3.7,86.1,fridge,perforated_bag,82.3,5.54
Grapes,4.8,83.2,fridge,plastic_wrap,85.5,3.99
Grapes,22.0,59.8,pantry,unpackaged,87.2,0.17
Grapes,2.6,82.1,fridge,sealed_container,95.3,5.81
Grapes,2.9,86.6,fridge,plastic_wrap,90.2,6.24
Grapes,24.3,28.3,counter,unpackaged,91.4,0.16
Grapes,5.9,87.8,fridge,unpackaged,59.9,2.65
Grapes,19.2,45.2,counter,perforated_bag,75.2,0.24
Grapes,25.8,47.1,pantry,sealed_container,59.8,0.08
Grapes,2.4,100.0,fridge,plastic_wrap,89.2,4.98
Grapes,27.5,34.3,counter,unpackaged,83.1,0.08
Grapes,26.0,43.3,counter,unpackaged,84.1,0.1
Grapes,25.0,49.5,pantry,unpackaged,61.3,0.06
Grapes,3.6,87.3,fridge,sealed_container,58.0,3.67
Grapes,4.9,86.0,fridge,perforated_bag,73.0,3.49
Grapes,22.2,53.3,pantry,perforated_bag,56.8,0.1
Grapes,3.0,93.1,fridge,plastic_wrap,74.1,5.73
Grapes,4.5,87.7,fridge,plastic_wrap,77.3,5.17
Grapes,24.0,53.3,counter,sealed_container,61.2,0.12
Grapes,26.5,68.5,counter,unpackaged,74.5,0.09
Grapes,1.0,94.9,fridge,perforated_bag,77.8,8.03
Grapes,28.3,52.4,counter,plastic_wrap,84.6,0.11
Grapes,21.7,47.1,counter,sealed_container,83.9,0.2
Grapes,20.1,60.4,pantry,perforated_bag,80.3,0.22
Grapes,31.9,33.1,counter,perforated_bag,88.0,0.09
Grapes,2.9,89.2,fridge,unpackaged,71.7,5.71
Grapes,4.5,96.0,fridge,perforated_bag,75.4,4.88
Grapes,19.5,60.2,pantry,plastic_wrap,81.5,0.18
Grapes,15.8,54.4,pantry,perforated_bag,84.8,0.33
Grapes,24.4,45.1,pantry,sealed_container,52.8,0.08
Grapes,3.9,94.5,fridge,perforated_bag,84.1,7.24
Grapes,21.4,41.4,pantry,perforated_bag,71.9,0.2
Grapes,1.1,82.0,fridge,sealed_container,72.7,3.56
Grapes,23.0,66.2,counter,plastic_wrap,85.9,0.15
Grapes,16.3,38.2,pantry,sealed_container,90.1,0.43
Grapes,24.6,62.6,counter,plastic_wrap,55.5,0.06
Grapes,29.4,20.9,counter,plastic_wrap,59.8,0.05
Grapes,22.6,48.8,counter,sealed_container,82.6,0.22
Grapes,4.6,86.4,fridge,sealed_container,88.0,6.98
Grapes,21.3,64.4,pantry,perforated_bag,59.9,0.14
Grapes,17.3,52.4,pantry,sealed_container,86.4,0.38
Grapes,5.8,81.1,fridge,plastic_wrap,62.4,1.14
Grapes,21.5,35.9,counter,plastic_wrap,46.2,0.03
Grapes,4.0,93.1,fridge,sealed_container,82.3,7.63
Grapes,21.4,58.9,pantry,sealed_container,87.7,0.18
Grapes,4.5,87.9,fridge,plastic_wrap,58.9,3.18
Grapes,14.7,63.6,pantry,perforated_bag,83.8,0.39
Grapes,3.8,94.1,fridge,plastic_wrap,93.9,6.67
Grapes,3.3,91.2,fridge,unpackaged,85.2,6.41
Grapes,4.4,88.0,fridge,perforated_bag,67.7,3.41
Grapes,4.3,80.8,fridge,perforated_bag,86.1,2.29
Grapes,3.1,82.4,fridge,unpackaged,90.4,3.71
Grapes,18.8,73.7,pantry,plastic_wrap,82.0,0.29
Grapes,5.1,86.3,fridge,sealed_container,55.8,2.15
Grapes,3.1,83.3,fridge,unpackaged,76.7,2.62
Grapes,15.7,55.3,pantry,plastic_wrap,95.9,0.39
Grapes,4.7,90.5,fridge,unpackaged,69.0,3.66
Grapes,18.3,63.3,pantry,sealed_container,66.4,0.19
Grapes,1.8,85.7,fridge,plastic_wrap,80.7,4.64
Grapes,3.3,98.6,fridge,sealed_container,58.6,3.87
Grapes,21.2,61.1,counter,unpackaged,79.1,0.19
Grapes,5.0,83.1,fridge,unpackaged,79.0,2.66
Grapes,5.1,92.4,fridge,unpackaged,98.1,5.1
Grapes,25.6,51.3,pantry,perforated_bag,97.9,0.16
Grapes,24.1,37.6,counter,sealed_container,88.2,0.16
Grapes,3.9,98.5,fridge,perforated_bag,70.9,3.83
Grapes,2.7,81.2,fridge,unpackaged,65.5,1.6
Grapes,20.4,52.1,pantry,unpackaged,90.9,0.2
Grapes,17.9,61.2,pantry,plastic_wrap,84.5,0.29
Grapes,26.3,67.8,counter,perforated_bag,75.5,0.12
Grapes,2.2,94.3,fridge,sealed_container,72.6,7.74
Grapes,5.4,85.4,fridge,plastic_wrap,54.4,1.63
Grapes,6.9,84.0,fridge,unpackaged,77.7,2.28
Grapes,0.7,93.8,fridge,sealed_container,84.3,9.05
Grapes,24.5,36.5,counter,unpackaged,71.2,0.1
Grapes,21.3,55.0,pantry,sealed_container,64.6,0.17
Grapes,26.7,45.4,counter,sealed_container,74.8,0.14
Grapes,18.0,67.3,pantry,unpackaged,81.7,0.23
Grapes,5.2,94.4,fridge,plastic_wrap,91.0,7.03
Grapes,4.8,83.4,fridge,plastic_wrap,75.1,2.38
Grapes,22.3,41.8,counter,unpackaged,70.5,0.13
Grapes,3.6,83.4,fridge,sealed_container,90.2,4.57
Grapes,2.9,85.3,fridge,sealed_container,89.4,6.21
Grapes,4.6,95.7,fridge,unpackaged,66.8,3.6
Grapes,22.1,54.9,counter,sealed_container,65.9,0.12
Grapes,16.3,59.4,pantry,unpackaged,68.3,0.24
Grapes,5.9,88.0,fridge,unpackaged,77.7,4.2
Grapes,24.3,43.2,counter,plastic_wrap,94.2,0.19
Grapes,0.2,86.3,fridge,sealed_container,58.7,3.78
Grapes,17.4,53.3,pantry,sealed_container,86.9,0.42
Grapes,5.5,93.5,fridge,sealed_container,85.4,7.11
Grapes,18.7,47.1,pantry,perforated_bag,85.3,0.24
Grapes,4.7,89.1,fridge,sealed_container,81.2,5.54
Grapes,26.1,35.4,counter,perforated_bag,97.0,0.17
Grapes,2.5,93.1,fridge,unpackaged,68.7,3.46
Grapes,2.6,86.4,fridge,perforated_bag,85.0,5.06
Grapes,2.7,81.7,fridge,plastic_wrap,82.4,3.11
Grapes,20.1,42.9,pantry,plastic_wrap,84.4,0.24
Grapes,18.4,55.7,pantry,unpackaged,80.5,0.23
Grapes,4.3,81.4,fridge,perforated_bag,76.0,2.79
Grapes,29.9,51.1,counter,plastic_wrap,62.4,0.04
Grapes,5.2,97.0,fridge,perforated_bag,88.5,4.53
Grapes,5.4,91.3,fridge,unpackaged,90.1,4.44
Grapes,4.3,91.9,fridge,plastic_wrap,57.6,3.06
Grapes,26.5,30.8,counter,perforated_bag,76.8,0.14
Grapes,4.4,96.3,fridge,plastic_wrap,87.9,5.35
Grapes,4.2,81.8,fridge,unpackaged,54.8,1.21
Grapes,3.1,84.9,fridge,sealed_container,88.6,4.2
Grapes,24.8,52.0,counter,sealed_container,69.5,0.13
Grapes,2.4,84.0,fridge,unpackaged,96.4,5.0
Grapes,2.6,97.9,fridge,unpackaged,83.6,4.08
Grapes,2.8,88.0,fridge,perforated_bag,70.0,5.44
Grapes,17.9,61.4,pantry,plastic_wrap,63.7,0.16
Grapes,3.8,93.5,fridge,plastic_wrap,76.0,6.22
Grapes,23.7,42.1,counter,perforated_bag,77.1,0.17
Grapes,27.3,43.6,counter,perforated_bag,94.6,0.12
Grapes,23.5,35.7,counter,sealed_container,72.2,0.16
Grapes,15.7,80.4,pantry,unpackaged,78.1,0.55
Grapes,19.5,68.0,pantry,unpackaged,68.9,0.19
Grapes,25.7,57.3,counter,sealed_container,60.7,0.08
Grapes,0.3,87.0,fridge,plastic_wrap,83.5,8.5
Grapes,6.5,86.1,fridge,unpackaged,88.0,3.02
Grapes,4.4,91.0,fridge,plastic_wrap,69.7,4.61
Grapes,21.1,56.0,pantry,unpackaged,78.9,0.16
Grapes,2.4,89.7,fridge,plastic_wrap,76.9,5.83
Grapes,3.7,88.0,fridge,plastic_wrap,69.7,5.01
Grapes,19.7,58.6,pantry,plastic_wrap,82.7,0.25
Grapes,4.7,86.4,fridge,unpackaged,99.0,3.8
Grapes,15.1,59.3,counter,plastic_wrap,72.8,0.33
Grapes,3.6,95.3,fridge,sealed_container,91.1,5.72
Grapes,29.6,40.8,counter,sealed_container,75.3,0.07
Grapes,2.0,90.0,fridge,sealed_container,87.7,8.58
Grapes,3.4,91.2,fridge,plastic_wrap,74.2,5.76
Grapes,3.7,88.3,fridge,sealed_container,93.5,8.44
Grapes,15.5,66.0,pantry,perforated_bag,76.0,0.32
Grapes,27.2,64.3,counter,perforated_bag,84.6,0.13
Grapes,7.0,86.6,fridge,plastic_wrap,85.8,3.5
Grapes,21.8,57.3,counter,unpackaged,76.8,0.13
Grapes,4.0,85.3,fridge,perforated_bag,91.1,4.85
Grapes,19.8,41.8,counter,sealed_container,60.2,0.15
Grapes,4.4,77.6,fridge,plastic_wrap,66.2,0.8
Grapes,1.6,92.3,fridge,perforated_bag,90.3,8.67
Grapes,4.8,86.7,fridge,sealed_container,56.4,2.33
Grapes,23.4,67.3,pantry,perforated_bag,69.6,0.13
Grapes,14.6,41.6,pantry,plastic_wrap,78.6,0.33
Grapes,29.3,36.8,counter,plastic_wrap,87.5,0.11
Grapes,5.9,85.5,fridge,plastic_wrap,93.4,3.26
Grapes,23.9,45.0,counter,plastic_wrap,55.0,0.08
Grapes,22.1,55.3,pantry,plastic_wrap,84.8,0.19
Grapes,24.2,64.2,counter,perforated_bag,62.0,0.13
Grapes,5.2,89.6,fridge,unpackaged,66.7,3.71
Grapes,4.6,87.2,fridge,sealed_container,86.1,4.79
Grapes,23.7,59.6,pantry,plastic_wrap,77.6,0.13
Grapes,22.9,59.9,counter,sealed_container,77.6,0.18
Grapes,1.9,80.7,fridge,unpackaged,54.1,0.93
Grapes,5.6,90.6,fridge,unpackaged,64.0,3.34
Grapes,22.2,67.8,counter,plastic_wrap,96.4,0.16
Grapes,22.9,27.8,counter,plastic_wrap,77.6,0.17
Grapes,6.5,80.1,fridge,plastic_wrap,88.6,1.44
Grapes,4.6,88.4,fridge,perforated_bag,85.8,5.17
Grapes,3.7,82.0,fridge,unpackaged,83.6,2.48
Grapes,3.8,92.5,fridge,perforated_bag,84.8,7.64
Grapes,4.8,93.2,fridge,perforated_bag,55.7,3.2
Grapes,3.8,86.6,fridge,plastic_wrap,50.4,1.8
Grapes,22.6,34.8,counter,sealed_container,99.1,0.23
Grapes,4.2,80.1,fridge,plastic_wrap,67.2,1.49
Grapes,3.1,93.1,fridge,plastic_wrap,88.7,8.86
Grapes,5.9,87.8,fridge,perforated_bag,82.1,3.51
Grapes,22.2,40.5,counter,unpackaged,89.1,0.21
Grapes,6.4,85.8,fridge,sealed_container,87.9,4.81
Grapes,18.9,39.5,counter,plastic_wrap,84.1,0.2
Grapes,18.7,55.7,pantry,perforated_bag,69.0,0.18
Grapes,3.4,87.0,fridge,perforated_bag,63.7,3.73
Grapes,5.4,90.0,fridge,unpackaged,87.4,5.27
Grapes,5.7,82.4,fridge,sealed_container,78.0,2.68
Grapes,16.4,43.2,pantry,sealed_container,88.3,0.36
Grapes,4.3,93.0,fridge,plastic_wrap,77.9,6.92
Grapes,21.6,61.3,pantry,sealed_container,76.0,0.17
Grapes,29.0,42.5,counter,perforated_bag,83.3,0.13
Grapes,18.7,75.2,pantry,perforated_bag,93.9,0.32
Grapes,0.2,88.9,fridge,perforated_bag,91.9,7.87
Grapes,3.8,87.9,fridge,unpackaged,81.6,3.8
Grapes,21.3,48.1,pantry,plastic_wrap,93.9,0.24
Grapes,2.4,86.1,fridge,perforated_bag,80.8,5.5
Grapes,21.3,39.2,counter,sealed_container,65.7,0.15
Grapes,23.9,56.9,counter,sealed_container,82.9,0.13
Grapes,2.4,94.4,fridge,unpackaged,82.6,7.05
Grapes,2.5,82.7,fridge,perforated_bag,60.6,2.48
Grapes,3.7,87.8,fridge,perforated_bag,73.6,6.19
Grapes,20.3,58.0,pantry,perforated_bag,75.8,0.18
Grapes,4.0,92.7,fridge,sealed_container,60.1,4.5
Grapes,29.6,57.1,pantry,perforated_bag,84.3,0.13
Grapes,21.0,58.3,counter,sealed_container,82.7,0.23
Grapes,17.8,40.3,pantry,sealed_container,93.5,0.38
Grapes,2.3,86.6,fridge,unpackaged,72.5,3.72
Grapes,16.4,51.3,pantry,sealed_container,88.9,0.41
Grapes,22.6,62.0,pantry,plastic_wrap,92.2,0.26
Grapes,4.4,90.8,fridge,perforated_bag,98.7,7.52
Grapes,24.7,56.8,counter,unpackaged,90.7,0.13
Grapes,4.5,83.9,fridge,plastic_wrap,89.2,3.97
Grapes,4.5,91.3,fridge,perforated_bag,72.5,5.68
Grapes,12.9,57.0,pantry,perforated_bag,75.8,0.45
Grapes,16.9,37.0,pantry,perforated_bag,76.0,0.31
Grapes,2.9,92.0,fridge,sealed_container,84.9,8.74
Grapes,30.7,42.1,counter,unpackaged,73.2,0.05
Grapes,32.9,54.1,counter,plastic_wrap,82.8,0.07
Grapes,3.2,86.5,fridge,sealed_container,70.8,4.67
Grapes,2.8,89.4,fridge,perforated_bag,86.0,6.81
Grapes,3.2,88.2,fridge,unpackaged,88.0,4.69
Grapes,3.9,90.1,fridge,perforated_bag,89.8,7.43
Grapes,3.1,86.7,fridge,plastic_wrap,87.6,6.12
Grapes,2.9,84.2,fridge,plastic_wrap,86.4,5.07
Grapes,4.0,89.9,fridge,plastic_wrap,74.4,3.9
Grapes,18.9,44.6,pantry,unpackaged,90.4,0.2
Grapes,6.3,80.0,fridge,sealed_container,74.4,1.38
Grapes,3.7,83.1,fridge,perforated_bag,77.0,3.88
Grapes,15.9,52.6,pantry,perforated_bag,56.5,0.19
Grapes,23.2,64.0,pantry,sealed_container,70.1,0.14
Grapes,2.6,88.3,fridge,perforated_bag,58.8,3.46
Grapes,5.4,93.6,fridge,perforated_bag,57.9,3.1
Grapes,15.1,48.8,pantry,unpackaged,75.9,0.27
Grapes,4.3,80.8,fridge,sealed_container,65.9,2.17
Grapes,30.3,29.9,counter,plastic_wrap,76.9,0.1
Grapes,3.6,87.7,fridge,sealed_container,69.3,5.26
Grapes,2.3,89.3,fridge,plastic_wrap,84.0,6.16
Grapes,26.5,74.4,pantry,perforated_bag,69.3,0.1
Grapes,3.4,94.6,fridge,sealed_container,72.4,5.87
Grapes,17.5,52.6,pantry,plastic_wrap,88.9,0.25
Grapes,20.2,26.5,counter,perforated_bag,95.7,0.24
Grapes,22.8,45.4,counter,unpackaged,65.1,0.13
Grapes,30.9,49.4,counter,unpackaged,82.3,0.07
Grapes,6.8,90.6,fridge,unpackaged,91.7,5.44
Grapes,4.2,100.0,fridge,unpackaged,85.2,3.57
Grapes,3.7,87.0,fridge,sealed_container,94.9,7.8
Grapes,7.0,86.7,fridge,sealed_container,54.5,1.75
Grapes,26.9,50.0,counter,perforated_bag,80.8,0.15
Grapes,5.0,83.3,fridge,unpackaged,84.9,2.61
Grapes,2.9,85.2,fridge,sealed_container,51.6,1.69
Grapes,16.6,61.4,pantry,plastic_wrap,81.2,0.29
Grapes,6.6,87.2,fridge,plastic_wrap,87.1,3.73
Grapes,18.2,48.0,pantry,unpackaged,64.0,0.17
Grapes,22.8,58.4,pantry,sealed_container,77.7,0.19
Grapes,1.1,87.2,fridge,sealed_container,55.0,3.33
Grapes,3.8,90.3,fridge,unpackaged,80.8,6.61
Grapes,22.8,47.2,pantry,plastic_wrap,79.5,0.13
Grapes,16.8,51.7,pantry,perforated_bag,85.2,0.27
Grapes,19.8,50.1,pantry,unpackaged,84.2,0.18
Grapes,3.2,86.9,fridge,sealed_container,78.5,6.51
Grapes,18.1,39.2,pantry,unpackaged,66.0,0.17
Grapes,25.1,57.8,counter,sealed_container,62.7,0.12
Grapes,3.9,86.3,fridge,sealed_container,70.5,5.67
Grapes,2.6,81.7,fridge,sealed_container,51.6,1.39
Grapes,4.4,83.1,fridge,unpackaged,86.9,2.52
Grapes,3.0,71.7,fridge,perforated_bag,92.8,1.27
Grapes,6.7,89.5,fridge,plastic_wrap,78.7,4.77
Grapes,4.7,89.4,fridge,sealed_container,89.6,9.64
Grapes,4.3,80.9,fridge,unpackaged,94.9,2.2
Grapes,16.2,77.3,pantry,sealed_container,78.3,0.29
Grapes,3.4,93.7,fridge,unpackaged,79.0,6.32
Grapes,3.6,86.7,fridge,perforated_bag,75.4,5.59
Grapes,26.6,34.2,counter,sealed_container,69.4,0.13
Grapes,26.0,53.1,counter,sealed_container,84.4,0.16
Grapes,2.9,86.1,fridge,plastic_wrap,93.2,7.64
Grapes,2.6,89.4,fridge,unpackaged,81.1,4.99
Grapes,28.1,49.7,counter,unpackaged,56.8,0.05
Grapes,28.5,65.9,counter,plastic_wrap,61.3,0.07
Grapes,3.9,81.6,fridge,unpackaged,98.1,2.97
Grapes,3.2,92.8,fridge,unpackaged,87.0,6.28
Grapes,5.6,82.5,fridge,perforated_bag,84.3,3.61
Grapes,5.1,85.7,fridge,perforated_bag,84.7,5.3
Grapes,1.6,83.3,fridge,perforated_bag,81.5,4.98
Grapes,21.9,39.3,pantry,sealed_container,79.8,0.19
Grapes,4.5,94.6,fridge,unpackaged,62.3,3.12
Grapes,4.4,96.5,fridge,perforated_bag,89.6,5.5
Grapes,4.3,89.9,fridge,unpackaged,90.3,4.53
Grapes,20.8,46.1,pantry,perforated_bag,90.7,0.28
Grapes,18.0,50.0,counter,sealed_container,86.9,0.34
Grapes,19.3,45.8,counter,perforated_bag,87.9,0.33
Grapes,3.7,86.3,fridge,plastic_wrap,68.0,3.62
Grapes,19.7,59.7,pantry,unpackaged,93.0,0.22
Grapes,3.9,80.4,fridge,perforated_bag,85.5,2.45
Grapes,1.9,87.4,fridge,perforated_bag,49.7,1.75
Grapes,24.6,57.5,pantry,plastic_wrap,87.8,0.18
Grapes,3.5,90.4,fridge,unpackaged,82.4,7.27
Grapes,17.6,56.9,counter,sealed_container,77.0,0.38
Grapes,6.4,92.4,fridge,perforated_bag,71.5,5.45
Grapes,6.4,91.3,fridge,perforated_bag,47.8,1.46
Grapes,19.4,69.3,pantry,plastic_wrap,82.9,0.21
Grapes,1.0,90.2,fridge,plastic_wrap,56.2,3.38
Grapes,23.9,38.5,counter,perforated_bag,80.1,0.18
Grapes,4.4,88.2,fridge,unpackaged,65.7,3.45
Grapes,5.6,90.8,fridge,plastic_wrap,69.6,3.87
Grapes,4.4,87.1,fridge,plastic_wrap,76.7,4.66
Grapes,18.4,56.3,counter,plastic_wrap,92.3,0.37
Grapes,5.5,90.3,fridge,sealed_container,78.4,5.68
Grapes,23.4,54.3,pantry,sealed_container,51.6,0.05
Grapes,17.2,40.0,counter,sealed_container,79.7,0.35
Grapes,5.3,88.2,fridge,plastic_wrap,71.6,4.95
Grapes,25.2,42.8,counter,plastic_wrap,92.0,0.16
Grapes,19.2,68.9,pantry,plastic_wrap,67.4,0.18
Grapes,3.8,90.8,fridge,plastic_wrap,76.6,5.89
Grapes,4.5,89.8,fridge,plastic_wrap,62.0,4.37
Grapes,7.9,88.2,fridge,perforated_bag,93.3,4.51
Grapes,2.9,90.3,fridge,unpackaged,91.0,6.52
Grapes,19.2,70.4,pantry,unpackaged,76.2,0.15
Grapes,2.7,91.7,fridge,sealed_container,87.0,11.56
Grapes,4.9,94.3,fridge,sealed_container,92.4,6.77
Grapes,4.5,80.9,fridge,plastic_wrap,81.4,2.74
Grapes,6.9,91.3,fridge,perforated_bag,52.9,1.8
Grapes,23.9,59.2,counter,sealed_container,60.3,0.12
Grapes,25.4,47.2,pantry,sealed_container,70.2,0.1
Grapes,1.5,80.8,fridge,sealed_container,85.2,4.2
Grapes,5.5,87.4,fridge,perforated_bag,76.1,5.65
Grapes,17.7,59.7,pantry,unpackaged,82.4,0.27
Grapes,4.2,89.9,fridge,perforated_bag,77.6,5.74
Grapes,4.6,86.5,fridge,perforated_bag,64.9,3.86
Grapes,1.8,75.5,fridge,unpackaged,75.7,0.96
Grapes,26.8,68.1,counter,perforated_bag,84.3,0.11
Grapes,0.4,91.2,fridge,perforated_bag,80.4,10.84
Grapes,3.8,85.2,fridge,perforated_bag,69.4,3.19
Grapes,16.1,53.0,pantry,unpackaged,59.6,0.16
Grapes,3.5,83.3,fridge,sealed_container,79.6,4.06
Grapes,4.3,90.7,fridge,perforated_bag,94.5,6.97
Grapes,27.5,52.1,pantry,perforated_bag,85.5,0.09
Grapes,7.6,91.0,fridge,perforated_bag,57.5,2.35
Grapes,16.7,59.0,pantry,plastic_wrap,68.5,0.2
Grapes,13.8,64.4,pantry,perforated_bag,86.5,0.47
Grapes,3.4,83.6,fridge,plastic_wrap,60.4,2.56
Grapes,2.8,80.8,fridge,sealed_container,80.3,3.42
Grapes,18.9,40.4,pantry,unpackaged,59.2,0.1
Grapes,5.9,84.8,fridge,sealed_container,81.6,4.07
Grapes,4.1,86.1,fridge,plastic_wrap,82.0,5.39
Grapes,24.7,39.5,counter,plastic_wrap,89.9,0.15
Grapes,5.5,87.5,fridge,unpackaged,68.0,3.09
Grapes,24.6,49.9,pantry,unpackaged,79.4,0.11
Grapes,25.3,35.9,counter,perforated_bag,82.1,0.14
Grapes,3.1,83.8,fridge,plastic_wrap,63.8,2.57
Grapes,7.5,87.2,fridge,plastic_wrap,56.5,1.82
Grapes,24.1,47.4,counter,unpackaged,59.4,0.07
Grapes,16.1,63.0,counter,plastic_wrap,68.4,0.28
Grapes,5.0,93.4,fridge,plastic_wrap,64.8,4.33
Grapes,26.9,53.1,pantry,sealed_container,49.9,0.05
Grapes,5.7,91.1,fridge,sealed_container,74.8,5.66
Grapes,0.1,93.4,fridge,sealed_container,80.3,10.63
Grapes,22.4,30.4,pantry,unpackaged,80.0,0.14
Grapes,4.9,91.0,fridge,unpackaged,77.3,4.31
Grapes,3.1,80.7,fridge,unpackaged,57.4,1.12
Grapes,23.9,39.0,counter,perforated_bag,53.8,0.06
Grapes,1.7,91.5,fridge,plastic_wrap,83.3,8.37
Grapes,4.5,92.0,fridge,unpackaged,65.6,4.21
Grapes,25.5,72.0,pantry,unpackaged,75.1,0.1
Grapes,22.1,40.1,counter,sealed_container,64.8,0.15
Grapes,21.9,56.2,counter,sealed_container,62.8,0.16
Grapes,32.5,49.2,counter,plastic_wrap,90.4,0.08
Grapes,4.2,84.4,fridge,perforated_bag,75.8,3.97
Grapes,3.5,82.3,fridge,plastic_wrap,66.1,1.56
Grapes,3.7,88.9,fridge,sealed_container,56.2,4.2
Grapes,4.4,81.1,fridge,plastic_wrap,67.2,2.1
Grapes,3.6,85.2,fridge,unpackaged,81.0,4.53
Grapes,3.7,100.0,fridge,perforated_bag,88.9,4.02
Grapes,20.4,63.4,pantry,plastic_wrap,75.5,0.18
Grapes,19.7,52.6,counter,plastic_wrap,68.2,0.15
Grapes,3.9,87.0,fridge,plastic_wrap,95.8,7.37
Grapes,5.0,95.1,fridge,unpackaged,84.8,4.58
Grapes,23.6,63.4,pantry,sealed_container,51.2,0.05
Grapes,3.0,96.6,fridge,plastic_wrap,84.8,5.18
Grapes,3.2,87.2,fridge,sealed_container,82.0,5.69
Grapes,2.6,81.0,fridge,sealed_container,84.3,3.28
Grapes,21.2,56.4,pantry,plastic_wrap,84.1,0.14
Grapes,31.3,67.3,counter,plastic_wrap,58.2,0.04
Grapes,4.9,75.4,fridge,plastic_wrap,61.4,0.41
Grapes,3.7,84.4,fridge,unpackaged,64.1,2.4
Grapes,3.8,90.0,fridge,perforated_bag,85.3,7.49
Grapes,6.1,80.0,fridge,plastic_wrap,68.6,1.13
Grapes,23.9,53.5,pantry,sealed_container,68.1,0.12
Grapes,20.1,60.6,pantry,perforated_bag,62.3,0.12
Grapes,3.1,86.6,fridge,plastic_wrap,79.8,5.57
Grapes,3.4,95.5,fridge,sealed_container,69.4,5.92
Grapes,0.8,85.0,fridge,sealed_container,66.6,4.83
Grapes,2.7,78.2,fridge,perforated_bag,74.3,1.41
Grapes,29.0,55.6,counter,unpackaged,55.1,0.04
Grapes,3.1,86.5,fridge,unpackaged,73.4,4.46
Grapes,21.9,57.9,pantry,sealed_container,75.6,0.13
Grapes,4.9,81.6,fridge,perforated_bag,89.3,3.07
Grapes,5.2,78.7,fridge,sealed_container,80.7,2.1
Grapes,4.7,81.2,fridge,perforated_bag,65.8,1.73
Grapes,20.6,49.5,counter,perforated_bag,67.6,0.14
Grapes,3.5,81.5,fridge,unpackaged,78.8,2.27
Grapes,22.2,51.6,pantry,unpackaged,76.7,0.12
Grapes,23.3,51.4,pantry,perforated_bag,79.2,0.18
Grapes,2.0,90.2,fridge,sealed_container,77.2,7.73
Grapes,1.9,80.0,fridge,unpackaged,85.0,2.38
Grapes,1.5,88.5,fridge,plastic_wrap,87.7,8.06
Guava,3.3,97.1,fridge,perforated_bag,65.7,1.09
Guava,19.4,52.0,pantry,plastic_wrap,72.3,0.05
Guava,2.9,89.1,fridge,perforated_bag,63.3,1.79
Guava,3.5,84.7,fridge,sealed_container,47.5,0.37
Guava,3.4,91.0,fridge,perforated_bag,73.8,1.7
Guava,3.2,83.4,fridge,sealed_container,64.6,0.91
Guava,22.3,40.8,counter,unpackaged,77.9,0.04
Guava,19.8,55.7,pantry,plastic_wrap,82.9,0.07
Guava,23.9,65.9,counter,perforated_bag,97.6,0.06
Guava,4.0,86.7,fridge,plastic_wrap,81.1,1.24
Guava,3.1,92.8,fridge,perforated_bag,94.4,2.49
Guava,4.8,87.9,fridge,plastic_wrap,75.1,1.32
Guava,6.1,95.8,fridge,sealed_container,60.9,0.53
Guava,3.7,90.5,fridge,plastic_wrap,61.9,1.07
Guava,3.2,96.2,fridge,unpackaged,79.3,0.82
Guava,21.9,45.2,counter,plastic_wrap,59.0,0.03
Guava,28.7,40.4,counter,sealed_container,86.3,0.03
Guava,4.7,86.8,fridge,sealed_container,91.0,1.86
Guava,21.2,60.1,pantry,plastic_wrap,55.6,0.02
Guava,19.9,54.8,pantry,plastic_wrap,91.9,0.08
Guava,23.6,69.1,pantry,perforated_bag,79.7,0.05
Guava,19.3,49.5,pantry,sealed_container,52.7,0.02
Guava,27.0,55.2,pantry,sealed_container,83.5,0.03
Guava,5.3,87.0,fridge,unpackaged,81.2,1.06
Guava,4.2,82.9,fridge,perforated_bag,73.2,1.0
Guava,22.1,59.4,pantry,sealed_container,59.9,0.03
Guava,26.8,64.4,pantry,unpackaged,57.1,0.02
Guava,22.4,42.1,counter,unpackaged,79.5,0.04
Guava,28.6,40.1,counter,plastic_wrap,92.4,0.04
Guava,6.0,90.9,fridge,sealed_container,69.5,1.14
Guava,3.6,92.0,fridge,sealed_container,79.6,1.47
Guava,23.2,57.0,counter,unpackaged,92.2,0.05
Guava,3.7,92.5,fridge,plastic_wrap,79.3,1.83
Guava,1.5,86.1,fridge,unpackaged,61.1,1.25
Guava,5.4,90.4,fridge,sealed_container,85.5,1.41
Guava,22.6,64.4,counter,sealed_container,85.0,0.05
Guava,2.5,88.9,fridge,sealed_container,94.1,1.64
Guava,1.1,92.0,fridge,perforated_bag,76.1,1.72
Guava,4.8,89.2,fridge,perforated_bag,94.3,1.94
Guava,22.9,60.2,counter,perforated_bag,90.3,0.06
Guava,4.1,87.7,fridge,plastic_wrap,74.6,1.65
Guava,1.9,86.6,fridge,plastic_wrap,86.6,2.4
Guava,3.4,85.7,fridge,plastic_wrap,66.4,1.37
Guava,5.7,95.5,fridge,plastic_wrap,88.3,1.59
Guava,26.6,59.6,counter,unpackaged,56.2,0.02
Guava,6.8,81.1,fridge,unpackaged,84.0,0.72
Guava,7.4,87.8,fridge,perforated_bag,70.7,1.12
Guava,25.6,34.9,counter,perforated_bag,49.1,0.01
Guava,5.9,89.7,fridge,plastic_wrap,97.2,1.67
Guava,3.8,81.6,fridge,plastic_wrap,94.1,2.06
Guava,21.3,48.7,pantry,sealed_container,88.8,0.05
Guava,20.6,57.7,pantry,sealed_container,72.4,0.06
Guava,3.1,96.0,fridge,plastic_wrap,74.7,1.12
Guava,22.4,56.9,pantry,sealed_container,70.0,0.03
Guava,19.6,35.4,counter,unpackaged,85.2,0.06
Guava,25.8,45.7,counter,sealed_container,53.3,0.01
Guava,5.6,83.9,fridge,unpackaged,70.8,0.98
Guava,24.6,41.5,counter,plastic_wrap,73.2,0.04
Guava,5.0,84.5,fridge,sealed_container,67.2,1.0
Guava,3.5,85.7,fridge,unpackaged,57.1,0.93
Guava,5.5,91.2,fridge,sealed_container,59.9,0.72
Guava,2.4,91.3,fridge,plastic_wrap,56.6,1.0
Guava,3.7,86.4,fridge,perforated_bag,90.4,2.43
Guava,6.7,83.0,fridge,unpackaged,86.5,1.19
Guava,16.4,52.2,counter,sealed_container,73.2,0.06
Guava,18.6,41.6,pantry,unpackaged,86.6,0.08
Guava,13.5,57.9,pantry,perforated_bag,72.7,0.11
Guava,3.0,79.8,fridge,perforated_bag,77.0,1.26
Guava,18.5,48.2,pantry,perforated_bag,70.1,0.06
Guava,3.0,82.5,fridge,sealed_container,89.6,1.53
Guava,3.2,93.5,fridge,unpackaged,84.0,1.53
Guava,16.8,45.4,pantry,perforated_bag,84.7,0.1
Guava,4.8,85.8,fridge,unpackaged,97.2,1.84
Guava,6.3,86.5,fridge,unpackaged,71.6,1.24
Guava,4.2,80.2,fridge,plastic_wrap,93.0,1.54
Guava,24.8,39.3,pantry,plastic_wrap,87.9,0.05
Guava,13.7,24.2,counter,unpackaged,72.3,0.1
Guava,23.3,35.0,counter,sealed_container,87.6,0.05
Guava,19.9,46.6,pantry,perforated_bag,85.5,0.07
Guava,18.9,52.2,pantry,perforated_bag,68.3,0.06
Guava,6.8,81.3,fridge,perforated_bag,84.0,1.35
Guava,19.7,46.2,counter,unpackaged,90.2,0.06
Guava,22.4,22.3,counter,perforated_bag,74.9,0.05
Guava,6.2,82.4,fridge,perforated_bag,86.6,1.81
Guava,23.8,59.7,counter,unpackaged,84.1,0.04
Guava,6.1,82.0,fridge,plastic_wrap,65.5,0.91
Guava,20.6,59.3,pantry,plastic_wrap,61.1,0.04
Guava,3.1,91.4,fridge,perforated_bag,76.4,2.07
Guava,4.6,79.1,fridge,sealed_container,61.2,0.76
Guava,22.2,48.6,pantry,unpackaged,62.9,0.03
Guava,26.3,49.6,counter,plastic_wrap,83.4,0.04
Guava,27.6,43.1,counter,plastic_wrap,79.5,0.03
Guava,2.6,89.8,fridge,perforated_bag,58.3,1.23
Guava,16.7,52.7,pantry,unpackaged,93.6,0.08
Guava,17.9,69.3,counter,plastic_wrap,66.8,0.07
Guava,4.9,96.3,fridge,unpackaged,76.7,0.9
Guava,1.5,84.7,fridge,unpackaged,55.8,1.13
Guava,29.0,74.1,pantry,unpackaged,82.0,0.06
Guava,19.0,57.3,pantry,perforated_bag,78.2,0.07
Guava,18.6,41.2,pantry,unpackaged,91.7,0.06
Guava,19.6,51.3,pantry,unpackaged,92.8,0.08
Guava,3.9,88.8,fridge,unpackaged,80.7,1.62
Guava,5.5,81.2,fridge,plastic_wrap,91.6,1.74
Guava,2.8,80.7,fridge,unpackaged,59.8,0.67
Guava,28.1,32.4,counter,sealed_container,75.7,0.02
Guava,4.5,88.8,fridge,unpackaged,88.6,1.68
Guava,30.3,37.0,counter,perforated_bag,78.8,0.03
Guava,4.9,82.4,fridge,sealed_container,86.6,1.19
Guava,6.6,81.0,fridge,plastic_wrap,76.2,1.02
Guava,24.7,43.6,counter,plastic_wrap,67.9,0.03
Guava,5.1,73.6,fridge,perforated_bag,73.5,0.47
Guava,18.9,73.9,pantry,perforated_bag,89.8,0.18
Guava,3.5,89.5,fridge,perforated_bag,50.0,0.6
Guava,5.0,96.1,fridge,sealed_container,82.6,1.0
Guava,6.2,91.5,fridge,perforated_bag,61.1,0.78
Guava,19.9,60.1,pantry,perforated_bag,74.7,0.07
Guava,4.1,93.7,fridge,perforated_bag,74.6,1.46
Guava,14.9,52.4,pantry,unpackaged,71.2,0.07
Guava,5.1,87.7,fridge,unpackaged,74.7,1.25
Guava,3.9,89.8,fridge,perforated_bag,94.7,2.58
Guava,7.5,91.5,fridge,sealed_container,71.0,0.93
Guava,24.5,38.2,pantry,unpackaged,84.5,0.05
Guava,4.9,86.8,fridge,sealed_container,87.5,1.73
Guava,21.9,64.0,pantry,unpackaged,63.9,0.03
Guava,31.4,44.7,counter,plastic_wrap,71.4,0.02
Guava,6.1,96.2,fridge,unpackaged,48.7,0.3
Guava,19.9,56.3,pantry,plastic_wrap,77.7,0.06
Guava,18.5,63.5,pantry,sealed_container,80.6,0.06
Guava,25.3,60.5,pantry,plastic_wrap,67.2,0.03
Guava,6.7,88.7,fridge,plastic_wrap,70.5,0.99
Guava,2.4,88.3,fridge,plastic_wrap,71.1,1.6
Guava,2.3,91.9,fridge,plastic_wrap,65.0,1.11
Guava,2.7,91.6,fridge,plastic_wrap,64.2,1.24
Guava,2.9,89.1,fridge,plastic_wrap,84.7,1.78
Guava,21.6,54.1,counter,perforated_bag,90.4,0.08
Guava,3.9,80.4,fridge,plastic_wrap,79.0,1.34
Guava,2.3,87.0,fridge,perforated_bag,74.5,2.42
Guava,2.0,84.6,fridge,perforated_bag,87.3,1.95
Guava,15.7,58.1,pantry,unpackaged,86.8,0.09
Guava,27.4,36.6,counter,sealed_container,64.9,0.02
Guava,21.6,28.8,pantry,plastic_wrap,72.1,0.04
Guava,3.5,90.5,fridge,plastic_wrap,86.6,1.74
Guava,3.9,80.3,fridge,perforated_bag,57.3,0.57
Guava,3.1,98.0,fridge,sealed_container,79.4,0.92
Guava,4.0,89.4,fridge,sealed_container,81.3,1.61
Guava,22.7,47.9,counter,sealed_container,82.6,0.05
Guava,4.0,85.7,fridge,perforated_bag,82.5,2.16
Guava,20.4,56.8,pantry,sealed_container,91.1,0.05
Guava,2.0,88.2,fridge,unpackaged,69.8,1.2
Guava,16.6,62.6,pantry,unpackaged,87.4,0.08
Guava,13.9,50.4,pantry,plastic_wrap,84.1,0.12
Guava,5.9,85.2,fridge,perforated_bag,79.7,1.75
Guava,23.0,67.2,counter,plastic_wrap,54.5,0.02
Guava,4.3,88.1,fridge,plastic_wrap,63.6,1.28
Guava,5.3,90.3,fridge,plastic_wrap,88.5,2.19
Guava,20.9,41.6,pantry,sealed_container,77.9,0.04
Guava,21.7,46.6,counter,sealed_container,92.1,0.05
Guava,2.0,83.7,fridge,sealed_container,56.6,0.85
Guava,5.5,84.0,fridge,sealed_container,91.5,1.39
Guava,1.4,82.0,fridge,plastic_wrap,72.2,1.9
Guava,22.7,25.6,counter,unpackaged,77.7,0.04
Guava,1.7,86.4,fridge,perforated_bag,51.2,0.7
Guava,5.3,85.4,fridge,plastic_wrap,90.2,2.05
Guava,19.6,54.2,counter,unpackaged,67.8,0.04
Guava,3.1,87.3,fridge,sealed_container,50.6,0.63
Guava,2.5,91.3,fridge,plastic_wrap,56.0,0.77
Guava,6.0,87.8,fridge,unpackaged,89.1,1.83
Guava,24.2,58.1,counter,sealed_container,69.7,0.02
Guava,2.5,81.6,fridge,sealed_container,66.5,0.92
Guava,4.9,88.8,fridge,plastic_wrap,79.5,1.68
Guava,2.9,83.8,fridge,plastic_wrap,85.8,2.07
Guava,4.5,83.9,fridge,sealed_container,84.8,1.29
Guava,17.8,57.4,pantry,plastic_wrap,88.5,0.09
Guava,5.1,93.4,fridge,perforated_bag,74.8,1.12
Guava,4.0,84.9,fridge,perforated_bag,79.0,1.5
Guava,16.6,52.7,pantry,sealed_container,55.8,0.03
Guava,21.7,48.4,pantry,unpackaged,70.8,0.04
Guava,25.4,59.4,counter,unpackaged,59.9,0.02
Guava,3.6,93.1,fridge,perforated_bag,78.0,1.42
Guava,16.9,55.6,counter,sealed_container,84.6,0.07
Guava,29.9,47.5,counter,unpackaged,62.5,0.01
Guava,4.7,90.1,fridge,unpackaged,48.4,0.29
Guava,2.1,91.1,fridge,unpackaged,57.5,0.82
Guava,5.4,98.6,fridge,unpackaged,74.2,0.55
Guava,2.8,78.4,fridge,perforated_bag,83.9,1.48
Guava,5.1,88.9,fridge,unpackaged,60.9,0.88
Guava,6.1,90.0,fridge,sealed_container,80.8,1.11
Guava,3.5,94.7,fridge,sealed_container,74.6,0.94
Guava,5.4,87.2,fridge,unpackaged,58.3,0.62
Guava,20.6,47.9,counter,perforated_bag,62.2,0.03
Guava,20.5,58.9,pantry,unpackaged,58.5,0.03
Guava,5.7,91.6,fridge,sealed_container,92.5,1.1
Guava,17.1,67.8,pantry,unpackaged,81.3,0.07
Guava,22.7,38.2,pantry,perforated_bag,89.5,0.06
Guava,24.6,52.1,counter,plastic_wrap,80.5,0.04
Guava,19.3,56.0,counter,plastic_wrap,79.4,0.06
Guava,23.4,54.4,counter,perforated_bag,83.6,0.05
Guava,4.3,83.5,fridge,unpackaged,72.5,1.25
Guava,4.3,84.2,fridge,perforated_bag,95.1,2.11
Guava,4.2,92.5,fridge,plastic_wrap,76.3,1.35
Guava,1.1,85.7,fridge,unpackaged,63.1,1.18
Guava,2.7,89.3,fridge,unpackaged,80.7,1.56
Guava,5.1,100.0,fridge,unpackaged,72.5,0.56
Guava,3.2,90.4,fridge,unpackaged,81.4,1.76
Guava,3.8,95.3,fridge,perforated_bag,83.0,1.73
Guava,1.6,94.8,fridge,plastic_wrap,69.9,1.28
Guava,18.9,43.1,pantry,perforated_bag,83.7,0.09
Guava,24.9,52.9,pantry,unpackaged,65.4,0.02
Guava,22.0,48.1,pantry,sealed_container,89.2,0.04
Guava,19.6,44.3,pantry,unpackaged,78.4,0.06
Guava,4.4,93.8,fridge,plastic_wrap,85.9,1.4
Guava,19.3,47.9,counter,perforated_bag,68.6,0.06
Guava,4.3,85.1,fridge,plastic_wrap,84.8,1.87
Guava,2.7,84.2,fridge,plastic_wrap,70.0,1.23
Guava,5.3,87.2,fridge,sealed_container,83.9,1.44
Guava,6.1,94.5,fridge,perforated_bag,72.3,0.98
Guava,5.1,94.9,fridge,sealed_container,73.8,1.07
Guava,4.2,89.0,fridge,sealed_container,78.6,1.28
Guava,21.2,25.8,counter,sealed_container,47.8,0.01
Guava,24.0,69.2,pantry,unpackaged,80.8,0.03
Guava,24.1,70.6,pantry,plastic_wrap,81.3,0.06
Guava,5.9,95.1,fridge,plastic_wrap,79.7,1.03
Guava,21.6,47.1,pantry,perforated_bag,77.7,0.06
Guava,3.7,83.4,fridge,plastic_wrap,82.0,1.53
Guava,5.7,84.1,fridge,sealed_container,88.3,1.49
Guava,7.1,87.3,fridge,perforated_bag,77.7,1.21
Guava,3.0,86.2,fridge,plastic_wrap,70.5,1.26
Guava,5.8,86.7,fridge,perforated_bag,61.7,0.83
Guava,4.3,86.9,fridge,perforated_bag,75.1,1.39
Guava,19.4,71.8,pantry,perforated_bag,86.9,0.18
Guava,24.9,36.3,counter,unpackaged,93.1,0.04
Guava,22.5,55.4,pantry,perforated_bag,84.1,0.05
Guava,4.8,94.0,fridge,unpackaged,62.0,0.73
Guava,22.8,54.0,counter,sealed_container,86.9,0.03
Guava,4.6,91.5,fridge,sealed_container,60.3,0.67
Guava,4.6,84.1,fridge,plastic_wrap,88.7,1.8
Guava,21.4,55.8,pantry,perforated_bag,90.9,0.08
Guava,20.6,55.6,pantry,plastic_wrap,67.2,0.05
Guava,5.1,76.6,fridge,plastic_wrap,83.7,0.96
Guava,19.3,61.2,pantry,sealed_container,92.8,0.06
Guava,6.0,92.0,fridge,unpackaged,62.4,0.91
Guava,26.1,76.5,pantry,plastic_wrap,79.2,0.13
Guava,19.4,48.9,pantry,unpackaged,87.8,0.07
Guava,24.4,27.1,counter,unpackaged,95.8,0.04
Guava,25.1,50.0,counter,perforated_bag,71.9,0.03
Guava,5.8,81.9,fridge,sealed_container,70.9,1.02
Guava,1.0,82.6,fridge,perforated_bag,84.7,2.29
Guava,4.2,81.5,fridge,unpackaged,53.7,0.44
Guava,4.6,96.8,fridge,sealed_container,88.5,1.04
Guava,23.5,33.4,pantry,perforated_bag,51.9,0.02
Guava,16.0,49.3,pantry,unpackaged,80.3,0.08
Guava,4.0,84.5,fridge,plastic_wrap,78.7,1.76
Guava,3.8,83.4,fridge,sealed_container,71.9,1.41
Guava,21.3,54.1,counter,perforated_bag,80.7,0.05
Guava,1.9,98.3,fridge,sealed_container,65.1,0.75
Guava,3.6,92.3,fridge,unpackaged,80.7,1.32
Guava,4.0,84.6,fridge,unpackaged,89.0,1.51
Guava,4.6,88.7,fridge,unpackaged,54.1,0.81
Guava,4.3,86.7,fridge,sealed_container,69.1,1.12
Guava,4.0,81.4,fridge,plastic_wrap,91.4,1.86
Guava,31.5,61.0,counter,unpackaged,64.1,0.01
Guava,24.7,63.1,pantry,unpackaged,86.6,0.04
Guava,5.3,87.6,fridge,sealed_container,81.5,1.18
Guava,2.0,83.3,fridge,unpackaged,73.4,1.7
Guava,4.7,87.9,fridge,unpackaged,98.3,2.21
Guava,17.4,52.8,pantry,unpackaged,86.7,0.08
Guava,19.0,40.5,pantry,perforated_bag,82.9,0.08
Guava,1.7,87.6,fridge,perforated_bag,75.9,2.4
Guava,5.1,92.9,fridge,plastic_wrap,54.1,0.7
Guava,1.1,87.2,fridge,unpackaged,67.5,1.53
Guava,21.8,64.8,pantry,perforated_bag,81.6,0.04
Guava,8.4,93.0,fridge,sealed_container,90.6,1.07
Guava,14.2,47.3,pantry,plastic_wrap,83.8,0.1
Guava,3.6,89.4,fridge,sealed_container,82.5,1.78
Guava,5.9,90.2,fridge,perforated_bag,54.4,0.67
Guava,21.5,61.3,pantry,perforated_bag,71.2,0.05
Guava,0.8,91.9,fridge,perforated_bag,84.3,2.64
Guava,5.8,90.6,fridge,plastic_wrap,83.0,1.72
Guava,21.2,48.8,pantry,unpackaged,87.9,0.06
Guava,22.9,47.2,pantry,sealed_container,61.6,0.03
Guava,4.1,90.2,fridge,unpackaged,70.6,0.87
Guava,17.7,54.9,counter,plastic_wrap,91.6,0.09
Guava,3.5,91.0,fridge,perforated_bag,73.9,2.0
Guava,3.4,92.2,fridge,perforated_bag,54.0,0.83
Guava,19.0,20.0,pantry,unpackaged,66.7,0.04
Guava,2.8,89.2,fridge,unpackaged,62.0,0.94
Guava,4.0,92.6,fridge,unpackaged,87.5,1.71
Guava,17.3,49.1,pantry,sealed_container,90.6,0.08
Guava,19.9,54.3,counter,unpackaged,87.7,0.05
Guava,6.4,77.4,fridge,unpackaged,68.1,0.66
Guava,24.7,53.2,pantry,unpackaged,76.0,0.04
Guava,6.6,95.2,fridge,sealed_container,78.2,1.17
Guava,4.8,83.0,fridge,perforated_bag,89.2,1.54
Guava,25.9,37.6,counter,sealed_container,62.5,0.02
Guava,2.7,89.7,fridge,sealed_container,94.6,2.62
Guava,2.5,92.3,fridge,plastic_wrap,90.0,2.26
Guava,5.2,98.9,fridge,unpackaged,79.0,0.65
Guava,23.7,57.8,pantry,sealed_container,72.1,0.03
Guava,2.0,81.3,fridge,sealed_container,49.0,0.46
Guava,27.7,34.7,counter,plastic_wrap,94.7,0.04
Guava,5.8,85.7,fridge,unpackaged,84.5,0.95
Guava,19.7,44.1,pantry,unpackaged,80.1,0.07
Guava,19.0,39.7,counter,unpackaged,55.9,0.02
Guava,5.6,93.9,fridge,plastic_wrap,80.2,1.35
Guava,20.0,41.4,counter,perforated_bag,58.5,0.04
Guava,3.0,93.3,fridge,perforated_bag,66.4,1.09
Guava,3.9,84.1,fridge,perforated_bag,56.2,0.8
Guava,1.8,77.7,fridge,unpackaged,81.1,0.99
Guava,31.9,38.9,counter,sealed_container,81.2,0.02
Guava,5.0,88.2,fridge,sealed_container,56.5,0.67
Guava,3.4,91.5,fridge,perforated_bag,70.5,1.19
Guava,2.3,92.6,fridge,plastic_wrap,76.4,1.63
Guava,22.8,39.7,counter,sealed_container,89.0,0.06
Guava,4.8,71.1,fridge,perforated_bag,75.5,0.31
Guava,28.2,49.7,counter,perforated_bag,93.7,0.04
Guava,4.4,90.5,fridge,perforated_bag,87.8,2.43
Guava,6.2,88.9,fridge,perforated_bag,75.0,1.7
Guava,20.4,36.4,pantry,sealed_container,87.9,0.05
Guava,3.8,80.9,fridge,perforated_bag,72.0,1.21
Guava,27.1,63.6,pantry,sealed_container,64.1,0.02
Guava,29.7,59.6,counter,unpackaged,84.0,0.02
Guava,0.0,84.4,fridge,plastic_wrap,89.9,2.53
Guava,4.1,89.7,fridge,sealed_container,80.5,1.53
Guava,16.6,52.9,pantry,plastic_wrap,72.6,0.06
Guava,4.1,98.0,fridge,sealed_container,66.5,0.75
Guava,22.4,31.0,counter,plastic_wrap,54.6,0.02
Guava,4.4,84.8,fridge,sealed_container,64.2,1.14
Guava,5.4,89.3,fridge,perforated_bag,63.9,1.13
Guava,2.6,85.0,fridge,sealed_container,77.3,1.32
Guava,3.4,87.2,fridge,unpackaged,92.3,2.33
Guava,4.3,89.1,fridge,plastic_wrap,48.3,0.53
Guava,16.6,39.8,pantry,perforated_bag,82.4,0.11
Guava,5.0,81.2,fridge,perforated_bag,72.9,1.16
Guava,24.0,70.5,pantry,sealed_container,68.8,0.03
Guava,31.4,50.7,counter,sealed_container,87.2,0.02
Guava,1.1,99.3,fridge,plastic_wrap,83.1,1.42
Guava,1.7,95.1,fridge,unpackaged,71.3,1.29
Guava,17.6,53.5,pantry,unpackaged,93.9,0.09
Guava,4.0,85.2,fridge,perforated_bag,66.3,1.02
Guava,19.2,66.0,pantry,unpackaged,69.7,0.05
Guava,4.7,98.5,fridge,unpackaged,75.2,0.76
Guava,4.0,93.5,fridge,sealed_container,79.8,1.38
Guava,5.7,95.1,fridge,sealed_container,90.7,0.84
Guava,4.8,88.8,fridge,plastic_wrap,64.5,1.27
Guava,3.9,87.7,fridge,plastic_wrap,70.8,1.56
Guava,3.0,92.4,fridge,unpackaged,84.3,1.83
Guava,1.5,94.8,fridge,sealed_container,91.1,2.08
Guava,4.3,91.1,fridge,plastic_wrap,92.7,1.86
Guava,24.9,61.5,counter,unpackaged,81.3,0.04
Guava,0.9,93.1,fridge,unpackaged,83.8,2.39
Guava,19.3,59.6,pantry,perforated_bag,77.5,0.07
Guava,24.5,52.0,counter,unpackaged,84.3,0.03
Guava,4.1,89.6,fridge,sealed_container,92.1,1.58
Guava,5.4,86.0,fridge,sealed_container,80.8,1.65
Guava,4.2,95.3,fridge,sealed_container,70.8,0.8
Guava,22.3,68.9,pantry,perforated_bag,78.3,0.07
Guava,2.8,81.5,fridge,unpackaged,93.9,2.18
Guava,23.6,65.7,counter,perforated_bag,84.7,0.05
Guava,23.4,74.4,counter,perforated_bag,66.0,0.11
Guava,18.5,53.8,pantry,unpackaged,56.1,0.03
Guava,30.8,52.1,counter,sealed_container,89.4,0.02
Guava,30.0,43.7,counter,plastic_wrap,80.8,0.02
Guava,1.9,98.0,fridge,sealed_container,82.4,1.16
Guava,17.5,51.9,pantry,sealed_container,53.3,0.03
Guava,2.2,92.9,fridge,sealed_container,70.2,1.34
Guava,4.1,90.4,fridge,perforated_bag,77.2,2.25
Guava,26.3,49.4,counter,perforated_bag,70.3,0.04
Guava,2.2,82.5,fridge,unpackaged,79.5,1.16
Guava,23.1,73.3,pantry,plastic_wrap,55.3,0.04
Guava,3.4,96.8,fridge,plastic_wrap,87.8,1.37
Guava,25.5,60.4,counter,perforated_bag,89.7,0.06
Guava,3.6,96.5,fridge,unpackaged,81.9,1.28
Guava,21.8,31.1,pantry,unpackaged,59.2,0.02
Guava,23.7,45.4,pantry,perforated_bag,59.7,0.02
Guava,5.0,83.8,fridge,sealed_container,72.2,1.0
Guava,17.5,46.1,pantry,unpackaged,72.2,0.06
Guava,27.4,40.1,counter,unpackaged,84.9,0.03
Guava,2.1,91.2,fridge,sealed_container,89.6,1.77
Guava,7.1,94.7,fridge,sealed_container,82.7,0.9
Guava,4.7,81.7,fridge,unpackaged,91.0,1.09
Guava,24.3,37.2,counter,perforated_bag,84.5,0.04
Guava,22.8,47.0,pantry,plastic_wrap,78.8,0.04
Guava,4.2,90.8,fridge,plastic_wrap,82.8,1.44
Guava,4.8,91.4,fridge,sealed_container,83.3,1.61
Guava,22.3,41.7,counter,sealed_container,83.4,0.05
Guava,18.8,37.5,pantry,sealed_container,81.3,0.06
Guava,20.7,61.0,pantry,unpackaged,76.1,0.05
Guava,3.9,87.4,fridge,unpackaged,67.2,0.93
Guava,5.8,91.6,fridge,sealed_container,89.1,1.61
Guava,7.3,82.5,fridge,sealed_container,72.6,0.79
Guava,18.9,63.0,pantry,sealed_container,85.7,0.06
Guava,15.5,51.1,pantry,perforated_bag,73.1,0.08
Guava,3.9,81.4,fridge,perforated_bag,60.4,1.12
Guava,15.3,58.1,pantry,sealed_container,62.6,0.05
Guava,3.5,84.8,fridge,perforated_bag,88.7,2.46
Guava,25.4,49.7,counter,unpackaged,96.4,0.05
Guava,4.1,85.8,fridge,perforated_bag,82.0,1.52
Guava,21.4,63.4,pantry,plastic_wrap,67.3,0.03
Guava,1.1,79.2,fridge,perforated_bag,54.6,0.81
Guava,20.2,51.3,pantry,perforated_bag,67.5,0.05
Jujube,5.1,89.3,fridge,plastic_wrap,72.2,14.15
Jujube,17.8,54.3,pantry,plastic_wrap,64.6,0.6
Jujube,22.7,22.7,counter,unpackaged,58.0,0.26
Jujube,5.3,91.5,fridge,plastic_wrap,80.3,17.83
Jujube,19.4,55.7,pantry,sealed_container,73.5,0.42
Jujube,5.4,88.0,fridge,sealed_container,73.7,11.02
Jujube,4.7,94.5,fridge,plastic_wrap,94.3,22.35
Jujube,25.0,67.8,pantry,plastic_wrap,80.3,0.42
Jujube,6.3,89.1,fridge,perforated_bag,68.8,9.05
Jujube,4.2,83.0,fridge,sealed_container,80.9,16.33
Jujube,3.9,89.2,fridge,unpackaged,57.3,10.54
Jujube,17.5,50.5,pantry,sealed_container,92.1,0.59
Jujube,7.7,98.2,fridge,sealed_container,88.1,11.21
Jujube,22.8,72.9,pantry,perforated_bag,73.5,0.78
Jujube,4.2,88.1,fridge,plastic_wrap,53.8,8.83
Jujube,3.7,83.8,fridge,sealed_container,94.4,17.52
Jujube,5.4,90.2,fridge,sealed_container,87.3,13.91
Jujube,20.4,53.0,pantry,perforated_bag,61.0,0.44
Jujube,6.1,85.9,fridge,unpackaged,72.3,10.83
Jujube,14.1,61.6,pantry,plastic_wrap,84.4,1.12
Jujube,3.2,83.5,fridge,plastic_wrap,62.6,9.64
Jujube,19.3,39.5,counter,plastic_wrap,94.9,0.68
Jujube,3.7,92.4,fridge,plastic_wrap,52.6,6.71
Jujube,22.1,45.1,pantry,perforated_bag,84.8,0.75
Jujube,25.4,42.6,counter,sealed_container,89.6,0.39
Jujube,22.9,39.0,counter,plastic_wrap,70.5,0.37
Jujube,5.1,86.3,fridge,unpackaged,68.3,12.5
Jujube,7.4,93.1,fridge,perforated_bag,79.0,16.34
Jujube,3.4,87.7,fridge,unpackaged,55.8,6.71
Jujube,5.1,84.5,fridge,perforated_bag,77.6,17.8
Jujube,4.5,87.5,fridge,plastic_wrap,85.7,21.17
Jujube,5.3,83.0,fridge,unpackaged,60.9,6.42
Jujube,25.8,71.5,counter,sealed_container,86.4,0.36
Jujube,4.0,80.5,fridge,unpackaged,47.2,2.04
Jujube,20.0,45.9,pantry,unpackaged,60.7,0.29
Jujube,3.3,83.5,fridge,unpackaged,56.3,6.98
Jujube,6.8,91.4,fridge,sealed_container,74.6,11.83
Jujube,19.9,44.8,pantry,sealed_container,57.1,0.29
Jujube,5.4,84.9,fridge,perforated_bag,78.1,19.12
Jujube,21.5,59.3,pantry,perforated_bag,68.2,0.44
Jujube,3.5,86.9,fridge,perforated_bag,74.0,14.73
Jujube,3.6,97.8,fridge,plastic_wrap,79.0,14.55
Jujube,1.6,87.0,fridge,sealed_container,91.3,21.87
Jujube,5.0,90.1,fridge,plastic_wrap,87.4,18.08
Jujube,4.8,88.0,fridge,plastic_wrap,82.2,17.16
Jujube,3.1,84.8,fridge,unpackaged,74.0,11.52
Jujube,31.8,57.5,counter,perforated_bag,81.5,0.21
Jujube,3.3,98.0,fridge,sealed_container,77.9,8.8
Jujube,3.6,85.2,fridge,sealed_container,95.1,19.98
Jujube,24.7,61.0,counter,unpackaged,91.2,0.4
Jujube,1.9,83.8,fridge,unpackaged,94.7,20.99
Jujube,19.9,47.1,pantry,unpackaged,76.8,0.47
Jujube,3.8,90.8,fridge,unpackaged,76.8,18.25
Jujube,20.5,50.6,pantry,perforated_bag,77.8,0.54
Jujube,25.3,44.2,counter,plastic_wrap,79.5,0.41
Jujube,8.0,93.4,fridge,perforated_bag,98.3,17.4
Jujube,31.4,33.4,counter,plastic_wrap,67.9,0.18
Jujube,20.0,62.2,counter,unpackaged,83.6,0.55
Jujube,6.4,83.7,fridge,unpackaged,68.4,9.42
Jujube,26.4,54.1,counter,sealed_container,92.5,0.47
Jujube,3.6,94.7,fridge,sealed_container,82.8,13.92
Jujube,33.2,43.7,counter,sealed_container,70.6,0.14
Jujube,24.5,44.5,counter,sealed_container,86.0,0.41
Jujube,3.9,86.2,fridge,sealed_container,76.4,15.26
Jujube,4.7,87.0,fridge,unpackaged,88.7,21.21
Jujube,32.7,34.6,counter,unpackaged,73.2,0.16
Jujube,21.0,56.9,pantry,unpackaged,89.3,0.61
Jujube,1.9,86.1,fridge,sealed_container,57.5,12.23
Jujube,24.3,61.5,pantry,sealed_container,85.2,0.33
Jujube,3.5,92.5,fridge,unpackaged,85.5,19.7
Jujube,22.4,63.0,pantry,perforated_bag,73.8,0.52
Jujube,20.1,66.2,counter,unpackaged,80.5,0.6
Jujube,5.8,79.7,fridge,unpackaged,68.7,5.65
Jujube,28.1,53.8,counter,sealed_container,68.9,0.17
Jujube,5.1,81.6,fridge,perforated_bag,85.5,14.76
Jujube,2.4,81.9,fridge,sealed_container,65.6,9.13
Jujube,20.4,90.6,pantry,plastic_wrap,63.3,2.36
Jujube,26.2,34.7,counter,plastic_wrap,63.9,0.3
Jujube,2.0,86.2,fridge,plastic_wrap,48.0,5.59
Jujube,19.1,34.9,counter,sealed_container,74.3,0.65
Jujube,5.2,87.8,fridge,perforated_bag,78.7,18.63
Jujube,6.7,88.2,fridge,plastic_wrap,86.9,19.0
Jujube,3.3,83.0,fridge,perforated_bag,98.5,16.32
Jujube,4.2,82.7,fridge,perforated_bag,64.2,10.64
Jujube,7.1,90.1,fridge,perforated_bag,97.0,14.97
Jujube,6.8,83.0,fridge,plastic_wrap,62.4,5.78
Jujube,4.3,85.5,fridge,unpackaged,58.0,5.39
Jujube,21.8,60.9,pantry,plastic_wrap,70.8,0.51
Jujube,4.0,87.2,fridge,perforated_bag,62.6,15.35
Jujube,19.2,60.4,pantry,plastic_wrap,81.1,0.77
Jujube,5.0,100.0,fridge,unpackaged,97.7,12.12
Jujube,2.8,99.8,fridge,perforated_bag,86.6,13.93
Jujube,21.3,54.9,pantry,sealed_container,78.1,0.4
Jujube,3.9,85.5,fridge,sealed_container,93.3,14.0
Jujube,24.9,43.3,counter,perforated_bag,67.5,0.43
Jujube,24.1,71.3,counter,plastic_wrap,72.7,0.56
Jujube,16.3,61.2,pantry,perforated_bag,57.9,0.39
Jujube,23.0,64.4,pantry,unpackaged,79.3,0.45
Jujube,22.8,32.5,counter,unpackaged,60.2,0.23
Jujube,2.9,81.5,fridge,unpackaged,82.0,11.77
Jujube,14.7,68.6,pantry,perforated_bag,79.1,1.03
Jujube,0.0,83.9,fridge,sealed_container,82.5,19.69
Jujube,3.5,93.0,fridge,sealed_container,83.6,15.42
Jujube,5.1,96.2,fridge,unpackaged,92.0,16.81
Jujube,27.3,31.8,counter,plastic_wrap,84.2,0.33
Jujube,23.7,49.0,counter,plastic_wrap,83.4,0.49
Jujube,15.2,50.6,pantry,sealed_container,85.6,0.93
Jujube,17.6,65.1,pantry,perforated_bag,94.2,1.15
Jujube,19.7,41.5,pantry,sealed_container,70.7,0.54
Jujube,23.8,57.6,pantry,unpackaged,75.1,0.4
Jujube,18.4,58.8,pantry,sealed_container,81.6,0.71
Jujube,25.3,26.6,counter,perforated_bag,93.1,0.48
Jujube,21.9,32.1,counter,perforated_bag,86.4,0.72
Jujube,4.3,100.0,fridge,perforated_bag,50.1,3.89
Jujube,2.7,90.3,fridge,plastic_wrap,82.8,22.92
Jujube,5.5,81.8,fridge,perforated_bag,87.1,14.31
Jujube,20.0,46.8,counter,plastic_wrap,83.7,0.8
Jujube,23.0,68.3,pantry,perforated_bag,97.1,0.72
Jujube,3.3,80.7,fridge,unpackaged,65.5,9.06
Jujube,21.8,40.5,pantry,unpackaged,54.3,0.27
Jujube,21.8,58.9,pantry,plastic_wrap,68.3,0.44
Jujube,3.5,88.0,fridge,perforated_bag,91.2,31.47
Jujube,28.1,33.9,counter,unpackaged,87.3,0.25
Jujube,5.4,85.0,fridge,unpackaged,86.2,14.25
Jujube,3.6,82.9,fridge,perforated_bag,83.7,17.77
Jujube,19.5,30.8,counter,sealed_container,78.5,0.58
Jujube,1.3,87.2,fridge,plastic_wrap,80.3,21.61
Jujube,17.8,72.2,pantry,perforated_bag,84.6,1.18
Jujube,3.6,84.2,fridge,perforated_bag,92.4,17.94
Jujube,7.4,87.7,fridge,sealed_container,94.7,15.87
Jujube,3.2,84.9,fridge,unpackaged,71.4,10.08
Jujube,19.5,36.6,counter,unpackaged,83.5,0.61
Jujube,0.7,92.7,fridge,unpackaged,77.7,20.37
Jujube,15.0,76.7,pantry,perforated_bag,92.3,4.12
Jujube,4.3,94.8,fridge,perforated_bag,84.8,16.86
Jujube,4.1,81.7,fridge,unpackaged,76.4,9.85
Jujube,3.3,86.3,fridge,plastic_wrap,83.3,23.38
Jujube,3.2,87.7,fridge,perforated_bag,88.0,25.47
Jujube,18.1,55.1,pantry,sealed_container,66.0,0.5
Jujube,5.7,90.6,fridge,unpackaged,60.9,6.88
Jujube,3.6,92.7,fridge,perforated_bag,69.7,13.31
Jujube,2.9,81.7,fridge,unpackaged,67.5,7.3
Jujube,4.7,89.8,fridge,plastic_wrap,66.8,15.14
Jujube,3.3,88.4,fridge,perforated_bag,83.2,26.33
Jujube,2.2,77.8,fridge,plastic_wrap,81.2,13.59
Jujube,6.1,96.3,fridge,perforated_bag,81.9,15.73
Jujube,20.0,58.0,pantry,unpackaged,78.2,0.66
Jujube,22.4,58.2,pantry,perforated_bag,87.3,0.52
Jujube,4.7,87.7,fridge,sealed_container,77.0,14.73
Jujube,2.9,83.2,fridge,perforated_bag,54.2,8.15
Jujube,2.2,87.7,fridge,sealed_container,73.9,16.49
Jujube,20.4,33.9,counter,perforated_bag,76.9,0.73
Jujube,20.2,58.0,pantry,perforated_bag,77.1,0.61
Jujube,7.8,93.1,fridge,sealed_container,69.0,10.29
Jujube,1.9,86.9,fridge,perforated_bag,79.7,21.97
Jujube,18.6,65.5,pantry,sealed_container,96.3,0.75
Jujube,19.9,48.8,counter,perforated_bag,59.0,0.46
Jujube,3.9,89.3,fridge,sealed_container,70.3,14.4
Jujube,6.7,93.7,fridge,unpackaged,76.0,11.42
Jujube,4.8,86.2,fridge,perforated_bag,78.0,16.55
Jujube,26.4,28.8,counter,unpackaged,77.7,0.31
Jujube,19.2,23.3,counter,perforated_bag,78.3,0.86
Jujube,25.1,68.2,pantry,unpackaged,60.8,0.26
Jujube,23.1,46.7,counter,perforated_bag,73.6,0.47
Jujube,24.6,49.1,counter,plastic_wrap,73.2,0.45
Jujube,18.1,68.6,pantry,plastic_wrap,67.6,0.59
Jujube,19.4,44.0,counter,perforated_bag,92.1,0.74
Jujube,4.2,91.2,fridge,perforated_bag,76.1,12.63
Jujube,2.4,85.0,fridge,unpackaged,62.0,11.83
Jujube,4.5,89.5,fridge,sealed_container,85.5,14.37
Jujube,21.0,41.7,counter,sealed_container,59.1,0.22
Jujube,22.1,45.8,pantry,perforated_bag,79.5,0.6
Jujube,26.7,46.1,counter,plastic_wrap,76.4,0.33
Jujube,2.5,90.9,fridge,sealed_container,67.2,12.39
Jujube,17.7,38.2,pantry,plastic_wrap,69.7,0.54
Jujube,3.4,84.5,fridge,sealed_container,77.9,11.41
Jujube,4.8,87.5,fridge,sealed_container,65.4,10.44
Jujube,18.4,25.0,counter,unpackaged,87.8,0.61
Jujube,1.3,85.8,fridge,plastic_wrap,78.3,21.96
Jujube,18.0,67.4,pantry,sealed_container,82.9,0.85
Jujube,4.0,87.3,fridge,perforated_bag,95.7,24.51
Jujube,23.1,65.6,pantry,sealed_container,93.7,0.42
Jujube,27.1,38.8,counter,sealed_container,65.8,0.23
Jujube,18.7,49.8,pantry,plastic_wrap,76.5,0.64
Jujube,2.6,85.4,fridge,unpackaged,80.0,18.35
Jujube,4.9,84.5,fridge,perforated_bag,86.2,16.93
Jujube,3.6,85.8,fridge,sealed_container,88.6,17.64
Jujube,3.0,86.0,fridge,sealed_container,87.9,20.5
Jujube,0.6,88.3,fridge,sealed_container,63.1,16.16
Jujube,6.4,93.3,fridge,perforated_bag,93.4,17.28
Jujube,4.8,84.8,fridge,sealed_container,73.0,12.98
Jujube,4.3,91.1,fridge,unpackaged,89.2,12.48
Jujube,3.3,87.2,fridge,plastic_wrap,98.6,19.42
Jujube,4.2,92.2,fridge,sealed_container,59.0,8.26
Jujube,5.1,90.7,fridge,sealed_container,79.4,12.08
Jujube,25.4,44.3,counter,sealed_container,55.4,0.18
Jujube,2.6,86.7,fridge,perforated_bag,80.8,22.3
Jujube,17.7,52.1,pantry,sealed_container,72.0,0.59
Jujube,28.3,43.9,counter,perforated_bag,83.9,0.29
Jujube,1.3,94.5,fridge,sealed_container,68.3,10.77
Jujube,20.2,49.8,pantry,unpackaged,86.8,0.64
Jujube,24.8,31.6,counter,unpackaged,84.2,0.28
Jujube,3.1,92.7,fridge,sealed_container,53.3,6.93
Jujube,14.0,51.8,pantry,plastic_wrap,86.0,1.17
Jujube,3.6,86.4,fridge,plastic_wrap,87.7,18.37
Jujube,4.4,90.1,fridge,sealed_container,71.6,12.96
Jujube,2.3,84.8,fridge,perforated_bag,78.8,21.86
Jujube,4.3,91.0,fridge,plastic_wrap,57.2,7.5
Jujube,4.0,91.0,fridge,sealed_container,95.7,23.48
Jujube,4.4,94.2,fridge,sealed_container,78.4,11.41
Jujube,6.2,94.4,fridge,perforated_bag,96.6,17.0
Jujube,4.1,96.4,fridge,unpackaged,65.8,11.98
Jujube,2.8,92.2,fridge,plastic_wrap,69.9,14.12
Jujube,19.9,35.4,counter,sealed_container,74.5,0.44
Jujube,3.1,86.9,fridge,plastic_wrap,80.2,17.04
Jujube,28.3,39.6,counter,sealed_container,61.7,0.15
Jujube,3.7,85.9,fridge,plastic_wrap,77.2,16.2
Jujube,4.2,92.8,fridge,sealed_container,74.7,12.76
Jujube,18.8,74.7,pantry,plastic_wrap,79.4,1.22
Jujube,2.8,91.8,fridge,plastic_wrap,70.3,14.04
Jujube,5.0,87.6,fridge,perforated_bag,54.3,10.12
Jujube,24.4,37.5,pantry,sealed_container,82.5,0.35
Jujube,23.2,58.3,pantry,plastic_wrap,75.5,0.47
Jujube,20.4,56.3,pantry,unpackaged,73.9,0.49
Jujube,26.5,45.3,counter,unpackaged,78.5,0.26
Jujube,26.2,36.4,counter,sealed_container,66.0,0.23
Jujube,5.0,92.2,fridge,sealed_container,92.2,19.25
Jujube,6.6,99.3,fridge,perforated_bag,81.7,11.74
Jujube,3.5,87.4,fridge,plastic_wrap,60.8,9.39
Jujube,5.0,83.7,fridge,perforated_bag,82.5,15.26
Jujube,14.2,32.7,counter,plastic_wrap,97.1,1.47
Jujube,3.1,83.8,fridge,plastic_wrap,74.9,14.38
Jujube,25.5,60.4,counter,sealed_container,85.0,0.47
Jujube,4.7,83.3,fridge,sealed_container,87.4,15.88
Jujube,26.3,48.4,counter,sealed_container,64.0,0.23
Jujube,5.2,93.6,fridge,sealed_container,71.2,11.21
Jujube,4.9,94.1,fridge,sealed_container,78.3,12.79
Jujube,4.3,84.1,fridge,perforated_bag,75.0,12.64
Jujube,25.0,39.8,counter,unpackaged,90.8,0.48
Jujube,21.9,47.9,pantry,perforated_bag,93.8,0.82
Jujube,6.2,89.5,fridge,perforated_bag,80.6,13.63
Jujube,18.0,57.7,counter,plastic_wrap,85.1,0.61
Jujube,1.4,89.4,fridge,plastic_wrap,77.9,22.14
Jujube,1.2,84.4,fridge,sealed_container,82.3,17.53
Jujube,23.5,76.5,pantry,perforated_bag,81.4,1.31
Jujube,3.9,91.1,fridge,unpackaged,81.5,12.14
Jujube,30.2,38.7,counter,unpackaged,84.1,0.28
Jujube,4.5,79.3,fridge,sealed_container,92.1,13.52
Jujube,4.7,75.4,fridge,sealed_container,59.8,3.03
Jujube,17.6,35.0,pantry,sealed_container,81.3,0.68
Jujube,20.1,60.8,pantry,plastic_wrap,68.8,0.49
Jujube,4.1,91.7,fridge,sealed_container,80.7,17.84
Jujube,26.5,50.6,counter,unpackaged,91.5,0.4
Jujube,1.3,96.2,fridge,sealed_container,85.1,19.1
Jujube,4.6,84.8,fridge,plastic_wrap,73.5,9.81
Jujube,4.1,89.0,fridge,sealed_container,90.0,16.27
Jujube,4.1,87.0,fridge,perforated_bag,79.4,19.09
Jujube,22.1,53.3,pantry,perforated_bag,90.5,0.82
Jujube,1.2,90.8,fridge,sealed_container,75.8,21.69
Jujube,16.2,74.3,pantry,perforated_bag,68.4,1.46
Jujube,4.4,84.8,fridge,plastic_wrap,73.8,16.33
Jujube,1.6,89.2,fridge,plastic_wrap,51.8,6.17
Jujube,2.9,95.8,fridge,perforated_bag,74.4,17.84
Jujube,3.2,90.0,fridge,perforated_bag,62.0,12.45
Jujube,21.0,54.9,pantry,sealed_container,81.9,0.62
Jujube,30.9,54.9,counter,perforated_bag,85.3,0.25
Jujube,19.6,52.7,pantry,unpackaged,80.4,0.57
Jujube,20.3,53.3,pantry,sealed_container,69.8,0.51
Jujube,20.1,46.8,pantry,sealed_container,87.5,0.79
Jujube,6.2,91.4,fridge,plastic_wrap,77.8,11.95
Jujube,25.4,36.9,counter,sealed_container,52.9,0.13
Jujube,5.3,90.6,fridge,plastic_wrap,75.1,16.23
Jujube,29.3,46.8,counter,unpackaged,73.1,0.22
Jujube,20.6,58.9,counter,sealed_container,77.2,0.35
Jujube,4.9,84.4,fridge,perforated_bag,76.6,13.91
Jujube,5.2,89.3,fridge,unpackaged,72.3,12.56
Jujube,2.6,80.1,fridge,perforated_bag,74.9,13.5
Jujube,24.7,28.5,counter,sealed_container,60.9,0.22
Jujube,15.1,44.4,pantry,unpackaged,61.5,0.47
Jujube,25.0,42.0,counter,unpackaged,70.0,0.22
Jujube,6.2,95.5,fridge,perforated_bag,55.7,4.85
Jujube,22.8,74.0,counter,sealed_container,64.4,0.61
Jujube,4.5,87.9,fridge,perforated_bag,76.9,20.77
Jujube,1.2,90.2,fridge,sealed_container,65.5,16.47
Jujube,17.2,46.3,pantry,unpackaged,76.1,0.46
Jujube,5.4,92.5,fridge,plastic_wrap,87.3,20.37
Jujube,6.4,89.7,fridge,plastic_wrap,77.7,10.33
Jujube,2.6,86.4,fridge,sealed_container,85.1,20.85
Jujube,4.3,82.7,fridge,unpackaged,89.2,9.96
Jujube,12.5,65.3,pantry,sealed_container,80.9,1.24
Jujube,3.9,90.3,fridge,plastic_wrap,65.4,16.93
Jujube,10.4,50.8,pantry,perforated_bag,87.6,1.76
Jujube,27.5,28.4,counter,sealed_container,77.5,0.28
Jujube,5.4,88.3,fridge,sealed_container,90.8,17.65
Jujube,5.3,79.4,fridge,unpackaged,88.9,10.05
Jujube,19.2,47.7,pantry,unpackaged,88.2,0.66
Jujube,6.7,93.0,fridge,sealed_container,60.4,7.44
Jujube,21.3,36.6,counter,unpackaged,46.9,0.12
Jujube,3.3,89.1,fridge,sealed_container,82.2,18.35
Jujube,20.4,44.3,counter,sealed_container,53.9,0.24
Jujube,23.1,63.1,counter,plastic_wrap,87.5,0.46
Jujube,24.0,48.3,counter,plastic_wrap,86.3,0.51
Jujube,3.2,98.2,fridge,sealed_container,97.4,11.91
Jujube,5.4,85.1,fridge,perforated_bag,56.7,7.78
Jujube,2.9,84.3,fridge,perforated_bag,76.3,16.98
Jujube,21.8,40.8,pantry,perforated_bag,66.6,0.4
Jujube,25.6,38.9,counter,plastic_wrap,86.1,0.35
Jujube,5.2,77.1,fridge,plastic_wrap,84.5,8.12
Jujube,5.2,93.2,fridge,unpackaged,63.5,6.32
Jujube,26.0,73.0,pantry,sealed_container,79.7,0.42
Jujube,19.6,59.8,pantry,unpackaged,78.4,0.64
Jujube,3.2,83.4,fridge,perforated_bag,97.2,20.82
Jujube,4.6,86.3,fridge,sealed_container,65.6,10.75
Jujube,6.5,91.7,fridge,unpackaged,55.0,5.39
Jujube,20.6,43.8,pantry,unpackaged,80.4,0.62
Jujube,7.1,96.6,fridge,plastic_wrap,96.9,15.86
Jujube,14.5,55.1,pantry,sealed_container,61.7,0.41
Jujube,5.0,82.9,fridge,unpackaged,62.8,7.8
Jujube,6.6,86.1,fridge,perforated_bag,75.3,14.56
Jujube,24.3,31.7,pantry,unpackaged,66.5,0.29
Jujube,0.6,87.7,fridge,sealed_container,78.1,21.81
Jujube,15.8,52.1,counter,plastic_wrap,65.7,0.64
Jujube,19.0,65.7,pantry,perforated_bag,85.4,0.65
Jujube,22.8,42.4,pantry,perforated_bag,66.4,0.4
Jujube,19.0,54.5,pantry,unpackaged,87.5,0.86
Jujube,2.3,89.9,fridge,unpackaged,66.7,12.87
Jujube,20.7,45.3,counter,sealed_container,85.8,0.57
Jujube,6.7,86.1,fridge,unpackaged,77.4,10.64
Jujube,4.3,87.2,fridge,plastic_wrap,90.7,19.87
Jujube,1.4,89.6,fridge,plastic_wrap,69.2,15.45
Jujube,3.8,84.9,fridge,perforated_bag,79.3,16.96
Jujube,2.7,87.4,fridge,sealed_container,83.8,19.22
Jujube,4.5,94.8,fridge,unpackaged,87.3,16.73
Jujube,4.3,85.6,fridge,unpackaged,81.3,15.11
Jujube,3.6,93.2,fridge,perforated_bag,96.0,22.22
Jujube,4.5,84.2,fridge,sealed_container,71.6,12.49
Jujube,2.8,90.7,fridge,unpackaged,81.2,18.87
Jujube,18.4,65.9,pantry,perforated_bag,67.4,0.58
Jujube,3.2,88.3,fridge,plastic_wrap,75.7,16.65
Jujube,3.7,83.6,fridge,unpackaged,65.9,8.95
Jujube,17.9,61.4,pantry,sealed_container,67.3,0.59
Jujube,1.9,86.2,fridge,unpackaged,58.1,10.6
Jujube,3.9,87.1,fridge,unpackaged,56.5,8.41
Jujube,20.6,64.7,pantry,unpackaged,73.9,0.57
Jujube,3.8,85.1,fridge,plastic_wrap,72.3,16.72
Jujube,5.3,93.4,fridge,plastic_wrap,83.4,13.94
Jujube,3.9,84.7,fridge,unpackaged,82.3,17.79
Jujube,4.3,95.9,fridge,plastic_wrap,67.8,11.94
Jujube,3.6,93.5,fridge,unpackaged,94.0,18.36
Jujube,7.6,92.8,fridge,sealed_container,86.7,10.99
Jujube,17.0,63.9,pantry,unpackaged,75.3,0.83
Jujube,4.2,90.8,fridge,plastic_wrap,92.4,20.67
Jujube,3.3,87.5,fridge,perforated_bag,58.2,12.82
Jujube,0.0,86.7,fridge,sealed_container,87.7,22.64
Jujube,0.3,83.9,fridge,plastic_wrap,93.7,23.02
Jujube,21.1,64.3,pantry,unpackaged,70.5,0.42
Jujube,6.9,79.6,fridge,plastic_wrap,90.0,8.94
Jujube,4.4,97.6,fridge,sealed_container,83.9,14.95
Jujube,17.6,47.8,pantry,perforated_bag,97.7,0.95
Jujube,28.3,53.6,pantry,perforated_bag,75.4,0.24
Jujube,1.3,83.1,fridge,unpackaged,82.9,14.8
Jujube,26.0,36.7,counter,sealed_container,80.6,0.31
Jujube,27.6,20.0,counter,plastic_wrap,58.1,0.15
Jujube,18.4,64.6,pantry,sealed_container,78.7,0.67
Jujube,19.1,70.3,pantry,plastic_wrap,54.4,0.26
Jujube,22.9,66.8,pantry,perforated_bag,92.5,0.48
Jujube,6.0,88.9,fridge,unpackaged,58.9,8.14
Jujube,5.6,91.1,fridge,sealed_container,81.7,15.3
Jujube,22.0,42.0,counter,unpackaged,65.7,0.39
Jujube,24.2,45.7,counter,unpackaged,71.4,0.34
Jujube,27.6,61.2,counter,plastic_wrap,68.5,0.22
Jujube,4.5,92.8,fridge,sealed_container,88.5,18.68
Jujube,2.0,90.6,fridge,perforated_bag,46.8,4.17
Jujube,4.7,88.9,fridge,unpackaged,80.9,15.03
Jujube,21.5,48.2,pantry,plastic_wrap,92.9,0.84
Jujube,3.2,82.2,fridge,perforated_bag,91.2,17.28
Jujube,2.3,82.9,fridge,unpackaged,64.7,13.06
Jujube,19.4,26.6,counter,unpackaged,65.3,0.39
Jujube,4.4,78.1,fridge,sealed_container,83.2,8.58
Jujube,4.2,81.3,fridge,unpackaged,46.0,2.26
Jujube,20.7,46.8,pantry,plastic_wrap,87.5,0.75
Jujube,4.1,84.0,fridge,sealed_container,87.0,16.66
Jujube,18.3,58.6,pantry,sealed_container,88.6,0.78
Jujube,19.6,60.2,pantry,unpackaged,86.5,0.62
Jujube,3.0,90.9,fridge,perforated_bag,54.9,8.7
Jujube,3.7,91.8,fridge,perforated_bag,84.7,20.8
Jujube,24.6,48.2,counter,unpackaged,81.9,0.32
Jujube,4.2,88.8,fridge,sealed_container,79.0,13.84
Jujube,6.7,86.2,fridge,perforated_bag,87.6,16.52
Jujube,1.4,80.7,fridge,unpackaged,84.1,16.73
Jujube,24.9,33.1,counter,sealed_container,89.4,0.32
Jujube,4.8,97.8,fridge,perforated_bag,78.6,10.56
Jujube,19.2,50.1,pantry,unpackaged,85.2,0.66
Jujube,4.8,91.3,fridge,sealed_container,67.1,11.64
Jujube,3.3,86.5,fridge,sealed_container,88.1,17.19
Jujube,23.2,41.6,counter,plastic_wrap,79.0,0.47
Jujube,5.4,88.1,fridge,perforated_bag,54.0,8.37
Jujube,6.6,89.1,fridge,unpackaged,77.8,14.95
Jujube,22.4,37.7,counter,perforated_bag,59.0,0.28
Jujube,3.6,85.4,fridge,sealed_container,57.4,8.16
Kaki,21.8,54.1,pantry,perforated_bag,76.9,0.89
Kaki,28.1,39.5,counter,sealed_container,82.0,0.32
Kaki,3.8,85.9,fridge,plastic_wrap,99.1,22.28
Kaki,19.7,36.3,counter,perforated_bag,83.6,0.91
Kaki,4.3,92.4,fridge,plastic_wrap,72.9,17.3
Kaki,1.7,79.7,fridge,plastic_wrap,91.0,19.27
Kaki,25.5,54.9,counter,plastic_wrap,89.7,0.55
Kaki,4.7,85.6,fridge,sealed_container,90.3,18.61
Kaki,4.6,95.5,fridge,unpackaged,81.7,19.3
Kaki,18.2,35.0,counter,perforated_bag,83.9,1.34
Kaki,5.1,93.9,fridge,plastic_wrap,61.1,13.25
Kaki,5.0,86.2,fridge,sealed_container,82.5,22.52
Kaki,27.9,28.8,counter,perforated_bag,68.7,0.42
Kaki,15.4,62.5,pantry,plastic_wrap,79.2,1.34
Kaki,5.4,89.5,fridge,sealed_container,79.9,20.92
Kaki,21.5,45.1,pantry,sealed_container,87.4,0.62
Kaki,5.6,89.1,fridge,perforated_bag,82.3,25.83
Kaki,20.5,44.6,pantry,perforated_bag,69.5,0.55
Kaki,2.3,93.9,fridge,unpackaged,67.6,13.96
Kaki,25.2,52.4,counter,sealed_container,60.2,0.33
Kaki,3.4,86.5,fridge,unpackaged,89.1,25.95
Kaki,28.3,29.6,counter,sealed_container,75.3,0.4
Kaki,26.2,50.4,counter,plastic_wrap,71.7,0.44
Kaki,5.0,85.2,fridge,plastic_wrap,90.1,26.29
Kaki,22.0,50.7,counter,sealed_container,89.1,0.65
Kaki,25.7,39.7,pantry,plastic_wrap,47.6,0.17
Kaki,6.0,91.3,fridge,sealed_container,50.7,4.54
Kaki,20.7,57.3,pantry,plastic_wrap,89.6,1.03
Kaki,23.5,60.4,pantry,sealed_container,79.7,0.66
Kaki,4.7,87.1,fridge,unpackaged,84.4,18.73
Kaki,24.7,52.8,pantry,perforated_bag,90.9,0.75
Kaki,19.1,35.2,pantry,plastic_wrap,67.3,0.96
Kaki,4.8,87.1,fridge,unpackaged,47.8,5.37
Kaki,18.4,58.7,pantry,perforated_bag,75.8,1.19
Kaki,15.6,60.8,pantry,sealed_container,58.9,0.5
Kaki,3.9,90.4,fridge,unpackaged,87.5,18.13
Kaki,21.6,65.1,pantry,unpackaged,86.9,0.82
Kaki,3.9,79.4,fridge,plastic_wrap,69.1,11.92
Kaki,1.7,86.4,fridge,perforated_bag,86.1,34.67
Kaki,16.8,67.3,pantry,unpackaged,66.1,0.74
Kaki,19.9,56.8,pantry,unpackaged,76.1,0.7
Kaki,3.5,76.8,fridge,sealed_container,68.6,7.19
Kaki,18.9,51.2,pantry,sealed_container,70.0,0.78
Kaki,21.5,44.4,counter,perforated_bag,81.4,0.91
Kaki,18.8,61.9,pantry,plastic_wrap,93.2,1.17
Kaki,24.4,34.0,counter,perforated_bag,75.7,0.61
Kaki,18.5,61.2,pantry,sealed_container,94.0,0.94
Kaki,4.0,88.5,fridge,unpackaged,72.9,20.05
Kaki,20.8,65.6,pantry,plastic_wrap,88.0,0.86
Kaki,24.9,59.7,counter,unpackaged,51.6,0.18
Kaki,25.4,30.1,counter,unpackaged,58.3,0.25
Kaki,19.5,62.3,pantry,plastic_wrap,51.2,0.3
Kaki,3.7,89.5,fridge,unpackaged,75.1,21.33
Kaki,2.8,93.5,fridge,perforated_bag,91.7,36.22
Kaki,3.7,82.5,fridge,sealed_container,89.5,21.53
Kaki,22.6,64.8,pantry,plastic_wrap,50.0,0.29
Kaki,4.1,89.3,fridge,sealed_container,68.6,17.62
Kaki,6.6,82.0,fridge,unpackaged,65.9,8.82
Kaki,22.7,50.0,counter,unpackaged,67.7,0.59
Kaki,4.1,82.7,fridge,perforated_bag,88.8,24.04
Kaki,2.2,87.8,fridge,perforated_bag,86.0,35.25
Kaki,3.2,90.3,fridge,sealed_container,71.0,21.99
Kaki,2.5,87.9,fridge,plastic_wrap,72.3,24.31
Kaki,20.6,50.5,counter,unpackaged,87.4,0.82
Kaki,0.4,85.3,fridge,unpackaged,74.4,23.35
Kaki,4.9,86.4,fridge,sealed_container,85.4,22.84
Kaki,5.6,85.0,fridge,plastic_wrap,83.8,24.56
Kaki,7.8,88.8,fridge,perforated_bag,78.9,19.36
Kaki,5.9,85.1,fridge,unpackaged,84.5,19.85
Kaki,19.0,28.2,pantry,perforated_bag,78.2,1.0
Kaki,5.2,86.8,fridge,plastic_wrap,74.4,23.53
Kaki,25.6,49.3,pantry,plastic_wrap,80.2,0.51
Kaki,4.3,98.6,fridge,unpackaged,58.2,8.39
Kaki,16.3,58.5,pantry,sealed_container,76.9,1.09
Kaki,3.9,93.5,fridge,plastic_wrap,78.0,17.16
Kaki,6.4,83.2,fridge,unpackaged,68.2,11.12
Kaki,1.7,91.8,fridge,plastic_wrap,94.7,32.42
Kaki,4.0,87.3,fridge,plastic_wrap,69.6,18.98
Kaki,3.2,88.9,fridge,sealed_container,78.6,28.3
Kaki,1.3,93.1,fridge,sealed_container,88.4,30.32
Kaki,3.0,80.7,fridge,plastic_wrap,73.1,16.07
Kaki,3.3,92.5,fridge,perforated_bag,78.0,19.84
Kaki,22.3,49.4,pantry,plastic_wrap,83.3,0.85
Kaki,4.1,86.9,fridge,plastic_wrap,78.5,29.91
Kaki,26.4,57.8,pantry,perforated_bag,65.3,0.39
Kaki,22.1,39.6,counter,perforated_bag,82.5,1.09
Kaki,1.1,83.4,fridge,perforated_bag,90.3,43.51
Kaki,5.4,86.9,fridge,perforated_bag,95.8,25.97
Kaki,3.6,80.8,fridge,sealed_container,72.8,12.64
Kaki,1.5,82.0,fridge,perforated_bag,90.2,28.71
Kaki,4.2,85.4,fridge,perforated_bag,83.1,23.74
Kaki,3.0,82.0,fridge,perforated_bag,85.0,30.7
Kaki,4.5,84.8,fridge,plastic_wrap,72.8,13.18
Kaki,5.1,82.3,fridge,sealed_container,53.0,6.63
Kaki,20.3,48.8,pantry,unpackaged,91.1,0.97
Kaki,4.4,82.1,fridge,plastic_wrap,90.0,18.95
Kaki,22.0,61.8,pantry,sealed_container,83.4,0.64
Kaki,1.6,80.4,fridge,perforated_bag,76.1,16.34
Kaki,3.8,85.9,fridge,perforated_bag,85.8,25.68
Kaki,26.9,28.1,counter,sealed_container,53.0,0.15
Kaki,6.8,88.6,fridge,perforated_bag,86.1,27.21
Kaki,3.2,91.3,fridge,perforated_bag,72.3,29.66
Kaki,3.6,80.0,fridge,plastic_wrap,76.8,17.85
Kaki,1.8,82.7,fridge,plastic_wrap,78.9,26.57
Kaki,3.1,82.3,fridge,plastic_wrap,60.2,12.48
Kaki,23.3,45.5,pantry,perforated_bag,71.2,0.49
Kaki,1.4,87.5,fridge,perforated_bag,64.0,25.11
Kaki,2.9,94.7,fridge,unpackaged,74.5,22.86
Kaki,3.6,91.8,fridge,plastic_wrap,91.6,25.11
Kaki,4.7,85.0,fridge,unpackaged,59.7,11.25
Kaki,27.5,53.0,counter,plastic_wrap,78.8,0.57
Kaki,5.1,87.6,fridge,perforated_bag,79.3,29.1
Kaki,21.8,57.7,pantry,perforated_bag,72.2,0.79
Kaki,5.7,83.8,fridge,plastic_wrap,46.8,3.91
Kaki,3.3,91.8,fridge,perforated_bag,75.0,34.45
Kaki,1.9,92.3,fridge,plastic_wrap,87.9,42.92
Kaki,18.3,33.6,counter,sealed_container,65.9,0.54
Kaki,22.8,39.3,counter,perforated_bag,74.9,0.75
Kaki,3.0,87.9,fridge,plastic_wrap,51.4,8.86
Kaki,3.4,89.5,fridge,plastic_wrap,61.6,18.53
Kaki,18.3,56.9,pantry,perforated_bag,52.0,0.42
Kaki,20.7,71.0,pantry,unpackaged,91.2,0.98
Kaki,5.2,86.6,fridge,unpackaged,79.0,19.41
Kaki,19.6,54.3,pantry,plastic_wrap,48.4,0.3
Kaki,7.1,87.8,fridge,perforated_bag,69.0,12.22
Kaki,3.2,93.0,fridge,unpackaged,73.3,17.79
Kaki,25.9,50.3,counter,sealed_container,84.9,0.54
Kaki,3.5,82.3,fridge,sealed_container,82.7,19.86
Kaki,24.2,64.2,pantry,sealed_container,76.5,0.45
Kaki,2.9,89.0,fridge,perforated_bag,69.9,18.83
Kaki,24.1,49.3,counter,unpackaged,60.0,0.38
Kaki,24.5,46.1,pantry,perforated_bag,67.1,0.42
Kaki,2.6,93.3,fridge,unpackaged,65.9,17.53
Kaki,12.8,75.1,counter,sealed_container,86.3,2.62
Kaki,5.0,84.4,fridge,plastic_wrap,61.8,15.03
Kaki,6.2,93.7,fridge,plastic_wrap,86.3,16.94
Kaki,16.0,52.7,pantry,plastic_wrap,82.2,1.49
Kaki,26.1,41.7,counter,unpackaged,63.9,0.39
Kaki,25.9,67.0,counter,plastic_wrap,80.5,0.62
Kaki,5.1,86.6,fridge,unpackaged,73.9,16.37
Kaki,19.7,50.4,pantry,perforated_bag,74.9,0.77
Kaki,4.2,90.0,fridge,perforated_bag,88.5,33.14
Kaki,17.0,57.9,pantry,plastic_wrap,85.9,1.37
Kaki,4.4,87.1,fridge,perforated_bag,59.1,13.41
Kaki,3.4,81.3,fridge,unpackaged,71.9,13.99
Kaki,24.0,20.0,counter,perforated_bag,64.2,0.56
Kaki,0.8,98.6,fridge,unpackaged,68.0,17.91
Kaki,4.1,85.2,fridge,perforated_bag,87.2,27.89
Kaki,23.7,57.2,pantry,plastic_wrap,84.8,0.91
Kaki,4.0,91.6,fridge,plastic_wrap,77.4,27.42
Kaki,3.9,87.5,fridge,perforated_bag,75.9,29.17
Kaki,24.8,44.6,counter,perforated_bag,86.5,0.85
Kaki,5.3,88.7,fridge,unpackaged,69.4,15.25
Kaki,4.2,84.0,fridge,plastic_wrap,69.5,13.22
Kaki,20.0,73.1,pantry,unpackaged,80.6,1.3
Kaki,3.7,87.2,fridge,plastic_wrap,53.1,13.55
Kaki,25.4,20.0,counter,unpackaged,72.0,0.34
Kaki,21.4,55.2,pantry,unpackaged,86.6,0.74
Kaki,3.0,100.0,fridge,sealed_container,57.7,6.81
Kaki,4.9,77.4,fridge,plastic_wrap,76.8,10.77
Kaki,3.2,93.4,fridge,unpackaged,77.6,19.85
Kaki,17.1,39.0,counter,perforated_bag,81.7,1.26
Kaki,5.1,84.4,fridge,unpackaged,90.5,24.79
Kaki,0.0,92.5,fridge,plastic_wrap,64.4,24.06
Kaki,1.9,88.4,fridge,sealed_container,91.8,30.1
Kaki,2.5,84.9,fridge,plastic_wrap,74.3,24.47
Kaki,5.8,89.5,fridge,sealed_container,82.4,22.45
Kaki,1.3,93.4,fridge,sealed_container,69.3,24.28
Kaki,14.5,32.2,pantry,perforated_bag,71.3,1.62
Kaki,2.4,84.1,fridge,sealed_container,84.8,19.4
Kaki,31.5,70.6,counter,plastic_wrap,83.7,0.36
Kaki,3.0,82.5,fridge,sealed_container,78.7,16.38
Kaki,3.1,88.5,fridge,perforated_bag,87.2,35.38
Kaki,2.5,93.1,fridge,sealed_container,85.5,19.84
Kaki,2.9,91.0,fridge,perforated_bag,85.7,33.12
Kaki,4.8,86.6,fridge,perforated_bag,68.0,16.09
Kaki,3.2,90.4,fridge,plastic_wrap,58.6,15.15
Kaki,4.0,95.0,fridge,plastic_wrap,95.0,35.85
Kaki,23.9,59.2,counter,perforated_bag,86.3,0.7
Kaki,2.9,87.7,fridge,unpackaged,61.0,17.21
Kaki,5.1,83.1,fridge,perforated_bag,71.3,18.9
Kaki,3.2,88.3,fridge,plastic_wrap,68.6,23.58
Kaki,3.8,88.6,fridge,perforated_bag,60.7,16.2
Kaki,24.0,38.3,counter,sealed_container,83.4,0.55
Kaki,5.9,76.9,fridge,unpackaged,86.2,9.69
Kaki,17.7,64.4,pantry,unpackaged,84.9,1.07
Kaki,24.2,33.1,counter,plastic_wrap,67.9,0.4
Kaki,5.3,86.5,fridge,unpackaged,88.0,20.22
Kaki,17.0,56.3,pantry,unpackaged,70.7,0.77
Kaki,21.4,69.0,pantry,plastic_wrap,88.1,1.16
Kaki,4.8,91.4,fridge,unpackaged,77.8,16.83
Kaki,4.4,87.0,fridge,unpackaged,89.7,18.75
Kaki,1.8,86.3,fridge,unpackaged,71.1,21.75
Kaki,25.2,51.1,counter,sealed_container,71.6,0.37
Kaki,26.0,47.0,counter,sealed_container,51.7,0.18
Kaki,3.3,84.8,fridge,sealed_container,74.0,18.53
Kaki,3.4,89.4,fridge,perforated_bag,73.1,22.8
Kaki,19.6,80.0,pantry,sealed_container,91.1,3.25
Kaki,6.0,88.4,fridge,sealed_container,64.3,12.28
Kaki,2.6,96.6,fridge,sealed_container,59.9,12.55
Kaki,20.0,42.5,pantry,unpackaged,61.5,0.51
Kaki,0.9,89.9,fridge,unpackaged,57.6,17.36
Kaki,3.6,88.3,fridge,unpackaged,72.9,19.25
Kaki,5.1,86.5,fridge,unpackaged,96.1,22.38
Kaki,3.3,90.0,fridge,sealed_container,82.0,29.69
Kaki,18.9,52.3,pantry,plastic_wrap,86.9,0.96
Kaki,2.1,85.0,fridge,plastic_wrap,91.0,26.63
Kaki,25.9,27.6,counter,unpackaged,73.8,0.31
Kaki,6.4,87.7,fridge,perforated_bag,68.5,16.68
Kaki,22.2,43.7,counter,perforated_bag,66.2,0.67
Kaki,4.3,82.2,fridge,unpackaged,90.1,15.75
Kaki,5.2,90.7,fridge,unpackaged,66.3,10.63
Kaki,1.6,87.2,fridge,perforated_bag,63.5,18.28
Kaki,4.4,90.6,fridge,plastic_wrap,71.5,22.23
Kaki,21.9,46.2,pantry,unpackaged,74.1,0.69
Kaki,18.2,58.6,pantry,unpackaged,77.8,0.99
Kaki,20.7,37.6,counter,perforated_bag,61.2,0.57
Kaki,4.2,82.6,fridge,unpackaged,81.3,21.86
Kaki,5.9,86.7,fridge,perforated_bag,76.3,16.71
Kaki,15.8,58.0,pantry,sealed_container,90.8,1.49
Kaki,19.8,56.4,pantry,unpackaged,45.6,0.15
Kaki,26.0,60.4,pantry,unpackaged,86.8,0.46
Kaki,27.4,43.1,counter,perforated_bag,81.5,0.63
Kaki,3.9,90.3,fridge,perforated_bag,75.5,21.0
Kaki,25.9,36.6,counter,unpackaged,71.4,0.39
Kaki,24.1,33.0,counter,unpackaged,89.6,0.61
Kaki,7.6,92.3,fridge,plastic_wrap,96.5,24.62
Kaki,18.0,50.5,pantry,unpackaged,88.4,1.21
Kaki,5.4,87.8,fridge,unpackaged,68.6,18.37
Kaki,4.0,83.5,fridge,unpackaged,65.9,11.33
Kaki,4.7,94.1,fridge,unpackaged,53.2,7.52
Kaki,28.4,41.8,counter,perforated_bag,76.4,0.33
Kaki,2.3,89.9,fridge,plastic_wrap,70.3,24.23
Kaki,2.8,83.5,fridge,perforated_bag,86.0,33.69
Kaki,3.9,84.4,fridge,plastic_wrap,85.4,25.71
Kaki,29.2,61.7,counter,sealed_container,66.3,0.26
Kaki,3.6,91.1,fridge,plastic_wrap,50.4,10.26
Kaki,4.4,88.6,fridge,sealed_container,84.7,29.31
Kaki,4.2,88.4,fridge,perforated_bag,84.3,33.57
Kaki,25.0,66.1,counter,plastic_wrap,94.6,0.7
Kaki,4.4,88.4,fridge,perforated_bag,64.6,18.9
Kaki,5.4,86.1,fridge,sealed_container,82.0,20.17
Kaki,4.9,84.3,fridge,perforated_bag,80.9,25.77
Kaki,22.6,61.8,pantry,plastic_wrap,53.7,0.29
Kaki,18.3,44.3,pantry,perforated_bag,67.1,0.69
Kaki,21.8,50.8,pantry,plastic_wrap,83.5,0.94
Kaki,3.1,94.4,fridge,perforated_bag,50.9,8.85
Kaki,4.6,86.4,fridge,sealed_container,94.3,28.21
Kaki,14.8,51.1,counter,plastic_wrap,79.9,1.44
Kaki,25.0,66.2,pantry,perforated_bag,85.3,0.71
Kaki,3.1,87.9,fridge,unpackaged,70.7,25.15
Kaki,15.8,49.8,pantry,perforated_bag,88.8,1.46
Kaki,21.7,42.9,pantry,unpackaged,69.9,0.6
Kaki,4.2,86.6,fridge,sealed_container,77.9,21.99
Kaki,25.9,40.0,counter,perforated_bag,66.0,0.54
Kaki,3.8,84.8,fridge,sealed_container,72.0,16.12
Kaki,22.2,58.0,pantry,sealed_container,93.4,0.69
Kaki,2.1,94.8,fridge,perforated_bag,88.7,24.65
Kaki,4.4,89.0,fridge,perforated_bag,58.5,15.82
Kaki,17.8,41.2,pantry,plastic_wrap,91.6,1.13
Kaki,13.6,50.3,pantry,plastic_wrap,69.2,1.33
Kaki,5.0,91.8,fridge,unpackaged,69.3,21.09
Kaki,22.8,43.4,counter,unpackaged,91.9,0.63
Kaki,0.7,86.0,fridge,plastic_wrap,57.8,16.88
Kaki,4.4,83.0,fridge,plastic_wrap,84.4,22.14
Kaki,5.9,91.3,fridge,plastic_wrap,83.1,21.76
Kaki,25.3,47.2,counter,plastic_wrap,48.0,0.16
Kaki,3.2,86.6,fridge,sealed_container,79.7,25.45
Kaki,4.7,82.1,fridge,unpackaged,81.2,15.32
Kaki,4.8,92.1,fridge,unpackaged,74.0,20.69
Kaki,24.1,53.6,counter,unpackaged,73.3,0.46
Kaki,1.5,86.6,fridge,unpackaged,79.5,29.66
Kaki,5.8,83.1,fridge,unpackaged,91.5,19.35
Kaki,22.0,73.4,pantry,unpackaged,55.1,0.47
Kaki,6.9,91.3,fridge,perforated_bag,77.0,21.51
Kaki,18.0,54.8,pantry,perforated_bag,86.0,1.18
Kaki,3.7,91.5,fridge,plastic_wrap,69.9,22.49
Kaki,4.8,88.0,fridge,perforated_bag,77.9,26.68
Kaki,3.9,89.9,fridge,perforated_bag,77.0,23.38
Kaki,25.3,47.9,counter,plastic_wrap,89.1,0.64
Kaki,19.1,33.1,counter,perforated_bag,69.6,0.94
Kaki,4.1,99.2,fridge,unpackaged,66.3,9.68
Kaki,28.0,50.0,counter,perforated_bag,97.6,0.43
Kaki,4.1,85.1,fridge,perforated_bag,87.3,32.07
Kaki,24.1,64.4,pantry,perforated_bag,78.8,0.8
Kaki,4.7,93.5,fridge,unpackaged,78.5,21.45
Kaki,20.9,35.3,counter,perforated_bag,65.9,0.5
Kaki,21.9,30.6,counter,unpackaged,85.9,0.81
Kaki,2.4,90.4,fridge,plastic_wrap,85.4,40.19
Kaki,5.3,89.3,fridge,sealed_container,76.1,19.69
Kaki,5.8,82.9,fridge,plastic_wrap,75.4,11.68
Kaki,4.2,88.8,fridge,perforated_bag,88.6,33.47
Kaki,23.1,45.7,counter,sealed_container,74.7,0.4
Kaki,18.8,46.4,pantry,perforated_bag,72.9,1.04
Kaki,23.1,58.6,counter,unpackaged,60.3,0.42
Kaki,20.5,67.5,pantry,perforated_bag,53.7,0.52
Kaki,5.7,86.2,fridge,sealed_container,75.1,14.27
Kaki,19.4,66.1,pantry,plastic_wrap,78.0,0.87
Kaki,19.1,60.0,counter,plastic_wrap,80.3,0.97
Kaki,3.0,79.3,fridge,plastic_wrap,81.5,18.88
Kaki,28.8,45.8,counter,sealed_container,62.8,0.2
Kaki,2.2,94.7,fridge,unpackaged,92.6,30.85
Kaki,3.2,86.1,fridge,unpackaged,85.7,21.83
Kaki,15.5,53.4,pantry,perforated_bag,73.0,1.35
Kaki,2.6,87.0,fridge,plastic_wrap,65.3,21.19
Kaki,4.8,87.2,fridge,perforated_bag,88.3,27.85
Kaki,29.8,31.7,counter,sealed_container,65.5,0.24
Kaki,21.4,66.8,counter,sealed_container,68.8,0.54
Kaki,31.8,43.2,counter,perforated_bag,73.2,0.31
Kaki,6.5,91.1,fridge,plastic_wrap,76.1,19.28
Kaki,3.9,87.9,fridge,perforated_bag,66.5,21.98
Kaki,27.3,52.7,counter,perforated_bag,73.1,0.51
Kaki,21.4,69.1,pantry,sealed_container,95.3,0.78
Kaki,4.0,87.7,fridge,unpackaged,97.9,32.43
Kaki,1.8,93.8,fridge,plastic_wrap,52.3,13.17
Kaki,23.6,61.0,counter,unpackaged,68.9,0.48
Kaki,16.4,66.7,pantry,sealed_container,48.7,0.41
Kaki,4.7,80.7,fridge,unpackaged,86.0,13.42
Kaki,17.2,43.0,pantry,sealed_container,78.8,0.71
Kaki,26.8,36.3,counter,plastic_wrap,72.5,0.41
Kaki,4.3,82.8,fridge,perforated_bag,67.5,16.14
Kaki,20.6,60.0,pantry,unpackaged,91.8,0.92
Kaki,4.0,91.2,fridge,plastic_wrap,71.9,20.22
Kaki,4.3,86.2,fridge,plastic_wrap,66.6,22.65
Kaki,20.9,65.4,pantry,sealed_container,87.8,1.05
Kaki,4.5,95.3,fridge,unpackaged,83.8,20.04
Kaki,22.0,59.5,counter,perforated_bag,92.5,1.25
Kaki,5.5,89.1,fridge,unpackaged,67.1,16.37
Kaki,23.3,44.8,counter,perforated_bag,88.0,0.87
Kaki,3.2,87.6,fridge,unpackaged,90.0,27.76
Kaki,26.6,70.3,counter,perforated_bag,84.1,0.54
Kaki,7.2,84.2,fridge,plastic_wrap,72.4,12.55
Kaki,20.2,34.7,counter,perforated_bag,85.2,1.24
Kaki,19.6,51.8,pantry,unpackaged,70.0,0.69
Kaki,3.5,85.7,fridge,sealed_container,84.9,26.82
Kaki,4.3,87.8,fridge,sealed_container,80.1,28.3
Kaki,3.5,85.8,fridge,unpackaged,98.2,27.73
Kaki,21.9,47.2,counter,perforated_bag,89.7,1.01
Kaki,1.9,86.7,fridge,sealed_container,62.1,16.04
Kaki,2.4,87.0,fridge,sealed_container,75.1,24.34
Kaki,14.4,46.0,counter,sealed_container,91.8,1.77
Kaki,2.0,89.6,fridge,unpackaged,93.8,39.09
Kaki,26.4,48.7,pantry,perforated_bag,89.9,0.6
Kaki,3.0,89.7,fridge,perforated_bag,73.9,24.25
Kaki,4.2,91.6,fridge,perforated_bag,87.2,25.91
Kaki,25.1,44.8,pantry,perforated_bag,75.6,0.46
Kaki,20.4,62.1,pantry,perforated_bag,82.8,0.81
Kaki,1.7,91.7,fridge,perforated_bag,83.4,36.47
Kaki,27.5,46.2,counter,plastic_wrap,76.4,0.4
Kaki,5.0,80.8,fridge,unpackaged,67.6,11.2
Kaki,19.9,49.5,pantry,plastic_wrap,79.7,0.81
Kaki,16.7,48.1,counter,perforated_bag,85.4,1.17
Kaki,19.0,74.2,pantry,sealed_container,74.9,1.72
Kaki,2.1,91.5,fridge,plastic_wrap,67.9,22.86
Kaki,4.1,93.5,fridge,sealed_container,83.9,15.99
Kaki,5.8,89.3,fridge,sealed_container,86.7,24.6
Kaki,3.5,92.8,fridge,plastic_wrap,90.5,31.76
Kaki,2.9,99.2,fridge,perforated_bag,71.1,18.06
Kaki,3.9,91.4,fridge,plastic_wrap,85.4,30.83
Kaki,6.6,90.1,fridge,unpackaged,59.1,10.57
Kaki,4.4,86.9,fridge,plastic_wrap,85.2,34.02
Kaki,3.4,85.0,fridge,perforated_bag,87.1,26.92
Kaki,19.9,54.6,pantry,perforated_bag,84.1,1.0
Kaki,3.1,89.4,fridge,perforated_bag,88.9,42.53
Kaki,3.1,96.4,fridge,unpackaged,65.4,15.2
Kaki,22.2,59.8,pantry,sealed_container,88.9,0.74
Kaki,25.1,50.6,counter,unpackaged,63.5,0.32
Kaki,21.3,56.0,counter,sealed_container,87.1,0.82
Kaki,21.4,67.0,pantry,unpackaged,93.5,0.71
Kaki,13.3,48.3,counter,unpackaged,88.5,1.6
Kaki,2.1,94.9,fridge,sealed_container,84.4,28.17
Kaki,18.9,50.4,pantry,unpackaged,61.6,0.65
Kaki,3.9,92.3,fridge,sealed_container,75.0,20.89
Kaki,3.3,82.3,fridge,unpackaged,83.3,23.29
Kaki,4.3,85.8,fridge,plastic_wrap,70.0,24.41
Kaki,6.3,96.2,fridge,unpackaged,79.3,15.07
Kaki,4.0,93.7,fridge,perforated_bag,51.8,9.47
Kaki,22.6,65.6,pantry,sealed_container,70.7,0.6
Kaki,24.1,43.5,counter,unpackaged,86.2,0.59
Kaki,19.7,68.6,pantry,plastic_wrap,70.3,0.98
Kaki,25.0,51.9,counter,unpackaged,84.2,0.58
Kaki,24.1,44.8,pantry,plastic_wrap,91.9,0.81
Kaki,4.5,87.4,fridge,perforated_bag,57.3,14.07
Kaki,2.6,95.6,fridge,unpackaged,57.8,12.19
Kaki,4.8,84.2,fridge,unpackaged,77.7,14.41
Kaki,25.5,42.4,counter,perforated_bag,92.3,0.56
Kaki,5.0,91.4,fridge,unpackaged,87.9,24.01
Kaki,29.1,46.9,counter,sealed_container,55.1,0.13
Kaki,1.7,90.5,fridge,sealed_container,91.5,36.72
Kaki,20.8,66.3,pantry,unpackaged,77.4,0.73
Kaki,18.3,45.1,pantry,sealed_container,87.4,1.15
Kaki,30.5,42.3,counter,perforated_bag,71.2,0.29
Kaki,2.3,84.2,fridge,perforated_bag,58.6,13.72
Kaki,1.5,88.5,fridge,sealed_container,83.7,37.39
Kaki,2.0,87.4,fridge,perforated_bag,83.6,36.94
Kaki,15.5,45.5,counter,unpackaged,91.5,1.36
Kaki,2.9,83.1,fridge,plastic_wrap,84.3,23.53
Kaki,22.1,46.5,pantry,perforated_bag,95.3,0.92
Kaki,24.9,45.3,pantry,sealed_container,88.4,0.61
Kaki,26.4,54.9,pantry,plastic_wrap,79.0,0.47
Lemon,27.9,41.7,counter,plastic_wrap,92.6,0.15
Lemon,4.0,92.7,fridge,plastic_wrap,71.1,6.28
Lemon,1.8,93.6,fridge,perforated_bag,80.3,11.46
Lemon,4.5,89.6,fridge,plastic_wrap,91.3,10.25
Lemon,2.6,89.7,fridge,sealed_container,88.1,14.26
Lemon,2.7,87.7,fridge,sealed_container,79.4,9.68
Lemon,14.1,62.4,pantry,perforated_bag,81.2,0.67
Lemon,3.8,88.2,fridge,unpackaged,49.6,2.22
Lemon,5.1,96.0,fridge,plastic_wrap,71.0,4.91
Lemon,19.5,54.5,pantry,plastic_wrap,84.5,0.27
Lemon,0.0,87.5,fridge,perforated_bag,78.1,15.23
Lemon,3.5,82.3,fridge,plastic_wrap,83.5,9.3
Lemon,24.2,51.7,pantry,unpackaged,59.8,0.09
Lemon,5.5,87.2,fridge,plastic_wrap,86.8,8.51
Lemon,3.5,87.0,fridge,unpackaged,57.1,4.32
Lemon,30.7,23.7,counter,sealed_container,82.5,0.13
Lemon,3.5,90.3,fridge,unpackaged,81.6,10.41
Lemon,2.5,89.2,fridge,unpackaged,81.7,8.53
Lemon,17.6,50.8,pantry,sealed_container,74.7,0.43
Lemon,5.2,83.6,fridge,sealed_container,72.1,7.84
Lemon,23.9,43.0,counter,sealed_container,93.7,0.27
Lemon,17.9,46.0,pantry,plastic_wrap,97.8,0.54
Lemon,2.9,80.6,fridge,plastic_wrap,90.0,10.98
Lemon,4.9,80.3,fridge,perforated_bag,84.1,9.15
Lemon,1.6,92.0,fridge,sealed_container,76.9,11.52
Lemon,6.0,81.5,fridge,plastic_wrap,84.2,6.28
Lemon,4.3,85.9,fridge,unpackaged,63.9,4.18
Lemon,3.3,93.8,fridge,perforated_bag,85.2,10.67
Lemon,4.3,90.9,fridge,sealed_container,84.7,7.67
Lemon,0.0,89.0,fridge,sealed_container,82.7,15.71
Lemon,25.4,47.5,counter,unpackaged,69.0,0.15
Lemon,5.5,89.1,fridge,perforated_bag,54.4,3.79
Lemon,4.4,84.1,fridge,perforated_bag,92.6,11.35
Lemon,26.1,32.0,counter,sealed_container,87.8,0.2
Lemon,3.2,95.6,fridge,perforated_bag,68.1,8.79
Lemon,6.3,84.5,fridge,unpackaged,89.3,6.07
Lemon,4.8,91.5,fridge,sealed_container,80.3,10.1
Lemon,1.9,87.6,fridge,unpackaged,78.6,9.17
Lemon,4.7,84.2,fridge,unpackaged,66.5,4.61
Lemon,1.7,87.9,fridge,perforated_bag,54.3,3.62
Lemon,15.7,62.9,pantry,perforated_bag,90.1,0.84
Lemon,3.3,89.7,fridge,unpackaged,93.4,9.6
Lemon,28.6,49.8,counter,unpackaged,95.3,0.14
Lemon,2.2,87.3,fridge,plastic_wrap,56.0,4.63
Lemon,25.0,39.1,counter,unpackaged,81.7,0.16
Lemon,2.4,95.3,fridge,sealed_container,72.1,6.13
Lemon,23.1,58.9,pantry,unpackaged,85.9,0.22
Lemon,15.8,48.9,pantry,plastic_wrap,94.9,0.56
Lemon,8.5,85.5,fridge,sealed_container,70.7,6.39
Lemon,26.8,54.6,pantry,unpackaged,91.7,0.15
Lemon,3.9,82.2,fridge,sealed_container,67.5,6.33
Lemon,4.6,87.8,fridge,sealed_container,77.6,11.46
Lemon,6.4,96.8,fridge,perforated_bag,85.7,6.78
Lemon,21.8,60.8,counter,plastic_wrap,69.5,0.19
Lemon,21.0,43.0,counter,sealed_container,66.7,0.27
Lemon,20.4,65.3,pantry,sealed_container,80.2,0.48
Lemon,3.7,89.8,fridge,perforated_bag,86.3,13.48
Lemon,18.4,51.9,pantry,perforated_bag,65.2,0.31
Lemon,3.2,93.7,fridge,unpackaged,88.3,11.07
Lemon,5.8,100.0,fridge,sealed_container,82.8,6.27
Lemon,28.7,44.5,counter,plastic_wrap,71.7,0.11
Lemon,4.4,97.1,fridge,perforated_bag,83.6,6.84
Lemon,2.3,88.6,fridge,perforated_bag,76.8,11.02
Lemon,4.0,83.4,fridge,unpackaged,86.4,6.98
Lemon,22.9,38.8,counter,unpackaged,67.3,0.16
Lemon,6.4,85.1,fridge,sealed_container,90.5,8.87
Lemon,21.1,44.5,pantry,plastic_wrap,85.6,0.31
Lemon,5.0,86.0,fridge,perforated_bag,63.3,6.6
Lemon,4.2,87.0,fridge,perforated_bag,79.5,10.37
Lemon,5.8,83.4,fridge,unpackaged,80.2,5.98
Lemon,2.2,92.5,fridge,unpackaged,55.6,4.68
Lemon,7.4,87.1,fridge,unpackaged,49.4,2.07
Lemon,5.8,78.2,fridge,unpackaged,52.7,2.33
Lemon,26.7,57.7,counter,plastic_wrap,86.5,0.13
Lemon,2.7,89.6,fridge,sealed_container,48.0,2.5
Lemon,2.5,92.1,fridge,plastic_wrap,93.2,10.12
Lemon,2.5,85.3,fridge,perforated_bag,79.5,8.93
Lemon,4.6,81.6,fridge,sealed_container,52.7,3.09
Lemon,5.1,87.1,fridge,perforated_bag,85.0,10.56
Lemon,28.4,49.6,counter,perforated_bag,77.6,0.13
Lemon,23.7,49.3,counter,sealed_container,81.4,0.26
Lemon,18.0,45.0,pantry,sealed_container,79.1,0.42
Lemon,6.5,87.4,fridge,sealed_container,87.0,8.87
Lemon,2.1,81.6,fridge,perforated_bag,74.4,8.79
Lemon,4.2,89.0,fridge,unpackaged,63.8,5.16
Lemon,21.6,51.4,counter,perforated_bag,78.3,0.25
Lemon,19.9,43.4,counter,plastic_wrap,63.4,0.16
Lemon,2.9,88.0,fridge,unpackaged,84.4,11.75
Lemon,4.5,84.6,fridge,perforated_bag,86.9,11.69
Lemon,17.9,84.2,pantry,plastic_wrap,86.4,2.39
Lemon,4.9,91.0,fridge,unpackaged,77.4,7.29
Lemon,26.3,74.7,pantry,perforated_bag,66.4,0.57
Lemon,3.5,87.0,fridge,plastic_wrap,61.1,6.53
Lemon,5.3,88.0,fridge,plastic_wrap,82.9,8.69
Lemon,24.0,46.0,counter,unpackaged,93.0,0.24
Lemon,25.6,42.2,counter,unpackaged,89.1,0.16
Lemon,4.4,98.1,fridge,plastic_wrap,74.9,6.33
Lemon,20.5,41.7,counter,perforated_bag,71.7,0.27
Lemon,6.1,78.1,fridge,unpackaged,61.0,3.51
Lemon,5.4,87.5,fridge,plastic_wrap,81.3,7.64
Lemon,20.8,58.4,pantry,perforated_bag,66.6,0.22
Lemon,4.1,86.0,fridge,sealed_container,65.8,8.85
Lemon,27.3,60.3,pantry,sealed_container,88.1,0.21
Lemon,2.2,79.0,fridge,plastic_wrap,73.2,8.14
Lemon,26.7,51.3,counter,sealed_container,86.1,0.25
Lemon,2.0,86.3,fridge,plastic_wrap,69.8,10.54
Lemon,4.5,83.3,fridge,unpackaged,87.5,7.42
Lemon,28.6,43.0,counter,unpackaged,59.7,0.08
Lemon,4.8,84.5,fridge,perforated_bag,89.4,9.67
Lemon,16.8,47.8,pantry,perforated_bag,87.5,0.51
Lemon,2.5,89.9,fridge,plastic_wrap,75.1,7.74
Lemon,1.6,88.8,fridge,perforated_bag,69.5,9.66
Lemon,5.0,86.5,fridge,unpackaged,68.3,4.32
Lemon,6.1,90.6,fridge,unpackaged,86.0,5.86
Lemon,4.4,91.5,fridge,sealed_container,81.8,8.83
Lemon,1.5,89.1,fridge,sealed_container,78.0,10.44
Lemon,6.2,84.6,fridge,perforated_bag,71.9,6.59
Lemon,1.3,91.0,fridge,unpackaged,70.4,6.17
Lemon,26.4,41.4,counter,perforated_bag,64.5,0.13
Lemon,4.4,92.0,fridge,sealed_container,87.6,9.97
Lemon,5.0,89.9,fridge,perforated_bag,59.0,3.48
Lemon,24.9,57.2,pantry,unpackaged,74.1,0.14
Lemon,23.2,60.7,counter,plastic_wrap,74.5,0.18
Lemon,3.7,85.3,fridge,sealed_container,81.7,9.15
Lemon,4.8,84.7,fridge,perforated_bag,66.9,8.26
Lemon,30.2,66.3,counter,plastic_wrap,89.5,0.26
Lemon,31.3,33.4,counter,sealed_container,68.1,0.09
Lemon,15.7,48.8,pantry,perforated_bag,94.0,0.69
Lemon,21.7,59.7,pantry,unpackaged,87.9,0.27
Lemon,17.3,51.2,counter,unpackaged,94.7,0.44
Lemon,18.6,48.1,counter,unpackaged,53.3,0.13
Lemon,21.8,48.1,pantry,unpackaged,60.7,0.15
Lemon,26.4,42.5,counter,plastic_wrap,84.5,0.13
Lemon,26.3,56.5,pantry,sealed_container,86.6,0.23
Lemon,7.5,83.8,fridge,sealed_container,92.0,10.7
Lemon,4.6,93.4,fridge,sealed_container,58.0,5.54
Lemon,4.5,85.7,fridge,unpackaged,87.2,10.46
Lemon,25.9,27.0,counter,unpackaged,86.1,0.16
Lemon,5.1,95.1,fridge,sealed_container,82.5,7.32
Lemon,20.9,56.6,pantry,plastic_wrap,86.0,0.28
Lemon,15.6,49.1,pantry,unpackaged,82.7,0.49
Lemon,4.2,91.3,fridge,sealed_container,63.0,6.78
Lemon,19.5,39.4,counter,perforated_bag,83.9,0.44
Lemon,25.9,40.0,counter,sealed_container,82.2,0.21
Lemon,21.1,59.3,pantry,unpackaged,76.0,0.16
Lemon,23.4,61.1,pantry,sealed_container,91.4,0.42
Lemon,14.0,59.5,pantry,sealed_container,77.6,0.64
Lemon,4.9,82.2,fridge,unpackaged,87.9,5.44
Lemon,3.3,95.7,fridge,plastic_wrap,97.5,8.8
Lemon,4.1,94.2,fridge,plastic_wrap,84.7,9.98
Lemon,2.8,91.8,fridge,perforated_bag,92.8,12.71
Lemon,6.1,85.4,fridge,perforated_bag,52.8,2.75
Lemon,3.0,94.5,fridge,plastic_wrap,95.3,11.11
Lemon,5.6,88.4,fridge,plastic_wrap,57.7,4.92
Lemon,13.2,36.4,pantry,sealed_container,83.7,0.91
Lemon,17.7,55.9,pantry,sealed_container,77.6,0.37
Lemon,3.6,100.0,fridge,sealed_container,80.0,7.42
Lemon,27.8,31.1,counter,plastic_wrap,81.7,0.15
Lemon,21.7,47.2,counter,plastic_wrap,76.0,0.26
Lemon,24.7,28.3,counter,sealed_container,85.1,0.25
Lemon,4.8,86.2,fridge,unpackaged,85.3,7.49
Lemon,3.7,87.4,fridge,plastic_wrap,82.5,11.73
Lemon,5.2,85.7,fridge,plastic_wrap,70.1,7.36
Lemon,12.6,79.5,pantry,unpackaged,71.2,2.69
Lemon,19.3,63.2,pantry,plastic_wrap,73.1,0.41
Lemon,24.3,53.4,pantry,perforated_bag,69.8,0.2
Lemon,2.9,92.7,fridge,plastic_wrap,49.0,2.91
Lemon,25.3,32.0,counter,unpackaged,96.4,0.2
Lemon,21.3,57.4,pantry,unpackaged,70.5,0.16
Lemon,22.5,51.4,pantry,unpackaged,90.8,0.18
Lemon,3.8,94.3,fridge,perforated_bag,71.2,6.82
Lemon,3.7,89.0,fridge,unpackaged,55.1,3.68
Lemon,3.5,82.4,fridge,plastic_wrap,50.7,2.55
Lemon,0.7,89.5,fridge,perforated_bag,96.9,15.76
Lemon,4.6,90.5,fridge,plastic_wrap,80.4,8.93
Lemon,27.3,40.3,counter,sealed_container,89.9,0.19
Lemon,4.4,86.4,fridge,plastic_wrap,74.7,9.79
Lemon,5.6,90.8,fridge,sealed_container,65.7,6.75
Lemon,28.1,47.8,counter,unpackaged,57.5,0.07
Lemon,3.0,90.3,fridge,unpackaged,58.4,4.21
Lemon,4.8,84.2,fridge,unpackaged,56.8,3.15
Lemon,20.8,53.4,pantry,unpackaged,79.4,0.26
Lemon,1.1,82.4,fridge,perforated_bag,69.1,10.25
Lemon,3.3,86.5,fridge,sealed_container,86.2,12.08
Lemon,19.7,68.7,pantry,sealed_container,56.1,0.46
Lemon,4.9,86.0,fridge,perforated_bag,63.1,4.32
Lemon,1.8,90.5,fridge,plastic_wrap,74.6,9.85
Lemon,3.1,86.9,fridge,plastic_wrap,67.8,6.74
Lemon,3.2,93.1,fridge,plastic_wrap,65.1,6.19
Lemon,24.2,54.6,pantry,plastic_wrap,84.1,0.24
Lemon,5.8,82.5,fridge,perforated_bag,47.9,1.92
Lemon,3.5,83.4,fridge,sealed_container,79.4,8.34
Lemon,3.8,82.4,fridge,sealed_container,90.1,12.73
Lemon,19.0,39.7,counter,perforated_bag,86.3,0.41
Lemon,4.7,83.5,fridge,sealed_container,96.8,8.11
Lemon,21.0,46.8,pantry,sealed_container,82.8,0.4
Lemon,28.3,67.6,counter,perforated_bag,67.9,0.27
Lemon,14.4,45.7,pantry,perforated_bag,79.9,0.57
Lemon,2.8,88.9,fridge,perforated_bag,63.7,5.7
Lemon,2.8,91.5,fridge,perforated_bag,90.0,11.57
Lemon,4.6,86.2,fridge,perforated_bag,81.5,9.05
Lemon,1.1,81.2,fridge,perforated_bag,83.1,9.63
Lemon,4.3,87.4,fridge,perforated_bag,70.4,7.46
Lemon,20.9,55.8,pantry,sealed_container,75.7,0.29
Lemon,20.8,58.2,pantry,unpackaged,88.6,0.3
Lemon,2.3,84.8,fridge,perforated_bag,88.7,12.76
Lemon,6.1,82.6,fridge,perforated_bag,68.7,3.94
Lemon,22.2,59.5,counter,sealed_container,71.8,0.26
Lemon,1.8,85.2,fridge,plastic_wrap,74.1,10.51
Lemon,22.2,29.6,counter,unpackaged,76.9,0.25
Lemon,1.4,92.2,fridge,plastic_wrap,85.2,11.66
Lemon,22.4,50.2,pantry,sealed_container,85.7,0.35
Lemon,23.0,42.4,counter,plastic_wrap,88.7,0.3
Lemon,3.4,81.9,fridge,plastic_wrap,82.7,7.13
Lemon,5.7,87.2,fridge,perforated_bag,69.6,7.41
Lemon,18.8,51.1,pantry,sealed_container,57.9,0.21
Lemon,4.6,97.2,fridge,sealed_container,87.0,11.31
Lemon,5.8,85.5,fridge,plastic_wrap,79.6,5.23
Lemon,20.2,37.0,pantry,perforated_bag,61.4,0.18
Lemon,3.7,80.4,fridge,unpackaged,92.1,8.71
Lemon,3.4,100.0,fridge,sealed_container,75.5,7.59
Lemon,19.6,58.6,counter,perforated_bag,54.7,0.16
Lemon,17.9,52.5,pantry,plastic_wrap,87.1,0.44
Lemon,27.2,24.9,counter,plastic_wrap,69.4,0.1
Lemon,31.7,27.4,counter,plastic_wrap,83.6,0.1
Lemon,6.1,91.3,fridge,perforated_bag,86.5,8.24
Lemon,5.0,88.1,fridge,perforated_bag,54.3,3.78
Lemon,22.2,57.9,pantry,sealed_container,77.7,0.24
Lemon,23.2,59.4,counter,plastic_wrap,71.2,0.24
Lemon,25.2,45.8,counter,sealed_container,90.4,0.28
Lemon,3.5,88.1,fridge,unpackaged,79.5,8.1
Lemon,8.2,89.8,fridge,perforated_bag,76.7,5.52
Lemon,4.3,78.4,fridge,unpackaged,84.3,5.72
Lemon,20.1,69.0,pantry,perforated_bag,62.2,0.45
Lemon,18.9,40.8,pantry,unpackaged,84.5,0.29
Lemon,3.4,84.9,fridge,sealed_container,78.9,9.33
Lemon,1.6,88.3,fridge,perforated_bag,87.6,16.34
Lemon,27.4,31.8,counter,perforated_bag,87.3,0.23
Lemon,30.6,37.8,counter,sealed_container,87.4,0.15
Lemon,4.0,85.6,fridge,sealed_container,69.9,8.49
Lemon,2.3,78.5,fridge,unpackaged,73.6,5.42
Lemon,3.8,84.7,fridge,plastic_wrap,81.2,7.14
Lemon,3.8,84.7,fridge,unpackaged,69.5,5.27
Lemon,0.7,86.8,fridge,plastic_wrap,86.7,15.85
Lemon,8.0,91.8,fridge,unpackaged,72.4,4.48
Lemon,4.8,85.7,fridge,unpackaged,71.0,4.91
Lemon,15.9,57.5,counter,unpackaged,91.7,0.36
Lemon,3.3,80.4,fridge,plastic_wrap,85.3,7.61
Lemon,4.4,87.7,fridge,sealed_container,64.9,6.48
Lemon,20.6,57.3,pantry,unpackaged,82.8,0.27
Lemon,5.2,86.2,fridge,perforated_bag,67.8,7.69
Lemon,7.6,84.4,fridge,sealed_container,75.1,6.98
Lemon,20.2,63.2,pantry,sealed_container,60.0,0.28
Lemon,3.2,90.4,fridge,perforated_bag,69.6,8.3
Lemon,23.3,74.4,pantry,unpackaged,82.1,0.94
Lemon,4.7,88.7,fridge,perforated_bag,71.5,6.93
Lemon,6.0,92.1,fridge,perforated_bag,86.3,9.32
Lemon,5.1,89.7,fridge,sealed_container,83.8,8.79
Lemon,5.2,91.5,fridge,unpackaged,65.5,3.83
Lemon,24.3,61.3,counter,sealed_container,68.9,0.26
Lemon,4.0,83.0,fridge,plastic_wrap,60.4,3.71
Lemon,24.3,36.2,counter,perforated_bag,91.2,0.28
Lemon,20.2,63.5,pantry,perforated_bag,92.1,0.55
Lemon,23.7,64.8,counter,unpackaged,86.1,0.35
Lemon,4.1,89.1,fridge,unpackaged,84.1,9.22
Lemon,4.7,85.6,fridge,unpackaged,95.9,7.52
Lemon,20.3,62.4,pantry,sealed_container,66.1,0.33
Lemon,20.7,60.0,pantry,sealed_container,88.5,0.32
Lemon,3.6,99.1,fridge,plastic_wrap,77.1,5.68
Lemon,19.1,56.2,pantry,plastic_wrap,76.1,0.28
Lemon,3.6,88.9,fridge,sealed_container,52.3,4.88
Lemon,5.3,88.3,fridge,unpackaged,73.7,6.15
Lemon,5.3,92.6,fridge,perforated_bag,64.0,5.63
Lemon,25.9,27.3,counter,sealed_container,79.5,0.18
Lemon,15.6,67.7,counter,perforated_bag,76.2,0.76
Lemon,3.9,86.2,fridge,plastic_wrap,86.3,10.55
Lemon,16.0,29.5,counter,sealed_container,78.7,0.57
Lemon,1.5,91.1,fridge,plastic_wrap,87.5,15.61
Lemon,30.8,54.6,counter,perforated_bag,80.1,0.11
Lemon,4.9,95.8,fridge,unpackaged,75.5,4.86
Lemon,4.4,94.1,fridge,sealed_container,92.4,11.51
Lemon,5.9,82.4,fridge,unpackaged,78.9,7.22
Lemon,23.9,52.6,counter,plastic_wrap,81.3,0.27
Lemon,6.1,83.4,fridge,sealed_container,49.6,3.21
Lemon,2.1,87.9,fridge,unpackaged,64.9,7.49
Lemon,4.1,93.6,fridge,plastic_wrap,94.2,9.84
Lemon,5.5,91.0,fridge,perforated_bag,85.4,11.36
Lemon,19.4,29.4,counter,plastic_wrap,74.9,0.32
Lemon,4.7,91.3,fridge,perforated_bag,76.0,9.14
Lemon,26.3,35.0,counter,unpackaged,76.6,0.14
Lemon,5.6,90.9,fridge,unpackaged,65.3,4.53
Lemon,5.7,85.6,fridge,sealed_container,74.8,10.14
Lemon,2.7,95.3,fridge,perforated_bag,70.5,7.25
Lemon,4.9,88.5,fridge,unpackaged,92.8,7.92
Lemon,4.1,81.1,fridge,perforated_bag,90.6,8.71
Lemon,22.4,42.1,counter,unpackaged,89.0,0.32
Lemon,4.7,92.8,fridge,plastic_wrap,84.5,10.34
Lemon,24.5,68.5,counter,sealed_container,83.6,0.62
Lemon,5.6,94.0,fridge,sealed_container,61.7,3.75
Lemon,3.5,87.3,fridge,plastic_wrap,76.6,8.8
Lemon,4.9,89.0,fridge,perforated_bag,94.7,10.56
Lemon,20.4,36.4,counter,plastic_wrap,65.1,0.21
Lemon,4.8,77.1,fridge,unpackaged,83.0,5.88
Lemon,17.4,54.3,pantry,plastic_wrap,86.3,0.44
Lemon,2.3,91.7,fridge,plastic_wrap,92.2,10.67
Lemon,18.0,63.9,pantry,sealed_container,65.6,0.52
Lemon,5.9,93.3,fridge,plastic_wrap,88.6,8.56
Lemon,3.4,94.8,fridge,unpackaged,69.3,5.16
Lemon,3.4,85.1,fridge,plastic_wrap,77.4,7.63
Lemon,16.9,36.4,pantry,perforated_bag,70.8,0.32
Lemon,5.9,88.4,fridge,perforated_bag,61.9,5.76
Lemon,4.2,83.3,fridge,plastic_wrap,86.9,8.77
Lemon,24.6,41.4,counter,perforated_bag,77.3,0.23
Lemon,6.2,97.5,fridge,perforated_bag,78.2,5.61
Lemon,3.6,79.3,fridge,sealed_container,91.8,8.13
Lemon,23.2,45.1,counter,plastic_wrap,85.8,0.3
Lemon,23.4,34.5,counter,plastic_wrap,59.0,0.12
Lemon,6.0,95.4,fridge,perforated_bag,65.6,5.25
Lemon,3.9,88.3,fridge,perforated_bag,84.7,11.69
Lemon,7.4,86.0,fridge,sealed_container,78.0,6.85
Lemon,6.0,85.4,fridge,perforated_bag,80.5,9.12
Lemon,3.6,98.7,fridge,perforated_bag,59.7,3.58
Lemon,8.1,97.9,fridge,perforated_bag,67.6,4.59
Lemon,6.0,84.4,fridge,sealed_container,75.7,6.86
Lemon,21.9,41.8,pantry,sealed_container,84.6,0.27
Lemon,29.2,41.1,counter,plastic_wrap,93.0,0.14
Lemon,4.5,87.7,fridge,perforated_bag,78.8,9.97
Lemon,21.0,46.9,counter,perforated_bag,82.2,0.32
Lemon,5.0,82.1,fridge,unpackaged,59.9,3.06
Lemon,1.9,80.1,fridge,unpackaged,73.5,6.98
Lemon,5.9,94.1,fridge,sealed_container,77.4,6.48
Lemon,6.1,82.8,fridge,plastic_wrap,77.0,4.49
Lemon,3.8,87.0,fridge,plastic_wrap,84.4,10.11
Lemon,22.8,70.9,pantry,unpackaged,82.8,0.59
Lemon,30.8,63.8,counter,sealed_container,82.3,0.23
Lemon,18.1,55.3,pantry,sealed_container,93.6,0.5
Lemon,28.3,46.6,counter,perforated_bag,80.0,0.16
Lemon,20.1,57.4,pantry,perforated_bag,87.0,0.36
Lemon,17.9,73.5,pantry,unpackaged,77.1,1.48
Lemon,22.7,48.2,pantry,sealed_container,70.4,0.22
Lemon,23.1,37.1,counter,sealed_container,64.2,0.13
Lemon,8.3,78.9,fridge,plastic_wrap,78.7,4.47
Lemon,2.3,88.5,fridge,unpackaged,74.2,6.95
Lemon,19.1,51.9,pantry,plastic_wrap,89.8,0.43
Lemon,4.6,90.8,fridge,unpackaged,55.8,4.04
Lemon,22.5,42.0,pantry,sealed_container,73.3,0.31
Lemon,25.0,30.3,counter,perforated_bag,79.4,0.22
Lemon,3.5,84.3,fridge,sealed_container,66.2,8.48
Lemon,5.0,86.8,fridge,sealed_container,78.3,9.83
Lemon,26.0,75.0,counter,perforated_bag,85.9,0.91
Lemon,4.7,79.9,fridge,sealed_container,68.4,8.16
Lemon,4.0,85.2,fridge,sealed_container,86.6,11.22
Lemon,19.9,39.2,counter,sealed_container,69.9,0.2
Lemon,7.6,92.2,fridge,sealed_container,69.7,5.56
Lemon,1.4,83.7,fridge,plastic_wrap,93.6,12.11
Lemon,21.0,20.0,counter,sealed_container,80.3,0.35
Lemon,5.0,89.0,fridge,sealed_container,90.8,10.19
Lemon,1.3,81.9,fridge,perforated_bag,86.1,8.54
Lemon,3.5,87.4,fridge,plastic_wrap,89.4,13.01
Lemon,20.7,29.9,counter,unpackaged,85.1,0.28
Lemon,18.4,56.8,pantry,sealed_container,84.2,0.4
Lemon,4.7,85.0,fridge,unpackaged,72.5,5.71
Lemon,20.2,52.4,pantry,sealed_container,80.9,0.41
Lemon,27.1,55.3,pantry,perforated_bag,70.4,0.14
Lemon,5.6,93.5,fridge,unpackaged,87.9,7.35
Lemon,25.1,72.5,pantry,plastic_wrap,64.4,0.43
Lemon,5.1,94.8,fridge,plastic_wrap,95.1,8.38
Lemon,4.7,92.5,fridge,perforated_bag,67.6,5.36
Lemon,21.3,58.9,counter,unpackaged,63.7,0.16
Lemon,6.2,83.9,fridge,plastic_wrap,76.0,5.0
Lemon,18.3,59.1,pantry,unpackaged,60.1,0.17
Lemon,5.4,91.8,fridge,plastic_wrap,62.6,4.8
Lemon,23.2,40.9,counter,perforated_bag,84.8,0.22
Lemon,4.8,97.4,fridge,sealed_container,99.7,9.43
Lemon,18.7,48.7,pantry,plastic_wrap,52.1,0.12
Lemon,2.9,88.1,fridge,unpackaged,71.5,5.45
Lemon,20.7,50.5,pantry,sealed_container,61.2,0.21
Lemon,28.8,31.5,counter,plastic_wrap,74.5,0.08
Lemon,26.4,63.9,counter,perforated_bag,64.8,0.2
Lemon,4.3,91.1,fridge,unpackaged,67.3,5.52
Lemon,29.5,47.5,counter,unpackaged,95.0,0.14
Lemon,2.8,85.8,fridge,sealed_container,60.7,8.34
Lemon,29.1,40.5,counter,unpackaged,83.3,0.12
Lemon,5.6,93.5,fridge,sealed_container,65.1,6.32
Lemon,4.1,95.6,fridge,sealed_container,89.0,10.78
Lemon,4.6,89.2,fridge,sealed_container,72.4,7.53
Lemon,3.6,94.7,fridge,unpackaged,81.0,6.84
Lemon,27.0,37.2,counter,plastic_wrap,70.8,0.13
Lemon,20.7,46.2,pantry,unpackaged,69.9,0.2
Lemon,5.7,90.9,fridge,sealed_container,82.7,7.45
Lemon,5.1,93.1,fridge,sealed_container,82.3,8.72
Lemon,18.4,43.1,pantry,plastic_wrap,79.5,0.32
Lemon,18.6,38.3,counter,plastic_wrap,72.9,0.33
Lemon,25.4,42.6,counter,sealed_container,95.5,0.22
Lemon,5.5,89.1,fridge,unpackaged,81.3,8.05
Lemon,23.9,47.5,counter,sealed_container,87.8,0.24
Lemon,4.5,85.9,fridge,plastic_wrap,73.1,5.01
Lemon,5.6,90.7,fridge,plastic_wrap,75.4,7.74
Lemon,0.8,93.8,fridge,unpackaged,83.5,8.24
Lemon,25.8,32.5,counter,perforated_bag,87.6,0.22
Lime,4.4,83.4,fridge,plastic_wrap,86.8,10.25
Lime,2.9,91.4,fridge,plastic_wrap,81.0,8.86
Lime,4.9,94.0,fridge,plastic_wrap,86.4,6.03
Lime,21.0,55.5,pantry,sealed_container,81.7,0.37
Lime,22.1,72.0,pantry,plastic_wrap,90.9,1.03
Lime,4.2,85.4,fridge,plastic_wrap,76.8,9.84
Lime,5.2,90.0,fridge,plastic_wrap,73.0,6.76
Lime,5.9,100.0,fridge,unpackaged,84.0,4.23
Lime,2.6,84.1,fridge,plastic_wrap,87.1,11.78
Lime,3.6,79.9,fridge,perforated_bag,65.9,6.42
Lime,0.7,85.5,fridge,perforated_bag,47.9,3.38
Lime,4.2,91.2,fridge,plastic_wrap,75.5,6.21
Lime,22.0,60.2,pantry,perforated_bag,52.0,0.11
Lime,4.7,100.0,fridge,unpackaged,67.5,4.83
Lime,4.6,82.0,fridge,unpackaged,81.4,6.75
Lime,22.3,20.4,counter,sealed_container,83.4,0.3
Lime,18.8,59.1,pantry,unpackaged,58.3,0.19
Lime,29.6,46.9,counter,plastic_wrap,69.3,0.09
Lime,22.6,51.9,pantry,perforated_bag,65.7,0.22
Lime,5.6,84.5,fridge,plastic_wrap,58.3,4.73
Lime,17.7,32.5,counter,plastic_wrap,67.7,0.25
Lime,22.0,68.2,pantry,unpackaged,82.1,0.62
Lime,4.8,92.4,fridge,perforated_bag,76.4,7.01
Lime,5.2,86.7,fridge,perforated_bag,79.3,8.45
Lime,20.3,65.3,pantry,sealed_container,51.0,0.18
Lime,3.7,93.3,fridge,plastic_wrap,68.4,5.93
Lime,3.3,86.8,fridge,unpackaged,73.0,6.3
Lime,3.0,90.5,fridge,perforated_bag,82.2,10.96
Lime,3.8,81.5,fridge,plastic_wrap,78.0,6.87
Lime,5.8,99.7,fridge,plastic_wrap,87.2,5.08
Lime,31.5,63.4,counter,plastic_wrap,90.2,0.2
Lime,26.4,39.6,counter,sealed_container,66.0,0.16
Lime,29.3,56.9,counter,unpackaged,88.7,0.14
Lime,6.4,87.9,fridge,plastic_wrap,93.0,5.97
Lime,5.5,94.8,fridge,unpackaged,58.6,3.72
Lime,5.6,90.3,fridge,unpackaged,85.0,7.63
Lime,1.5,89.8,fridge,perforated_bag,88.2,13.83
Lime,21.5,65.2,pantry,sealed_container,93.0,0.68
Lime,22.0,57.6,pantry,unpackaged,86.4,0.3
Lime,26.8,59.9,counter,perforated_bag,72.7,0.2
Lime,21.2,50.3,pantry,plastic_wrap,64.7,0.19
Lime,2.2,88.9,fridge,plastic_wrap,97.8,12.27
Lime,5.2,93.8,fridge,plastic_wrap,77.6,8.18
Lime,3.8,86.3,fridge,perforated_bag,75.2,8.49
Lime,4.9,86.9,fridge,plastic_wrap,79.2,7.87
Lime,3.6,98.8,fridge,sealed_container,65.4,5.96
Lime,13.4,60.6,pantry,unpackaged,79.1,0.54
Lime,4.5,83.7,fridge,sealed_container,53.7,3.85
Lime,5.2,93.7,fridge,sealed_container,61.0,5.7
Lime,23.3,46.1,pantry,perforated_bag,92.3,0.27
Lime,21.4,50.6,counter,perforated_bag,91.0,0.28
Lime,22.3,65.4,counter,sealed_container,66.0,0.35
Lime,21.0,38.3,pantry,unpackaged,98.1,0.27
Lime,2.0,82.0,fridge,perforated_bag,68.4,7.95
Lime,19.1,37.6,counter,unpackaged,74.5,0.28
Lime,23.3,43.9,pantry,perforated_bag,80.9,0.27
Lime,5.0,96.4,fridge,unpackaged,52.4,2.17
Lime,18.2,50.1,pantry,unpackaged,85.7,0.35
Lime,23.9,58.4,counter,unpackaged,87.8,0.2
Lime,5.3,95.3,fridge,sealed_container,86.4,9.79
Lime,2.8,86.9,fridge,plastic_wrap,71.5,8.7
Lime,2.0,84.8,fridge,perforated_bag,71.1,9.76
Lime,24.4,41.3,counter,plastic_wrap,84.2,0.16
Lime,18.7,34.4,counter,perforated_bag,91.7,0.52
Lime,3.2,79.3,fridge,perforated_bag,61.9,5.89
Lime,26.2,33.3,counter,unpackaged,80.9,0.15
Lime,23.6,31.9,counter,perforated_bag,70.5,0.21
Lime,23.0,54.8,pantry,sealed_container,87.9,0.26
Lime,16.9,34.7,pantry,sealed_container,72.1,0.41
Lime,7.5,97.1,fridge,perforated_bag,89.8,6.54
Lime,23.8,58.5,counter,perforated_bag,95.4,0.27
Lime,3.3,89.0,fridge,perforated_bag,87.2,12.14
Lime,22.4,70.2,pantry,plastic_wrap,96.4,1.07
Lime,23.8,25.1,counter,plastic_wrap,87.3,0.22
Lime,0.7,93.1,fridge,sealed_container,64.6,11.59
Lime,4.6,86.0,fridge,perforated_bag,57.1,3.73
Lime,5.7,87.8,fridge,plastic_wrap,85.2,6.55
Lime,26.3,46.4,counter,plastic_wrap,73.2,0.16
Lime,4.9,89.0,fridge,perforated_bag,82.6,8.49
Lime,22.0,22.2,counter,unpackaged,84.5,0.22
Lime,2.9,84.3,fridge,sealed_container,84.3,13.9
Lime,3.2,79.5,fridge,perforated_bag,79.8,7.59
Lime,4.0,86.3,fridge,unpackaged,71.1,6.52
Lime,4.8,88.7,fridge,plastic_wrap,87.1,7.96
Lime,5.0,84.9,fridge,sealed_container,89.6,9.29
Lime,17.8,53.5,pantry,perforated_bag,80.6,0.4
Lime,15.4,42.9,pantry,unpackaged,59.7,0.22
Lime,2.6,86.0,fridge,plastic_wrap,69.3,9.58
Lime,1.3,92.8,fridge,perforated_bag,53.1,4.03
Lime,6.9,92.2,fridge,plastic_wrap,77.6,6.75
Lime,2.6,94.4,fridge,plastic_wrap,57.7,3.96
Lime,2.7,89.2,fridge,plastic_wrap,97.8,9.94
Lime,22.9,54.9,pantry,perforated_bag,93.9,0.31
Lime,4.3,79.1,fridge,perforated_bag,81.9,8.0
Lime,4.5,90.1,fridge,sealed_container,71.9,7.92
Lime,4.7,79.8,fridge,unpackaged,67.2,3.99
Lime,3.0,85.5,fridge,unpackaged,84.2,7.93
Lime,3.1,86.8,fridge,unpackaged,73.9,7.41
Lime,26.8,41.7,counter,sealed_container,68.5,0.16
Lime,2.8,90.1,fridge,plastic_wrap,58.0,6.26
Lime,15.9,49.1,pantry,perforated_bag,77.0,0.5
Lime,20.9,54.1,pantry,perforated_bag,66.3,0.24
Lime,3.7,84.8,fridge,unpackaged,95.5,11.08
Lime,4.2,83.2,fridge,sealed_container,70.6,9.31
Lime,6.3,84.1,fridge,perforated_bag,78.3,7.94
Lime,19.0,51.5,pantry,sealed_container,75.5,0.3
Lime,3.2,81.7,fridge,plastic_wrap,80.4,7.41
Lime,6.1,80.9,fridge,plastic_wrap,85.1,6.17
Lime,29.1,64.0,counter,sealed_container,77.7,0.2
Lime,31.6,40.4,counter,sealed_container,63.3,0.07
Lime,20.1,51.8,pantry,sealed_container,66.2,0.25
Lime,17.4,64.0,pantry,sealed_container,89.6,0.71
Lime,1.1,94.2,fridge,plastic_wrap,95.2,13.39
Lime,6.0,86.0,fridge,perforated_bag,96.5,8.53
Lime,7.1,87.7,fridge,unpackaged,67.6,4.55
Lime,19.6,65.0,pantry,perforated_bag,61.9,0.41
Lime,1.8,84.3,fridge,unpackaged,70.9,8.05
Lime,21.0,41.2,counter,sealed_container,89.3,0.43
Lime,3.3,98.3,fridge,perforated_bag,84.0,9.99
Lime,4.9,74.4,fridge,unpackaged,55.5,1.71
Lime,27.0,58.4,counter,plastic_wrap,74.0,0.13
Lime,19.5,42.5,counter,sealed_container,62.4,0.21
Lime,2.1,72.2,fridge,plastic_wrap,75.6,3.54
Lime,3.8,82.1,fridge,plastic_wrap,74.7,8.46
Lime,4.1,89.7,fridge,unpackaged,66.9,5.85
Lime,7.5,93.1,fridge,perforated_bag,80.6,6.09
Lime,20.1,45.8,counter,sealed_container,67.1,0.29
Lime,20.1,47.1,pantry,plastic_wrap,75.4,0.26
Lime,24.4,51.2,pantry,plastic_wrap,82.4,0.2
Lime,26.4,54.9,pantry,sealed_container,85.0,0.25
Lime,2.6,92.7,fridge,sealed_container,83.0,11.05
Lime,7.4,86.8,fridge,plastic_wrap,76.0,7.68
Lime,4.7,81.8,fridge,sealed_container,91.5,10.79
Lime,4.1,85.8,fridge,plastic_wrap,90.7,12.68
Lime,19.5,50.5,pantry,perforated_bag,68.0,0.27
Lime,5.0,99.0,fridge,sealed_container,83.3,6.0
Lime,5.4,90.3,fridge,perforated_bag,87.2,11.44
Lime,27.6,51.3,counter,plastic_wrap,76.8,0.14
Lime,25.1,39.5,counter,unpackaged,76.6,0.16
Lime,3.2,86.6,fridge,perforated_bag,88.1,11.38
Lime,4.1,84.4,fridge,perforated_bag,85.4,9.53
Lime,21.9,65.4,counter,sealed_container,84.2,0.59
Lime,27.8,52.5,pantry,unpackaged,66.6,0.09
Lime,6.0,91.3,fridge,plastic_wrap,69.2,5.98
Lime,18.7,36.5,pantry,plastic_wrap,66.3,0.21
Lime,19.9,57.5,pantry,plastic_wrap,79.4,0.27
Lime,4.8,95.9,fridge,plastic_wrap,83.9,8.81
Lime,5.2,91.6,fridge,plastic_wrap,82.3,7.97
Lime,2.7,77.3,fridge,plastic_wrap,69.6,6.78
Lime,3.6,84.6,fridge,sealed_container,74.2,7.84
Lime,15.4,68.7,pantry,perforated_bag,77.9,1.23
Lime,23.4,52.3,counter,perforated_bag,76.8,0.25
Lime,6.9,86.0,fridge,perforated_bag,97.1,8.1
Lime,4.8,87.1,fridge,unpackaged,74.9,8.23
Lime,2.5,96.5,fridge,sealed_container,84.7,10.91
Lime,4.1,80.4,fridge,plastic_wrap,53.6,3.45
Lime,3.9,91.7,fridge,sealed_container,59.4,6.28
Lime,4.8,93.4,fridge,sealed_container,74.0,6.85
Lime,21.7,46.7,pantry,plastic_wrap,64.1,0.2
Lime,5.0,82.0,fridge,sealed_container,73.6,8.64
Lime,19.9,39.1,counter,perforated_bag,60.8,0.2
Lime,12.7,54.0,counter,unpackaged,77.2,0.43
Lime,20.6,20.0,counter,plastic_wrap,94.0,0.29
Lime,4.2,89.3,fridge,perforated_bag,80.0,10.33
Lime,3.4,91.8,fridge,perforated_bag,83.3,12.76
Lime,3.4,84.1,fridge,sealed_container,94.3,12.36
Lime,30.7,66.7,counter,perforated_bag,89.2,0.38
Lime,21.3,56.1,pantry,plastic_wrap,88.5,0.29
Lime,3.3,90.2,fridge,plastic_wrap,88.4,12.99
Lime,4.5,90.8,fridge,unpackaged,73.2,5.73
Lime,4.2,89.6,fridge,unpackaged,98.2,7.42
Lime,25.7,48.2,counter,unpackaged,89.8,0.21
Lime,25.7,26.9,counter,sealed_container,71.6,0.17
Lime,19.7,76.0,pantry,plastic_wrap,87.4,1.69
Lime,6.3,92.5,fridge,unpackaged,84.4,5.21
Lime,20.5,51.1,pantry,plastic_wrap,86.5,0.37
Lime,6.8,85.1,fridge,sealed_container,94.1,10.55
Lime,21.6,32.2,counter,plastic_wrap,89.2,0.24
Lime,3.1,90.0,fridge,sealed_container,76.0,9.67
Lime,20.9,91.8,pantry,perforated_bag,88.6,1.65
Lime,4.0,92.0,fridge,plastic_wrap,85.9,9.89
Lime,4.3,81.2,fridge,sealed_container,66.1,7.76
Lime,18.8,59.3,counter,sealed_container,72.0,0.34
Lime,29.9,56.1,counter,unpackaged,69.3,0.06
Lime,2.4,86.9,fridge,unpackaged,67.6,6.36
Lime,6.2,91.6,fridge,unpackaged,64.1,4.97
Lime,20.4,28.3,counter,perforated_bag,82.8,0.32
Lime,20.7,60.8,pantry,unpackaged,74.7,0.22
Lime,28.8,48.1,counter,plastic_wrap,67.0,0.1
Lime,24.1,56.3,counter,perforated_bag,84.1,0.24
Lime,15.3,45.9,pantry,plastic_wrap,80.4,0.55
Lime,5.3,89.7,fridge,perforated_bag,83.2,8.59
Lime,0.8,94.2,fridge,sealed_container,78.5,11.91
Lime,2.0,88.8,fridge,unpackaged,96.8,8.07
Lime,27.6,53.5,counter,sealed_container,70.6,0.16
Lime,23.5,29.3,counter,plastic_wrap,90.5,0.22
Lime,4.6,85.1,fridge,plastic_wrap,72.9,6.92
Lime,22.2,61.4,pantry,perforated_bag,99.8,0.38
Lime,24.3,20.0,counter,plastic_wrap,88.2,0.22
Lime,25.8,51.3,counter,sealed_container,83.5,0.21
Lime,4.8,88.3,fridge,unpackaged,82.2,6.51
Lime,5.3,87.4,fridge,unpackaged,90.1,9.02
Lime,5.1,95.4,fridge,perforated_bag,77.9,8.58
Lime,18.7,57.4,pantry,plastic_wrap,75.4,0.27
Lime,19.9,40.9,counter,perforated_bag,84.6,0.39
Lime,5.9,86.8,fridge,unpackaged,74.5,4.89
Lime,4.1,91.7,fridge,sealed_container,81.7,10.78
Lime,2.4,90.7,fridge,perforated_bag,84.6,12.66
Lime,5.4,83.7,fridge,plastic_wrap,90.5,7.82
Lime,4.7,84.6,fridge,unpackaged,78.9,8.21
Lime,20.2,57.3,pantry,sealed_container,56.3,0.13
Lime,5.0,87.6,fridge,sealed_container,86.9,10.5
Lime,5.3,87.9,fridge,unpackaged,73.6,5.46
Lime,22.1,45.9,pantry,unpackaged,64.5,0.15
Lime,3.1,84.1,fridge,plastic_wrap,73.5,9.07
Lime,4.5,76.5,fridge,unpackaged,53.7,2.1
Lime,14.9,45.2,pantry,sealed_container,74.8,0.47
Lime,32.3,53.2,counter,plastic_wrap,86.0,0.14
Lime,0.9,83.6,fridge,perforated_bag,90.9,11.78
Lime,2.1,81.8,fridge,unpackaged,67.0,5.92
Lime,2.7,90.5,fridge,perforated_bag,93.1,13.31
Lime,21.7,44.1,pantry,perforated_bag,84.0,0.3
Lime,26.8,56.1,counter,perforated_bag,91.3,0.17
Lime,23.0,54.5,counter,perforated_bag,87.8,0.34
Lime,3.7,86.6,fridge,unpackaged,87.9,8.62
Lime,3.2,88.2,fridge,sealed_container,68.8,9.99
Lime,26.2,47.1,counter,plastic_wrap,89.4,0.18
Lime,5.1,86.4,fridge,sealed_container,63.5,7.93
Lime,24.6,50.1,pantry,plastic_wrap,80.8,0.22
Lime,3.6,84.4,fridge,sealed_container,78.2,9.61
Lime,1.9,88.1,fridge,sealed_container,60.0,7.28
Lime,21.7,44.0,counter,plastic_wrap,80.7,0.25
Lime,3.5,80.4,fridge,sealed_container,90.7,12.29
Lime,2.5,87.1,fridge,plastic_wrap,78.0,9.49
Lime,18.4,59.3,pantry,unpackaged,92.7,0.38
Lime,4.9,92.4,fridge,plastic_wrap,84.2,6.17
Lime,3.0,84.0,fridge,plastic_wrap,76.7,9.46
Lime,4.9,89.6,fridge,unpackaged,90.0,9.5
Lime,24.2,32.4,counter,perforated_bag,81.8,0.2
Lime,3.5,86.7,fridge,sealed_container,82.7,14.05
Lime,19.0,34.9,counter,sealed_container,87.2,0.48
Lime,23.6,40.2,counter,perforated_bag,77.2,0.16
Lime,4.6,97.4,fridge,plastic_wrap,75.5,4.78
Lime,3.7,92.2,fridge,plastic_wrap,87.8,8.93
Lime,3.7,90.8,fridge,unpackaged,65.4,6.28
Lime,5.0,93.2,fridge,unpackaged,76.5,4.97
Lime,4.5,90.2,fridge,plastic_wrap,60.7,4.0
Lime,14.9,61.2,pantry,plastic_wrap,87.7,0.75
Lime,4.5,89.3,fridge,sealed_container,69.3,8.03
Lime,4.3,88.5,fridge,plastic_wrap,72.1,7.05
Lime,25.1,45.9,counter,sealed_container,87.3,0.24
Lime,3.7,91.7,fridge,plastic_wrap,56.1,4.08
Lime,3.6,100.0,fridge,plastic_wrap,79.6,5.43
Lime,20.7,51.4,counter,perforated_bag,89.2,0.34
Lime,21.9,53.1,counter,unpackaged,71.8,0.16
Lime,19.9,69.8,counter,unpackaged,76.7,0.84
Lime,4.5,88.3,fridge,plastic_wrap,84.4,8.69
Lime,3.2,82.2,fridge,plastic_wrap,83.1,9.42
Lime,25.8,48.4,counter,sealed_container,95.3,0.28
Lime,4.6,91.9,fridge,plastic_wrap,86.9,8.32
Lime,18.6,47.5,counter,sealed_container,90.0,0.49
Lime,3.1,82.1,fridge,plastic_wrap,78.4,10.07
Lime,3.5,86.2,fridge,unpackaged,75.3,7.49
Lime,33.1,35.0,counter,plastic_wrap,70.3,0.08
Lime,2.5,89.4,fridge,perforated_bag,90.5,11.26
Lime,16.6,55.2,pantry,plastic_wrap,83.6,0.39
Lime,4.4,85.5,fridge,perforated_bag,75.2,8.65
Lime,5.4,92.8,fridge,unpackaged,88.3,6.61
Lime,3.8,79.2,fridge,sealed_container,81.5,8.18
Lime,3.7,85.1,fridge,sealed_container,74.1,6.38
Lime,18.8,53.1,pantry,sealed_container,69.1,0.38
Lime,2.6,79.4,fridge,unpackaged,91.5,6.68
Lime,3.9,92.7,fridge,unpackaged,95.1,8.58
Lime,20.6,60.2,pantry,unpackaged,57.5,0.15
Lime,6.1,87.7,fridge,plastic_wrap,70.6,6.78
Lime,15.0,61.5,pantry,perforated_bag,89.5,0.56
Lime,27.9,40.9,counter,plastic_wrap,65.8,0.12
Lime,4.7,87.1,fridge,unpackaged,82.8,6.2
Lime,4.5,89.7,fridge,unpackaged,77.6,5.16
Lime,2.5,88.9,fridge,perforated_bag,76.3,11.91
Lime,6.4,90.6,fridge,sealed_container,81.0,8.54
Lime,19.8,59.7,pantry,perforated_bag,71.9,0.25
Lime,4.2,90.9,fridge,plastic_wrap,79.6,7.63
Lime,2.2,91.0,fridge,unpackaged,70.4,6.9
Lime,20.0,54.9,pantry,unpackaged,90.8,0.3
Lime,5.7,90.5,fridge,sealed_container,93.5,10.26
Lime,19.1,55.4,pantry,sealed_container,49.6,0.11
Lime,20.0,61.6,pantry,perforated_bag,85.5,0.32
Lime,3.6,92.6,fridge,perforated_bag,73.7,6.59
Lime,4.8,88.2,fridge,plastic_wrap,62.7,6.12
Lime,4.4,100.0,fridge,plastic_wrap,70.9,5.14
Lime,4.5,88.8,fridge,sealed_container,80.5,11.88
Lime,21.4,50.2,counter,perforated_bag,85.6,0.34
Lime,24.4,44.2,pantry,perforated_bag,83.5,0.17
Lime,4.2,82.0,fridge,unpackaged,81.8,6.73
Lime,6.2,96.6,fridge,sealed_container,76.9,5.48
Lime,4.6,85.4,fridge,sealed_container,77.2,7.08
Lime,1.9,83.8,fridge,perforated_bag,83.1,10.28
Lime,20.5,58.0,pantry,sealed_container,87.3,0.36
Lime,21.3,35.8,pantry,plastic_wrap,86.4,0.26
Lime,1.7,86.2,fridge,plastic_wrap,56.9,4.48
Lime,5.7,85.5,fridge,perforated_bag,89.8,6.51
Lime,4.4,92.8,fridge,sealed_container,81.7,10.02
Lime,23.9,42.5,pantry,unpackaged,80.0,0.16
Lime,27.8,41.9,counter,perforated_bag,60.6,0.07
Lime,8.3,92.2,fridge,sealed_container,88.5,8.19
Lime,8.1,90.3,fridge,sealed_container,79.9,5.59
Lime,3.6,93.0,fridge,plastic_wrap,68.0,6.4
Lime,1.6,85.5,fridge,perforated_bag,68.2,10.78
Lime,4.5,88.0,fridge,sealed_container,72.3,7.5
Lime,3.0,88.9,fridge,sealed_container,69.8,9.65
Lime,24.3,26.7,counter,unpackaged,77.7,0.15
Lime,5.2,95.0,fridge,plastic_wrap,86.3,8.7
Lime,4.7,93.9,fridge,plastic_wrap,71.7,7.45
Lime,25.1,52.9,pantry,plastic_wrap,57.2,0.09
Lime,2.8,83.2,fridge,plastic_wrap,86.1,8.2
Lime,20.3,55.7,pantry,sealed_container,85.6,0.31
Lime,0.7,96.1,fridge,perforated_bag,97.0,11.09
Lime,4.6,88.6,fridge,unpackaged,76.7,6.83
Lime,26.9,50.1,counter,perforated_bag,65.4,0.1
Lime,4.6,83.3,fridge,plastic_wrap,86.0,9.75
Lime,4.8,90.0,fridge,unpackaged,89.9,8.27
Lime,2.6,91.9,fridge,unpackaged,65.0,6.87
Lime,3.6,99.8,fridge,plastic_wrap,61.5,3.48
Lime,23.3,60.7,counter,perforated_bag,80.0,0.27
Lime,20.4,44.0,counter,sealed_container,85.7,0.3
Lime,4.8,84.7,fridge,plastic_wrap,90.6,7.86
Lime,3.2,88.9,fridge,plastic_wrap,59.2,5.78
Lime,3.4,87.2,fridge,sealed_container,88.7,10.07
Lime,4.1,87.4,fridge,unpackaged,73.1,5.03
Lime,2.1,85.5,fridge,sealed_container,91.0,12.92
Lime,4.4,90.2,fridge,plastic_wrap,77.3,8.78
Lime,5.3,81.4,fridge,plastic_wrap,82.4,6.59
Lime,18.6,54.6,pantry,perforated_bag,75.3,0.35
Lime,4.2,86.9,fridge,perforated_bag,80.9,9.22
Lime,0.5,87.4,fridge,perforated_bag,84.9,10.27
Lime,21.9,67.7,counter,unpackaged,71.0,0.52
Lime,21.8,32.6,counter,plastic_wrap,89.5,0.31
Lime,25.6,38.2,counter,perforated_bag,79.4,0.16
Lime,2.9,87.9,fridge,unpackaged,82.4,7.32
Lime,19.5,70.0,pantry,plastic_wrap,90.1,1.0
Lime,4.1,92.3,fridge,sealed_container,84.8,9.37
Lime,26.3,50.5,counter,plastic_wrap,79.0,0.15
Lime,2.7,87.5,fridge,plastic_wrap,83.7,11.08
Lime,4.3,86.6,fridge,perforated_bag,79.1,10.11
Lime,21.1,41.9,pantry,sealed_container,80.6,0.3
Lime,16.6,42.8,pantry,perforated_bag,67.6,0.31
Lime,4.5,82.4,fridge,perforated_bag,89.2,9.0
Lime,28.8,52.4,counter,unpackaged,70.7,0.07
Lime,2.7,93.8,fridge,perforated_bag,83.5,8.68
Lime,3.5,92.0,fridge,perforated_bag,71.6,6.25
Lime,0.6,86.6,fridge,perforated_bag,73.8,9.42
Lime,4.0,84.8,fridge,unpackaged,75.0,6.95
Lime,3.6,85.2,fridge,sealed_container,75.2,6.77
Lime,20.3,53.2,pantry,unpackaged,78.6,0.24
Lime,7.2,89.3,fridge,perforated_bag,84.3,8.06
Lime,1.1,96.5,fridge,sealed_container,60.8,5.79
Lime,2.7,87.3,fridge,sealed_container,80.3,10.89
Lime,5.2,94.0,fridge,unpackaged,68.8,5.28
Lime,6.6,81.4,fridge,sealed_container,79.8,7.06
Lime,7.4,99.9,fridge,perforated_bag,93.3,5.48
Lime,19.5,29.6,counter,unpackaged,85.0,0.3
Lime,2.8,88.9,fridge,plastic_wrap,58.8,4.42
Lime,15.0,43.2,pantry,sealed_container,84.9,0.52
Lime,5.5,86.9,fridge,sealed_container,83.0,8.75
Lime,3.1,90.1,fridge,unpackaged,79.4,7.29
Lime,3.2,89.4,fridge,unpackaged,85.9,7.35
Lime,4.9,80.1,fridge,unpackaged,71.3,3.79
Lime,4.0,88.0,fridge,unpackaged,87.6,9.59
Lime,5.3,80.2,fridge,unpackaged,64.3,4.1
Lime,1.5,81.6,fridge,unpackaged,66.8,6.37
Lime,23.4,41.2,counter,plastic_wrap,56.7,0.11
Lime,4.1,81.6,fridge,perforated_bag,81.0,7.8
Lime,3.4,86.2,fridge,unpackaged,96.0,8.56
Lime,5.7,90.5,fridge,unpackaged,81.6,8.55
Lime,20.5,54.8,counter,sealed_container,96.5,0.38
Lime,8.1,88.5,fridge,plastic_wrap,84.1,8.34
Lime,5.9,84.1,fridge,plastic_wrap,78.2,6.36
Lime,1.6,90.2,fridge,plastic_wrap,93.4,16.18
Lime,4.4,85.9,fridge,plastic_wrap,49.7,2.95
Lime,5.1,90.9,fridge,sealed_container,83.9,8.16
Lime,3.5,89.8,fridge,plastic_wrap,91.9,10.61
Lime,16.1,55.0,pantry,plastic_wrap,55.2,0.18
Lime,2.0,94.5,fridge,unpackaged,50.0,2.67
Lime,2.1,84.9,fridge,unpackaged,73.3,5.77
Lime,2.3,86.3,fridge,perforated_bag,83.3,12.92
Lime,4.0,88.8,fridge,plastic_wrap,79.5,9.14
Lime,5.4,90.6,fridge,perforated_bag,77.0,7.78
Lime,3.3,87.5,fridge,unpackaged,79.5,6.6
Lime,21.1,37.3,pantry,perforated_bag,84.6,0.41
Lime,4.7,84.7,fridge,perforated_bag,61.7,4.76
Lime,3.3,80.6,fridge,plastic_wrap,87.9,8.88
Lime,3.5,80.0,fridge,sealed_container,78.0,10.03
Lime,4.9,89.3,fridge,plastic_wrap,90.4,8.06
Lime,21.9,50.4,pantry,plastic_wrap,84.6,0.25
Lime,21.3,52.7,pantry,unpackaged,56.1,0.12
Lime,2.9,81.7,fridge,perforated_bag,87.3,11.43
Lime,17.9,47.5,pantry,plastic_wrap,67.3,0.28
Lime,0.8,82.1,fridge,sealed_container,79.1,12.53
Lime,4.9,78.7,fridge,unpackaged,84.3,5.9
Lulo,3.5,88.5,fridge,unpackaged,87.1,15.59
Lulo,21.6,55.7,pantry,plastic_wrap,83.7,0.39
Lulo,5.3,83.7,fridge,sealed_container,86.2,12.26
Lulo,6.8,89.4,fridge,plastic_wrap,83.9,11.3
Lulo,2.6,98.8,fridge,unpackaged,76.6,11.38
Lulo,4.6,93.6,fridge,plastic_wrap,89.2,14.64
Lulo,30.0,30.2,counter,unpackaged,62.5,0.14
Lulo,23.8,22.8,counter,plastic_wrap,81.2,0.42
Lulo,14.2,60.8,pantry,unpackaged,80.6,0.87
Lulo,18.5,59.9,pantry,sealed_container,71.2,0.59
Lulo,23.3,79.1,counter,plastic_wrap,75.9,1.54
Lulo,4.0,96.4,fridge,unpackaged,73.2,10.55
Lulo,21.8,74.8,pantry,sealed_container,89.8,1.05
Lulo,3.5,84.0,fridge,plastic_wrap,84.2,12.23
Lulo,5.0,95.4,fridge,perforated_bag,84.6,14.64
Lulo,13.3,53.9,pantry,plastic_wrap,52.1,0.45
Lulo,22.4,42.0,counter,sealed_container,54.6,0.18
Lulo,22.0,57.8,counter,unpackaged,65.2,0.29
Lulo,2.9,93.0,fridge,unpackaged,70.3,14.42
Lulo,23.5,67.4,counter,sealed_container,88.3,0.47
Lulo,3.9,79.3,fridge,perforated_bag,82.1,13.04
Lulo,4.1,89.9,fridge,sealed_container,88.1,21.35
Lulo,3.5,94.5,fridge,perforated_bag,62.9,12.5
Lulo,3.8,92.6,fridge,sealed_container,56.9,7.96
Lulo,26.5,20.0,counter,plastic_wrap,82.0,0.41
Lulo,28.7,30.4,counter,unpackaged,74.8,0.21
Lulo,5.8,93.6,fridge,unpackaged,52.2,4.58
Lulo,25.3,20.0,counter,sealed_container,89.9,0.39
Lulo,5.6,87.2,fridge,perforated_bag,74.4,10.8
Lulo,3.6,77.7,fridge,unpackaged,64.7,5.77
Lulo,2.6,84.6,fridge,unpackaged,69.6,9.61
Lulo,18.7,56.4,counter,perforated_bag,95.3,0.79
Lulo,18.7,54.7,pantry,plastic_wrap,75.1,0.66
Lulo,4.1,81.5,fridge,perforated_bag,85.0,17.68
Lulo,4.3,90.2,fridge,plastic_wrap,92.7,19.35
Lulo,21.9,34.2,counter,unpackaged,84.5,0.46
Lulo,3.3,81.1,fridge,sealed_container,83.3,13.98
Lulo,6.3,93.4,fridge,sealed_container,60.7,6.85
Lulo,2.3,87.7,fridge,plastic_wrap,78.5,17.85
Lulo,18.0,60.5,pantry,sealed_container,81.8,0.78
Lulo,4.3,86.0,fridge,sealed_container,70.0,10.12
Lulo,12.9,68.0,pantry,perforated_bag,89.9,1.71
Lulo,5.7,85.2,fridge,plastic_wrap,98.0,17.54
Lulo,5.1,89.5,fridge,plastic_wrap,92.7,16.12
Lulo,20.0,65.8,pantry,perforated_bag,71.2,0.54
Lulo,5.7,91.0,fridge,perforated_bag,62.2,11.38
Lulo,30.1,24.8,counter,perforated_bag,88.6,0.27
Lulo,19.5,70.8,counter,unpackaged,88.5,0.57
Lulo,20.6,65.1,pantry,unpackaged,61.1,0.27
Lulo,3.5,89.1,fridge,unpackaged,77.8,11.26
Lulo,23.4,25.7,counter,plastic_wrap,62.0,0.25
Lulo,4.1,84.4,fridge,sealed_container,72.4,9.28
Lulo,4.8,89.0,fridge,unpackaged,92.6,15.71
Lulo,3.5,87.7,fridge,sealed_container,82.8,19.94
Lulo,16.2,80.8,pantry,unpackaged,90.4,3.31
Lulo,19.8,38.5,counter,sealed_container,68.4,0.3
Lulo,5.6,90.5,fridge,unpackaged,63.1,10.38
Lulo,5.1,84.3,fridge,perforated_bag,84.7,14.27
Lulo,15.4,38.1,pantry,perforated_bag,59.2,0.61
Lulo,5.3,86.0,fridge,sealed_container,91.1,13.64
Lulo,3.7,85.3,fridge,plastic_wrap,50.6,4.83
Lulo,20.5,44.0,pantry,unpackaged,63.6,0.31
Lulo,3.0,93.3,fridge,sealed_container,77.4,16.37
Lulo,2.6,83.7,fridge,perforated_bag,66.7,10.43
Lulo,19.9,54.0,counter,plastic_wrap,71.2,0.45
Lulo,2.7,81.0,fridge,sealed_container,85.3,13.81
Lulo,29.0,29.9,counter,unpackaged,61.3,0.14
Lulo,23.9,51.4,counter,unpackaged,83.4,0.35
Lulo,3.6,84.3,fridge,sealed_container,73.2,11.15
Lulo,19.0,54.2,pantry,unpackaged,68.1,0.41
Lulo,4.9,87.0,fridge,perforated_bag,85.4,17.81
Lulo,28.1,36.3,counter,perforated_bag,81.2,0.22
Lulo,5.7,88.0,fridge,plastic_wrap,79.9,15.27
Lulo,4.4,98.2,fridge,plastic_wrap,80.3,13.53
Lulo,2.6,85.6,fridge,unpackaged,71.9,11.43
Lulo,19.1,44.5,counter,perforated_bag,78.9,0.58
Lulo,2.0,93.6,fridge,sealed_container,90.3,16.61
Lulo,31.2,40.8,counter,perforated_bag,67.5,0.19
Lulo,4.2,83.4,fridge,sealed_container,89.0,15.61
Lulo,2.4,88.8,fridge,sealed_container,52.1,7.26
Lulo,19.8,59.2,pantry,unpackaged,88.4,0.61
Lulo,19.6,43.8,counter,sealed_container,77.9,0.59
Lulo,25.2,34.8,counter,plastic_wrap,93.9,0.45
Lulo,2.7,87.9,fridge,sealed_container,98.1,17.37
Lulo,14.9,50.9,pantry,unpackaged,81.8,0.81
Lulo,4.2,89.7,fridge,plastic_wrap,88.7,20.47
Lulo,22.1,31.9,pantry,plastic_wrap,49.2,0.18
Lulo,4.3,89.9,fridge,perforated_bag,71.6,14.57
Lulo,17.6,53.0,counter,plastic_wrap,79.8,0.68
Lulo,20.6,59.8,pantry,unpackaged,68.0,0.28
Lulo,2.0,81.0,fridge,sealed_container,77.8,12.63
Lulo,5.5,89.4,fridge,plastic_wrap,67.2,14.39
Lulo,21.3,67.8,pantry,sealed_container,77.0,0.4
Lulo,1.2,95.2,fridge,perforated_bag,60.2,13.8
Lulo,19.8,62.9,counter,perforated_bag,73.0,0.6
Lulo,4.8,87.2,fridge,unpackaged,81.8,12.51
Lulo,4.2,87.3,fridge,unpackaged,83.1,15.19
Lulo,5.1,85.3,fridge,plastic_wrap,85.2,14.03
Lulo,27.9,47.0,counter,perforated_bag,93.3,0.36
Lulo,19.9,66.8,pantry,unpackaged,79.7,0.5
Lulo,26.6,51.6,counter,perforated_bag,89.8,0.47
Lulo,4.9,91.8,fridge,perforated_bag,67.7,10.85
Lulo,5.9,84.1,fridge,unpackaged,68.5,6.74
Lulo,13.6,43.2,pantry,sealed_container,82.4,0.81
Lulo,4.1,93.7,fridge,sealed_container,61.7,7.57
Lulo,25.8,70.0,counter,unpackaged,72.2,0.25
Lulo,25.7,59.0,counter,sealed_container,69.1,0.2
Lulo,19.4,37.9,counter,sealed_container,89.5,0.8
Lulo,5.8,84.5,fridge,unpackaged,87.9,8.71
Lulo,22.0,47.0,counter,plastic_wrap,78.7,0.44
Lulo,18.0,55.1,pantry,unpackaged,73.4,0.55
Lulo,2.2,88.9,fridge,sealed_container,87.4,14.21
Lulo,16.3,57.1,pantry,perforated_bag,88.7,0.82
Lulo,5.9,83.9,fridge,perforated_bag,70.1,10.1
Lulo,1.7,91.1,fridge,unpackaged,46.1,3.7
Lulo,4.0,95.2,fridge,plastic_wrap,72.4,11.5
Lulo,25.3,47.0,counter,sealed_container,88.8,0.3
Lulo,3.1,98.4,fridge,unpackaged,72.7,10.04
Lulo,23.7,45.1,pantry,sealed_container,68.2,0.29
Lulo,22.6,65.3,pantry,sealed_container,75.9,0.35
Lulo,2.5,88.3,fridge,plastic_wrap,77.4,18.88
Lulo,3.9,82.3,fridge,plastic_wrap,81.8,11.92
Lulo,3.6,88.5,fridge,unpackaged,95.1,16.33
Lulo,23.4,76.7,counter,sealed_container,77.2,0.81
Lulo,24.9,50.9,counter,plastic_wrap,68.7,0.39
Lulo,21.0,73.9,pantry,unpackaged,83.5,0.82
Lulo,3.2,78.9,fridge,sealed_container,86.2,9.58
Lulo,4.4,81.4,fridge,sealed_container,79.7,11.02
Lulo,6.2,81.8,fridge,plastic_wrap,63.0,7.21
Lulo,26.2,38.8,counter,plastic_wrap,50.0,0.1
Lulo,4.1,85.5,fridge,plastic_wrap,59.1,9.87
Lulo,0.5,92.0,fridge,perforated_bag,78.5,21.29
Lulo,3.0,83.3,fridge,sealed_container,72.9,12.33
Lulo,24.9,52.0,counter,sealed_container,86.9,0.37
Lulo,21.9,54.5,pantry,unpackaged,69.9,0.34
Lulo,18.0,65.8,pantry,plastic_wrap,77.1,0.72
Lulo,5.6,78.1,fridge,sealed_container,71.3,5.72
Lulo,1.8,89.7,fridge,perforated_bag,52.4,8.73
Lulo,26.4,46.9,counter,unpackaged,82.9,0.35
Lulo,23.9,52.6,pantry,plastic_wrap,77.8,0.34
Lulo,2.8,95.0,fridge,sealed_container,57.1,8.42
Lulo,26.9,57.7,counter,sealed_container,68.8,0.22
Lulo,30.8,53.6,counter,unpackaged,81.0,0.16
Lulo,24.5,62.2,pantry,unpackaged,85.8,0.47
Lulo,5.1,89.9,fridge,unpackaged,82.0,16.87
Lulo,3.3,89.8,fridge,plastic_wrap,76.0,16.79
Lulo,17.3,46.6,pantry,perforated_bag,86.6,1.08
Lulo,23.8,43.7,pantry,unpackaged,75.3,0.34
Lulo,5.7,85.3,fridge,perforated_bag,95.4,20.53
Lulo,4.7,93.6,fridge,plastic_wrap,75.8,10.65
Lulo,5.1,91.4,fridge,perforated_bag,66.9,14.83
Lulo,4.2,89.1,fridge,plastic_wrap,70.1,16.73
Lulo,19.4,58.8,pantry,unpackaged,78.2,0.39
Lulo,28.7,57.2,counter,sealed_container,87.2,0.27
Lulo,5.8,92.3,fridge,unpackaged,87.5,12.68
Lulo,20.2,29.1,counter,perforated_bag,88.5,0.78
Lulo,21.1,40.4,pantry,sealed_container,59.7,0.28
Lulo,20.3,39.8,counter,unpackaged,85.2,0.58
Lulo,3.8,88.0,fridge,plastic_wrap,69.3,12.47
Lulo,21.6,55.0,counter,unpackaged,89.2,0.46
Lulo,22.8,55.7,pantry,plastic_wrap,81.5,0.41
Lulo,19.4,53.3,counter,perforated_bag,55.8,0.33
Lulo,24.5,43.6,counter,sealed_container,67.8,0.29
Lulo,18.8,48.3,pantry,perforated_bag,78.6,0.91
Lulo,19.8,67.4,pantry,sealed_container,72.4,0.5
Lulo,6.5,87.2,fridge,unpackaged,89.4,10.21
Lulo,17.7,61.2,counter,unpackaged,70.8,0.59
Lulo,21.6,58.2,pantry,plastic_wrap,82.2,0.46
Lulo,1.3,92.7,fridge,sealed_container,91.5,15.86
Lulo,3.2,91.4,fridge,unpackaged,80.2,20.95
Lulo,2.5,87.1,fridge,perforated_bag,66.8,17.75
Lulo,4.8,94.4,fridge,perforated_bag,79.9,13.41
Lulo,19.5,39.3,counter,plastic_wrap,79.8,0.46
Lulo,4.0,84.9,fridge,sealed_container,87.1,18.15
Lulo,20.2,70.8,pantry,plastic_wrap,68.4,0.48
Lulo,3.6,94.4,fridge,sealed_container,83.5,14.27
Lulo,24.4,46.3,counter,sealed_container,79.1,0.39
Lulo,5.1,89.3,fridge,sealed_container,79.0,16.4
Lulo,19.2,52.9,pantry,plastic_wrap,65.5,0.36
Lulo,4.1,90.8,fridge,plastic_wrap,78.1,15.32
Lulo,4.3,89.8,fridge,unpackaged,65.3,9.1
Lulo,1.9,85.9,fridge,perforated_bag,49.1,8.09
Lulo,4.5,84.4,fridge,plastic_wrap,61.4,7.26
Lulo,5.5,87.4,fridge,perforated_bag,72.2,15.09
Lulo,3.9,92.8,fridge,unpackaged,79.7,18.95
Lulo,22.3,22.2,counter,perforated_bag,75.4,0.41
Lulo,4.4,90.7,fridge,plastic_wrap,73.2,16.87
Lulo,23.8,38.5,pantry,perforated_bag,59.9,0.35
Lulo,23.2,57.3,pantry,perforated_bag,78.6,0.51
Lulo,5.7,80.5,fridge,perforated_bag,60.8,6.32
Lulo,0.0,84.9,fridge,plastic_wrap,84.5,27.37
Lulo,0.5,87.2,fridge,perforated_bag,78.0,17.61
Lulo,24.7,54.5,pantry,plastic_wrap,67.8,0.36
Lulo,23.9,27.2,counter,unpackaged,60.7,0.16
Lulo,4.7,88.4,fridge,perforated_bag,85.1,19.9
Lulo,24.6,69.6,counter,sealed_container,70.9,0.27
Lulo,25.9,39.9,counter,sealed_container,46.9,0.09
Lulo,22.4,55.4,counter,perforated_bag,46.5,0.12
Lulo,0.8,72.8,fridge,perforated_bag,58.6,2.38
Lulo,22.8,58.6,pantry,sealed_container,65.7,0.31
Lulo,22.3,60.9,pantry,perforated_bag,82.2,0.62
Lulo,5.6,90.8,fridge,unpackaged,61.6,9.95
Lulo,3.3,84.6,fridge,unpackaged,61.5,7.36
Lulo,18.0,58.6,pantry,plastic_wrap,89.9,0.85
Lulo,5.6,83.7,fridge,unpackaged,95.1,16.32
Lulo,16.0,54.8,counter,perforated_bag,78.1,0.91
Lulo,5.3,90.8,fridge,plastic_wrap,94.7,18.53
Lulo,19.9,56.4,counter,sealed_container,65.9,0.39
Lulo,18.8,53.6,counter,plastic_wrap,70.9,0.6
Lulo,17.9,76.8,pantry,perforated_bag,81.8,2.44
Lulo,3.5,81.7,fridge,plastic_wrap,77.7,14.67
Lulo,24.9,47.2,counter,sealed_container,81.5,0.36
Lulo,1.7,92.8,fridge,unpackaged,85.5,19.36
Lulo,4.5,91.3,fridge,unpackaged,91.8,17.01
Lulo,3.5,92.0,fridge,plastic_wrap,53.8,8.97
Lulo,15.6,52.3,pantry,unpackaged,83.9,0.58
Lulo,4.3,93.1,fridge,plastic_wrap,62.3,12.04
Lulo,4.8,96.0,fridge,plastic_wrap,94.6,17.45
Lulo,3.5,94.9,fridge,perforated_bag,94.5,23.69
Lulo,4.5,81.2,fridge,perforated_bag,65.4,10.04
Lulo,19.1,73.0,pantry,unpackaged,87.1,1.08
Lulo,23.6,73.6,counter,unpackaged,85.2,0.78
Lulo,2.6,80.9,fridge,perforated_bag,71.5,14.21
Lulo,4.2,90.1,fridge,perforated_bag,78.1,18.47
Lulo,5.7,83.2,fridge,plastic_wrap,94.3,17.69
Lulo,16.3,51.8,pantry,sealed_container,76.6,0.74
Lulo,5.5,89.1,fridge,perforated_bag,59.8,7.05
Lulo,21.1,27.4,counter,sealed_container,49.4,0.15
Lulo,4.7,89.7,fridge,perforated_bag,77.8,16.96
Lulo,5.2,90.8,fridge,unpackaged,76.1,12.35
Lulo,18.2,49.6,pantry,sealed_container,59.2,0.33
Lulo,16.7,68.8,pantry,sealed_container,95.0,1.02
Lulo,7.3,90.7,fridge,unpackaged,84.7,15.2
Lulo,5.0,92.3,fridge,sealed_container,79.3,9.44
Lulo,3.1,95.6,fridge,unpackaged,74.9,11.53
Lulo,4.1,84.1,fridge,perforated_bag,52.7,5.71
Lulo,5.0,90.9,fridge,unpackaged,69.9,10.96
Lulo,18.1,63.6,pantry,unpackaged,65.9,0.46
Lulo,5.5,83.4,fridge,perforated_bag,84.7,13.13
Lulo,1.3,85.8,fridge,sealed_container,91.6,21.13
Lulo,1.7,87.5,fridge,unpackaged,82.9,19.41
Lulo,22.2,32.5,counter,perforated_bag,93.4,0.54
Lulo,6.7,93.5,fridge,plastic_wrap,63.5,8.33
Lulo,19.2,60.7,pantry,unpackaged,86.6,0.7
Lulo,3.8,89.0,fridge,unpackaged,95.7,18.14
Lulo,18.8,50.6,pantry,plastic_wrap,91.0,0.65
Lulo,5.7,90.7,fridge,plastic_wrap,86.9,18.6
Lulo,4.6,93.0,fridge,plastic_wrap,77.3,16.13
Lulo,6.8,90.8,fridge,unpackaged,52.2,5.81
Lulo,26.3,42.1,counter,plastic_wrap,75.6,0.36
Lulo,18.8,50.7,pantry,unpackaged,90.4,0.7
Lulo,14.5,57.1,pantry,perforated_bag,90.4,1.35
Lulo,4.6,87.1,fridge,sealed_container,89.7,18.99
Lulo,24.5,49.8,counter,unpackaged,92.1,0.35
Lulo,24.7,69.3,counter,sealed_container,66.8,0.25
Lulo,5.8,98.1,fridge,unpackaged,58.9,6.04
Lulo,3.2,81.2,fridge,sealed_container,87.2,13.02
Lulo,26.2,53.6,pantry,plastic_wrap,56.2,0.2
Lulo,21.3,62.1,pantry,sealed_container,56.2,0.19
Lulo,19.4,57.8,pantry,plastic_wrap,62.3,0.3
Lulo,5.1,84.7,fridge,plastic_wrap,63.8,7.93
Lulo,5.5,86.8,fridge,sealed_container,87.4,15.91
Lulo,5.2,88.1,fridge,perforated_bag,67.9,14.53
Lulo,25.1,23.0,counter,plastic_wrap,93.2,0.42
Lulo,1.9,87.8,fridge,sealed_container,96.0,25.74
Lulo,17.3,20.0,counter,sealed_container,67.2,0.41
Lulo,23.4,45.2,counter,plastic_wrap,62.2,0.22
Lulo,22.5,51.3,pantry,plastic_wrap,75.0,0.31
Lulo,21.0,65.5,pantry,perforated_bag,60.7,0.28
Lulo,24.6,50.6,counter,plastic_wrap,86.7,0.37
Lulo,4.2,86.3,fridge,unpackaged,69.0,10.68
Lulo,2.8,83.4,fridge,perforated_bag,71.1,14.2
Lulo,27.8,45.2,counter,plastic_wrap,84.8,0.32
Lulo,30.3,61.3,counter,plastic_wrap,72.0,0.19
Lulo,14.3,58.2,pantry,unpackaged,84.1,0.95
Lulo,2.3,97.1,fridge,unpackaged,65.7,8.87
Lulo,18.1,53.1,pantry,plastic_wrap,90.2,0.74
Lulo,16.7,62.3,pantry,sealed_container,67.2,0.54
Lulo,25.2,34.3,counter,sealed_container,78.5,0.41
Lulo,13.3,37.3,counter,unpackaged,96.2,1.09
Lulo,20.4,32.2,counter,plastic_wrap,68.7,0.53
Lulo,5.4,86.5,fridge,unpackaged,76.9,12.63
Lulo,4.9,88.1,fridge,unpackaged,82.6,15.89
Lulo,3.5,91.4,fridge,perforated_bag,91.1,19.4
Lulo,30.8,42.8,counter,unpackaged,66.5,0.13
Lulo,3.3,87.8,fridge,plastic_wrap,79.4,14.91
Lulo,4.3,92.9,fridge,plastic_wrap,70.2,13.76
Lulo,20.7,20.0,counter,sealed_container,78.9,0.47
Lulo,1.7,85.1,fridge,perforated_bag,69.0,11.37
Lulo,28.5,42.7,counter,perforated_bag,73.7,0.21
Lulo,22.5,37.6,counter,sealed_container,59.2,0.31
Lulo,5.2,87.0,fridge,plastic_wrap,83.5,14.33
Lulo,4.6,84.1,fridge,perforated_bag,92.0,12.66
Lulo,4.8,84.3,fridge,unpackaged,52.5,5.02
Lulo,22.5,58.0,pantry,unpackaged,62.0,0.29
Lulo,4.9,92.1,fridge,plastic_wrap,51.3,7.24
Lulo,1.4,88.8,fridge,sealed_container,61.1,11.79
Lulo,5.1,90.1,fridge,perforated_bag,96.5,18.19
Lulo,5.1,89.9,fridge,sealed_container,53.1,4.77
Lulo,26.3,54.4,counter,plastic_wrap,95.9,0.49
Lulo,3.7,94.4,fridge,perforated_bag,86.8,25.44
Lulo,1.4,93.0,fridge,perforated_bag,70.9,20.2
Lulo,18.5,44.5,counter,perforated_bag,54.2,0.32
Lulo,3.9,90.0,fridge,plastic_wrap,85.1,22.03
Lulo,2.7,94.1,fridge,unpackaged,67.1,12.13
Lulo,6.8,89.9,fridge,sealed_container,88.0,11.44
Lulo,16.0,47.8,pantry,plastic_wrap,92.0,1.16
Lulo,0.3,79.6,fridge,plastic_wrap,85.7,14.22
Lulo,31.8,54.9,counter,perforated_bag,63.2,0.14
Lulo,5.5,92.3,fridge,unpackaged,72.7,11.4
Lulo,3.5,98.5,fridge,perforated_bag,58.7,7.39
Lulo,3.1,83.4,fridge,plastic_wrap,71.1,16.34
Lulo,5.2,76.0,fridge,unpackaged,84.2,6.77
Lulo,3.5,94.8,fridge,unpackaged,57.2,8.53
Lulo,21.0,72.7,pantry,perforated_bag,75.3,0.82
Lulo,6.1,84.7,fridge,plastic_wrap,60.0,6.76
Lulo,1.6,91.7,fridge,sealed_container,58.9,7.36
Lulo,6.0,90.2,fridge,perforated_bag,62.0,11.23
Lulo,4.8,91.0,fridge,plastic_wrap,75.5,12.99
Lulo,5.3,94.3,fridge,sealed_container,51.7,4.61
Lulo,5.5,96.7,fridge,perforated_bag,67.2,10.1
Lulo,4.3,85.5,fridge,sealed_container,66.7,9.08
Lulo,19.0,60.2,counter,perforated_bag,91.5,0.73
Lulo,19.1,44.7,pantry,unpackaged,64.7,0.43
Lulo,20.9,37.2,pantry,unpackaged,79.2,0.54
Lulo,4.6,82.3,fridge,plastic_wrap,89.2,12.63
Lulo,24.0,59.3,pantry,perforated_bag,49.7,0.14
Lulo,4.0,91.8,fridge,perforated_bag,80.7,17.9
Lulo,21.4,67.8,pantry,plastic_wrap,77.7,0.53
Lulo,2.2,84.1,fridge,plastic_wrap,79.9,16.41
Lulo,4.0,100.0,fridge,sealed_container,87.7,10.52
Lulo,1.0,91.8,fridge,sealed_container,92.8,27.13
Lulo,16.2,66.7,pantry,unpackaged,72.6,0.53
Lulo,4.6,80.1,fridge,sealed_container,61.8,6.25
Lulo,18.8,59.4,pantry,perforated_bag,58.4,0.45
Lulo,22.8,46.4,counter,perforated_bag,85.8,0.58
Lulo,28.4,26.6,counter,plastic_wrap,85.7,0.33
Lulo,24.5,55.8,pantry,unpackaged,76.3,0.32
Lulo,21.6,44.3,pantry,perforated_bag,84.5,0.63
Lulo,3.5,76.8,fridge,plastic_wrap,69.2,7.56
Lulo,1.8,84.7,fridge,sealed_container,72.0,14.75
Lulo,4.0,96.9,fridge,perforated_bag,83.0,16.02
Lulo,1.7,93.0,fridge,perforated_bag,89.8,20.88
Lulo,5.1,84.2,fridge,plastic_wrap,91.7,15.48
Lulo,26.0,48.3,counter,perforated_bag,71.0,0.32
Lulo,18.7,73.8,pantry,plastic_wrap,69.7,1.18
Lulo,5.2,96.9,fridge,plastic_wrap,86.9,12.83
Lulo,4.5,87.8,fridge,sealed_container,75.2,16.84
Lulo,3.1,92.2,fridge,plastic_wrap,97.9,30.82
Lulo,3.6,78.5,fridge,unpackaged,92.7,10.15
Lulo,1.6,88.3,fridge,sealed_container,69.6,17.02
Lulo,5.7,98.9,fridge,perforated_bag,73.6,10.64
Lulo,20.2,70.7,pantry,sealed_container,71.6,0.44
Lulo,2.8,81.4,fridge,perforated_bag,74.3,15.57
Lulo,6.4,85.1,fridge,unpackaged,70.1,9.6
Lulo,4.2,96.0,fridge,perforated_bag,90.0,16.81
Lulo,5.9,85.9,fridge,perforated_bag,83.6,20.16
Lulo,3.8,88.0,fridge,perforated_bag,87.7,20.25
Lulo,5.4,87.6,fridge,sealed_container,86.1,13.72
Lulo,24.1,43.5,counter,plastic_wrap,78.3,0.49
Lulo,5.9,86.8,fridge,sealed_container,82.7,14.55
Lulo,17.2,55.7,pantry,perforated_bag,82.0,1.03
Lulo,20.3,70.4,pantry,plastic_wrap,72.4,0.48
Lulo,2.4,80.7,fridge,plastic_wrap,81.1,14.78
Lulo,26.2,41.1,counter,sealed_container,84.5,0.33
Lulo,24.0,49.8,counter,perforated_bag,77.3,0.49
Lulo,2.4,90.3,fridge,plastic_wrap,50.7,6.55
Lulo,2.1,90.5,fridge,perforated_bag,80.6,21.63
Lulo,18.8,55.0,pantry,sealed_container,90.4,0.91
Lulo,6.1,90.7,fridge,sealed_container,90.8,18.25
Lulo,21.3,47.8,pantry,unpackaged,66.0,0.29
Lulo,4.6,87.7,fridge,unpackaged,87.3,17.5
Lulo,3.6,100.0,fridge,unpackaged,85.3,9.75
Lulo,16.3,51.7,pantry,sealed_container,82.9,1.02
Lulo,3.6,80.7,fridge,plastic_wrap,84.3,14.31
Lulo,19.6,36.5,pantry,sealed_container,70.1,0.42
Lulo,22.0,56.7,counter,plastic_wrap,83.3,0.46
Lulo,3.5,92.4,fridge,sealed_container,78.8,11.66
Lulo,22.9,70.0,pantry,perforated_bag,86.2,0.46
Lulo,3.8,90.0,fridge,perforated_bag,84.2,21.67
Lulo,3.3,95.0,fridge,sealed_container,85.9,12.38
Lulo,18.6,64.6,pantry,perforated_bag,72.0,0.67
Lulo,26.5,42.9,counter,unpackaged,96.4,0.32
Lulo,20.6,60.8,pantry,unpackaged,56.8,0.22
Lulo,4.5,84.9,fridge,sealed_container,75.0,11.34
Lulo,5.5,96.6,fridge,sealed_container,59.9,7.4
Lulo,4.4,94.8,fridge,plastic_wrap,67.9,13.71
Lulo,1.9,96.2,fridge,plastic_wrap,56.1,9.02
Lulo,25.6,51.8,counter,perforated_bag,93.0,0.43
Lulo,4.1,80.3,fridge,unpackaged,64.3,4.52
Lulo,4.7,84.0,fridge,unpackaged,75.8,12.01
Lulo,2.3,88.5,fridge,unpackaged,51.4,6.53
Lulo,4.2,92.6,fridge,plastic_wrap,65.5,14.62
Lulo,2.7,83.8,fridge,plastic_wrap,55.9,6.1
Lulo,4.7,93.9,fridge,unpackaged,49.2,3.89
Lulo,4.2,87.8,fridge,perforated_bag,80.6,21.75
Lulo,24.0,40.1,counter,sealed_container,86.6,0.46
Lulo,22.0,48.4,pantry,perforated_bag,79.6,0.7
Lulo,24.2,59.0,pantry,sealed_container,94.8,0.4
Lulo,17.3,70.5,pantry,plastic_wrap,75.2,0.78
Mango,24.9,50.6,pantry,unpackaged,72.7,0.1
Mango,4.3,99.6,fridge,sealed_container,60.0,1.77
Mango,15.6,47.0,pantry,plastic_wrap,90.1,0.37
Mango,19.7,45.0,pantry,perforated_bag,76.3,0.15
Mango,4.3,87.9,fridge,perforated_bag,68.8,5.29
Mango,1.8,87.8,fridge,plastic_wrap,89.8,7.54
Mango,30.2,58.7,counter,sealed_container,68.6,0.07
Mango,6.9,83.4,fridge,plastic_wrap,58.0,1.63
Mango,1.4,81.9,fridge,perforated_bag,82.6,6.67
Mango,3.9,91.9,fridge,plastic_wrap,82.5,6.98
Mango,5.6,82.7,fridge,sealed_container,77.8,2.48
Mango,3.2,82.8,fridge,plastic_wrap,77.8,4.85
Mango,5.1,92.1,fridge,plastic_wrap,81.4,5.95
Mango,20.3,45.6,counter,plastic_wrap,81.2,0.24
Mango,18.6,53.6,pantry,unpackaged,84.7,0.19
Mango,3.7,82.7,fridge,sealed_container,68.8,2.95
Mango,21.6,70.5,pantry,perforated_bag,74.0,0.17
Mango,23.5,55.9,pantry,sealed_container,85.0,0.17
Mango,4.9,74.2,fridge,unpackaged,72.4,1.27
Mango,22.7,56.4,pantry,plastic_wrap,65.6,0.12
Mango,22.7,51.0,pantry,plastic_wrap,78.2,0.18
Mango,27.7,56.2,counter,perforated_bag,62.1,0.07
Mango,20.7,38.6,pantry,unpackaged,89.8,0.15
Mango,25.5,51.1,counter,plastic_wrap,88.1,0.16
Mango,5.8,85.3,fridge,perforated_bag,55.5,2.62
Mango,18.4,49.2,pantry,unpackaged,72.4,0.2
Mango,3.5,87.9,fridge,unpackaged,91.3,5.14
Mango,19.3,53.2,counter,sealed_container,85.0,0.17
Mango,3.9,88.5,fridge,perforated_bag,63.1,4.53
Mango,20.6,49.0,pantry,unpackaged,89.6,0.16
Mango,5.2,83.5,fridge,sealed_container,82.7,4.53
Mango,0.6,93.2,fridge,perforated_bag,82.6,8.28
Mango,20.1,50.0,pantry,unpackaged,83.4,0.16
Mango,20.2,77.5,pantry,unpackaged,75.7,0.55
Mango,3.7,88.4,fridge,perforated_bag,64.3,4.91
Mango,2.0,89.4,fridge,perforated_bag,88.5,8.29
Mango,4.7,75.1,fridge,unpackaged,77.7,1.11
Mango,21.6,40.6,pantry,unpackaged,64.3,0.12
Mango,2.9,88.1,fridge,sealed_container,75.3,5.26
Mango,4.0,93.2,fridge,sealed_container,85.9,5.29
Mango,17.6,45.1,pantry,unpackaged,89.6,0.19
Mango,5.3,81.9,fridge,plastic_wrap,54.0,1.55
Mango,25.0,45.8,pantry,sealed_container,91.7,0.15
Mango,19.8,53.7,counter,perforated_bag,58.9,0.14
Mango,25.7,59.5,pantry,unpackaged,82.5,0.11
Mango,25.8,71.0,pantry,perforated_bag,91.3,0.19
Mango,28.9,41.3,counter,perforated_bag,59.6,0.06
Mango,5.9,91.5,fridge,plastic_wrap,74.4,3.86
Mango,18.1,60.3,pantry,unpackaged,53.7,0.11
Mango,4.5,92.6,fridge,sealed_container,85.3,5.33
Mango,24.5,61.7,pantry,perforated_bag,75.0,0.15
Mango,24.3,73.6,pantry,sealed_container,83.7,0.19
Mango,18.7,70.4,pantry,sealed_container,79.4,0.25
Mango,4.7,87.2,fridge,plastic_wrap,84.4,5.72
Mango,23.4,22.9,counter,plastic_wrap,87.4,0.17
Mango,4.9,91.7,fridge,unpackaged,69.6,3.64
Mango,4.4,94.9,fridge,sealed_container,76.3,5.56
Mango,2.5,81.2,fridge,unpackaged,73.4,3.8
Mango,3.1,83.8,fridge,unpackaged,85.3,5.99
Mango,31.5,53.2,counter,plastic_wrap,75.4,0.06
Mango,3.6,90.1,fridge,perforated_bag,63.7,5.98
Mango,21.3,58.1,pantry,plastic_wrap,94.1,0.26
Mango,7.3,90.1,fridge,sealed_container,75.0,3.99
Mango,4.3,85.6,fridge,unpackaged,78.6,5.24
Mango,16.2,49.9,pantry,unpackaged,78.0,0.28
Mango,3.9,86.6,fridge,unpackaged,95.6,7.32
Mango,4.4,84.8,fridge,plastic_wrap,61.9,3.01
Mango,4.8,80.3,fridge,perforated_bag,84.5,4.12
Mango,27.4,45.0,counter,perforated_bag,62.6,0.09
Mango,5.9,81.2,fridge,plastic_wrap,72.1,3.07
Mango,7.6,79.0,fridge,perforated_bag,90.1,3.14
Mango,27.5,25.8,counter,unpackaged,57.4,0.06
Mango,1.6,87.2,fridge,plastic_wrap,72.8,4.65
Mango,5.6,95.5,fridge,unpackaged,75.5,4.2
Mango,22.9,56.5,pantry,perforated_bag,72.3,0.17
Mango,5.1,85.8,fridge,plastic_wrap,54.6,1.95
Mango,4.6,91.8,fridge,sealed_container,95.3,4.87
Mango,2.4,95.8,fridge,perforated_bag,57.2,2.84
Mango,5.9,79.9,fridge,unpackaged,94.2,3.24
Mango,20.0,34.7,pantry,unpackaged,89.5,0.22
Mango,1.0,81.6,fridge,unpackaged,84.0,5.24
Mango,5.2,77.9,fridge,sealed_container,57.3,1.37
Mango,3.3,84.5,fridge,perforated_bag,58.9,3.34
Mango,22.3,57.0,counter,unpackaged,66.8,0.08
Mango,4.2,87.5,fridge,plastic_wrap,84.8,5.36
Mango,3.1,93.5,fridge,sealed_container,82.6,5.25
Mango,21.3,41.4,pantry,plastic_wrap,66.8,0.15
Mango,1.5,91.3,fridge,sealed_container,96.0,10.2
Mango,24.1,59.9,pantry,plastic_wrap,79.5,0.16
Mango,23.4,51.5,counter,sealed_container,85.2,0.14
Mango,3.7,92.9,fridge,unpackaged,54.5,2.29
Mango,3.8,94.6,fridge,plastic_wrap,58.1,2.34
Mango,1.5,95.8,fridge,plastic_wrap,63.7,4.33
Mango,24.0,49.7,pantry,unpackaged,84.0,0.12
Mango,1.3,88.7,fridge,perforated_bag,79.4,8.1
Mango,20.1,67.8,pantry,perforated_bag,81.1,0.26
Mango,4.6,87.8,fridge,plastic_wrap,75.1,4.58
Mango,26.1,35.4,counter,perforated_bag,98.5,0.17
Mango,23.0,67.0,pantry,perforated_bag,84.1,0.19
Mango,3.0,87.7,fridge,plastic_wrap,67.2,4.95
Mango,2.3,91.9,fridge,plastic_wrap,83.7,7.58
Mango,23.3,42.4,pantry,plastic_wrap,85.6,0.15
Mango,18.5,54.8,pantry,plastic_wrap,75.8,0.2
Mango,6.2,87.6,fridge,plastic_wrap,68.2,3.62
Mango,4.6,90.8,fridge,unpackaged,88.5,6.64
Mango,7.6,80.6,fridge,sealed_container,75.4,1.91
Mango,3.2,89.9,fridge,unpackaged,73.8,5.64
Mango,5.0,90.3,fridge,perforated_bag,50.0,1.77
Mango,16.8,56.2,pantry,unpackaged,68.8,0.16
Mango,3.0,84.0,fridge,sealed_container,78.3,3.34
Mango,5.2,88.7,fridge,sealed_container,83.8,4.6
Mango,2.8,97.5,fridge,sealed_container,74.7,4.17
Mango,1.2,85.0,fridge,sealed_container,73.7,7.01
Mango,5.4,92.0,fridge,perforated_bag,82.6,6.25
Mango,1.0,89.7,fridge,sealed_container,71.2,5.9
Mango,2.7,95.3,fridge,unpackaged,58.9,2.84
Mango,18.5,62.5,pantry,perforated_bag,85.8,0.28
Mango,33.0,34.9,counter,plastic_wrap,81.8,0.06
Mango,3.4,93.1,fridge,unpackaged,83.7,4.23
Mango,4.0,80.2,fridge,plastic_wrap,74.6,4.12
Mango,4.1,82.8,fridge,perforated_bag,82.4,5.48
Mango,5.3,88.6,fridge,perforated_bag,63.0,3.51
Mango,20.5,42.5,counter,unpackaged,83.4,0.15
Mango,24.2,32.3,pantry,perforated_bag,85.8,0.16
Mango,3.5,92.8,fridge,plastic_wrap,77.6,7.01
Mango,3.5,89.9,fridge,plastic_wrap,75.3,4.83
Mango,19.2,50.8,pantry,perforated_bag,87.0,0.33
Mango,5.7,88.7,fridge,plastic_wrap,92.4,6.41
Mango,4.9,87.0,fridge,perforated_bag,83.9,4.59
Mango,2.2,98.8,fridge,perforated_bag,76.7,4.0
Mango,17.8,38.8,pantry,sealed_container,82.6,0.24
Mango,3.3,88.3,fridge,plastic_wrap,97.0,8.6
Mango,3.7,91.8,fridge,unpackaged,80.1,6.28
Mango,15.1,36.8,pantry,plastic_wrap,71.7,0.34
Mango,3.7,79.1,fridge,plastic_wrap,78.4,2.57
Mango,15.8,60.6,pantry,plastic_wrap,73.0,0.28
Mango,0.5,93.0,fridge,unpackaged,75.6,6.71
Mango,4.7,96.6,fridge,unpackaged,74.9,3.41
Mango,18.2,39.8,counter,perforated_bag,85.2,0.32
Mango,17.9,62.6,pantry,perforated_bag,65.8,0.18
Mango,19.0,65.8,pantry,plastic_wrap,67.5,0.18
Mango,21.4,78.7,pantry,plastic_wrap,71.1,0.69
Mango,3.5,91.2,fridge,plastic_wrap,90.2,7.96
Mango,2.8,91.6,fridge,plastic_wrap,93.2,8.63
Mango,4.6,92.8,fridge,perforated_bag,92.4,7.19
Mango,0.8,81.7,fridge,plastic_wrap,62.2,3.35
Mango,3.4,84.7,fridge,unpackaged,64.2,3.76
Mango,2.3,95.1,fridge,plastic_wrap,97.9,6.89
Mango,19.0,61.2,pantry,perforated_bag,56.5,0.15
Mango,4.1,94.1,fridge,plastic_wrap,56.4,2.47
Mango,3.8,80.1,fridge,perforated_bag,77.4,5.14
Mango,17.3,50.4,pantry,plastic_wrap,87.8,0.35
Mango,28.0,29.2,counter,plastic_wrap,57.8,0.05
Mango,3.2,91.2,fridge,unpackaged,79.4,6.65
Mango,3.0,88.9,fridge,plastic_wrap,78.1,7.04
Mango,4.1,86.0,fridge,unpackaged,66.7,4.21
Mango,4.4,88.0,fridge,plastic_wrap,81.4,6.1
Mango,22.3,65.6,counter,unpackaged,68.8,0.08
Mango,2.5,87.3,fridge,perforated_bag,63.0,4.58
Mango,20.4,54.2,pantry,sealed_container,78.8,0.17
Mango,4.5,89.1,fridge,unpackaged,70.7,4.28
Mango,3.9,88.0,fridge,sealed_container,83.4,5.0
Mango,4.8,91.2,fridge,unpackaged,80.7,4.21
Mango,4.0,88.6,fridge,sealed_container,62.8,2.96
Mango,4.5,90.5,fridge,unpackaged,78.2,4.37
Mango,24.2,40.6,counter,sealed_container,72.5,0.12
Mango,24.2,33.5,counter,plastic_wrap,77.6,0.14
Mango,3.8,82.2,fridge,perforated_bag,59.1,3.27
Mango,3.6,78.1,fridge,unpackaged,85.6,3.26
Mango,3.9,82.7,fridge,perforated_bag,80.8,5.18
Mango,2.6,89.0,fridge,sealed_container,89.8,6.09
Mango,6.6,93.1,fridge,perforated_bag,84.2,6.73
Mango,2.4,85.9,fridge,plastic_wrap,74.5,4.93
Mango,19.7,63.4,pantry,plastic_wrap,73.9,0.14
Mango,6.4,88.1,fridge,plastic_wrap,53.0,2.12
Mango,23.0,42.1,counter,sealed_container,83.2,0.13
Mango,4.7,90.2,fridge,plastic_wrap,66.9,4.1
Mango,22.6,41.9,counter,perforated_bag,61.4,0.13
Mango,7.4,91.7,fridge,perforated_bag,77.5,3.19
Mango,27.6,46.0,counter,plastic_wrap,82.2,0.09
Mango,2.7,93.0,fridge,perforated_bag,94.6,7.69
Mango,2.9,82.9,fridge,plastic_wrap,76.5,4.53
Mango,2.9,93.3,fridge,unpackaged,86.5,7.3
Mango,21.8,47.3,counter,sealed_container,86.0,0.21
Mango,3.2,87.6,fridge,perforated_bag,76.9,6.05
Mango,6.2,82.9,fridge,unpackaged,93.3,4.91
Mango,4.4,90.9,fridge,unpackaged,48.1,1.21
Mango,22.5,45.3,counter,perforated_bag,86.2,0.23
Mango,17.8,55.5,pantry,sealed_container,67.1,0.17
Mango,22.3,55.5,pantry,perforated_bag,78.5,0.16
Mango,21.9,62.8,pantry,unpackaged,80.3,0.15
Mango,4.8,84.1,fridge,plastic_wrap,88.4,4.67
Mango,20.5,43.3,pantry,unpackaged,89.6,0.25
Mango,4.7,91.2,fridge,perforated_bag,74.1,5.2
Mango,6.0,91.9,fridge,sealed_container,91.0,4.58
Mango,6.5,82.0,fridge,unpackaged,60.0,1.95
Mango,4.1,84.6,fridge,unpackaged,52.3,1.67
Mango,3.7,81.4,fridge,unpackaged,82.0,3.16
Mango,21.2,61.0,pantry,unpackaged,79.5,0.19
Mango,24.9,54.6,pantry,unpackaged,95.3,0.16
Mango,4.1,78.8,fridge,perforated_bag,65.1,2.34
Mango,4.8,83.6,fridge,unpackaged,66.8,3.23
Mango,5.0,93.0,fridge,perforated_bag,87.7,8.52
Mango,2.1,89.0,fridge,sealed_container,78.5,6.17
Mango,24.2,35.0,counter,plastic_wrap,80.4,0.13
Mango,5.2,83.6,fridge,unpackaged,91.3,3.72
Mango,4.2,91.2,fridge,plastic_wrap,65.8,4.33
Mango,24.7,59.3,counter,plastic_wrap,92.7,0.22
Mango,1.5,88.7,fridge,plastic_wrap,51.9,2.99
Mango,4.3,100.0,fridge,sealed_container,60.4,1.9
Mango,19.0,57.5,pantry,unpackaged,69.8,0.13
Mango,5.5,80.9,fridge,unpackaged,69.3,2.81
Mango,17.9,64.8,pantry,plastic_wrap,79.9,0.22
Mango,3.6,84.6,fridge,plastic_wrap,84.7,6.41
Mango,26.6,58.3,counter,sealed_container,94.2,0.09
Mango,2.0,90.8,fridge,perforated_bag,83.2,7.71
Mango,2.8,92.6,fridge,plastic_wrap,81.4,4.7
Mango,3.3,86.6,fridge,sealed_container,96.6,6.47
Mango,2.5,88.2,fridge,plastic_wrap,50.1,2.36
Mango,2.8,85.4,fridge,perforated_bag,94.8,7.96
Mango,0.8,82.8,fridge,plastic_wrap,90.2,8.02
Mango,22.2,26.0,counter,sealed_container,91.1,0.18
Mango,5.8,90.3,fridge,unpackaged,56.6,2.53
Mango,2.7,86.8,fridge,unpackaged,84.5,6.09
Mango,19.8,51.4,pantry,plastic_wrap,85.1,0.23
Mango,6.1,85.1,fridge,plastic_wrap,73.5,4.05
Mango,26.0,54.9,counter,sealed_container,59.5,0.06
Mango,20.3,21.8,counter,unpackaged,85.9,0.18
Mango,24.3,40.4,counter,unpackaged,73.9,0.12
Mango,18.2,50.1,pantry,unpackaged,77.8,0.23
Mango,16.3,43.1,pantry,unpackaged,89.0,0.33
Mango,20.4,50.3,pantry,unpackaged,81.1,0.18
Mango,2.2,79.8,fridge,plastic_wrap,92.8,6.02
Mango,15.7,44.5,pantry,sealed_container,95.5,0.34
Mango,6.1,85.6,fridge,plastic_wrap,66.5,3.94
Mango,3.5,85.9,fridge,sealed_container,94.4,5.25
Mango,30.9,35.1,counter,perforated_bag,74.2,0.07
Mango,5.3,82.1,fridge,sealed_container,56.0,1.61
Mango,3.6,92.6,fridge,perforated_bag,59.5,3.32
Mango,29.0,35.4,counter,unpackaged,96.3,0.1
Mango,2.4,88.5,fridge,perforated_bag,88.2,7.57
Mango,23.5,42.1,counter,perforated_bag,79.1,0.15
Mango,2.6,87.4,fridge,perforated_bag,73.8,7.58
Mango,0.4,85.0,fridge,sealed_container,55.6,2.19
Mango,4.8,91.3,fridge,sealed_container,83.3,4.87
Mango,20.6,54.6,pantry,perforated_bag,89.9,0.31
Mango,2.5,89.7,fridge,sealed_container,63.1,4.03
Mango,20.3,42.9,pantry,unpackaged,86.1,0.18
Mango,6.3,82.3,fridge,unpackaged,52.3,1.32
Mango,3.4,88.5,fridge,unpackaged,94.9,8.52
Mango,4.4,90.5,fridge,perforated_bag,79.3,7.59
Mango,19.6,53.0,counter,sealed_container,93.1,0.2
Mango,2.8,91.2,fridge,unpackaged,68.9,5.32
Mango,4.1,94.7,fridge,unpackaged,85.1,6.2
Mango,5.4,85.9,fridge,unpackaged,93.7,4.64
Mango,31.4,50.9,counter,unpackaged,90.4,0.07
Mango,4.3,85.3,fridge,perforated_bag,73.8,3.57
Mango,4.3,89.6,fridge,unpackaged,50.8,1.79
Mango,20.8,59.8,pantry,sealed_container,57.1,0.08
Mango,6.5,87.2,fridge,sealed_container,78.0,4.02
Mango,23.0,60.2,pantry,plastic_wrap,78.6,0.13
Mango,6.6,97.4,fridge,sealed_container,92.7,3.62
Mango,20.2,73.1,counter,perforated_bag,52.1,0.16
Mango,16.7,32.9,pantry,plastic_wrap,78.8,0.27
Mango,4.0,90.4,fridge,sealed_container,66.5,4.43
Mango,26.1,57.3,counter,unpackaged,65.4,0.08
Mango,5.3,80.5,fridge,plastic_wrap,50.7,0.94
Mango,3.5,88.4,fridge,perforated_bag,82.3,8.26
Mango,19.8,51.7,pantry,perforated_bag,78.2,0.29
Mango,17.2,44.3,pantry,plastic_wrap,63.2,0.19
Mango,27.6,49.4,counter,unpackaged,65.7,0.05
Mango,16.1,57.5,pantry,perforated_bag,90.0,0.38
Mango,28.1,29.5,counter,unpackaged,80.5,0.09
Mango,7.5,79.9,fridge,perforated_bag,73.4,2.32
Mango,23.7,57.9,counter,sealed_container,76.9,0.09
Mango,27.0,57.6,pantry,unpackaged,88.5,0.09
Mango,27.1,31.9,counter,unpackaged,75.1,0.1
Mango,5.0,92.4,fridge,perforated_bag,75.2,6.14
Mango,4.9,78.1,fridge,plastic_wrap,81.9,3.13
Mango,17.5,44.1,pantry,sealed_container,74.4,0.21
Mango,5.5,88.5,fridge,plastic_wrap,87.5,4.75
Mango,5.1,88.4,fridge,plastic_wrap,84.0,4.07
Mango,3.2,90.0,fridge,sealed_container,90.1,6.15
Mango,21.7,52.2,pantry,perforated_bag,90.6,0.25
Mango,16.6,54.7,pantry,perforated_bag,89.9,0.44
Mango,7.2,89.1,fridge,sealed_container,86.3,4.39
Mango,21.0,45.1,pantry,perforated_bag,86.9,0.27
Mango,4.2,80.4,fridge,perforated_bag,70.8,3.17
Mango,22.8,29.8,pantry,plastic_wrap,75.8,0.18
Mango,3.2,93.4,fridge,plastic_wrap,70.8,6.05
Mango,5.7,85.5,fridge,plastic_wrap,79.3,3.28
Mango,1.0,85.4,fridge,plastic_wrap,83.7,8.18
Mango,1.3,92.3,fridge,perforated_bag,83.3,7.43
Mango,25.1,37.6,counter,plastic_wrap,78.0,0.17
Mango,24.3,48.0,pantry,sealed_container,63.5,0.07
Mango,6.2,87.7,fridge,plastic_wrap,78.0,5.35
Mango,14.1,43.7,pantry,plastic_wrap,90.7,0.44
Mango,23.1,39.4,counter,plastic_wrap,89.3,0.21
Mango,20.9,50.2,pantry,plastic_wrap,77.6,0.17
Mango,1.7,91.7,fridge,sealed_container,77.7,7.81
Mango,4.8,88.6,fridge,perforated_bag,86.0,7.11
Mango,27.9,34.0,counter,sealed_container,81.3,0.09
Mango,4.5,90.1,fridge,perforated_bag,58.9,2.46
Mango,3.1,89.5,fridge,plastic_wrap,89.2,7.04
Mango,7.1,83.4,fridge,perforated_bag,63.0,1.94
Mango,10.9,58.2,pantry,sealed_container,56.5,0.22
Mango,6.4,84.2,fridge,plastic_wrap,81.0,3.57
Mango,34.9,53.1,counter,sealed_container,81.1,0.06
Mango,4.4,83.2,fridge,plastic_wrap,89.5,5.97
Mango,18.5,47.8,pantry,perforated_bag,68.7,0.18
Mango,2.6,83.8,fridge,perforated_bag,70.3,4.82
Mango,23.5,50.5,pantry,sealed_container,76.9,0.12
Mango,18.7,57.4,pantry,unpackaged,75.5,0.23
Mango,5.8,78.3,fridge,unpackaged,88.1,2.74
Mango,5.4,88.7,fridge,plastic_wrap,85.3,7.42
Mango,18.2,49.6,pantry,sealed_container,97.8,0.26
Mango,3.5,81.7,fridge,sealed_container,58.3,1.94
Mango,20.3,59.5,pantry,unpackaged,88.7,0.2
Mango,3.7,83.3,fridge,sealed_container,85.9,5.22
Mango,3.9,83.5,fridge,plastic_wrap,68.9,4.01
Mango,21.0,58.9,pantry,perforated_bag,80.6,0.23
Mango,5.6,86.5,fridge,sealed_container,85.9,3.89
Mango,0.3,95.4,fridge,unpackaged,59.5,4.78
Mango,0.5,85.9,fridge,unpackaged,75.6,7.76
Mango,0.0,95.3,fridge,unpackaged,89.7,8.11
Mango,3.5,83.9,fridge,perforated_bag,88.4,6.24
Mango,22.4,33.5,pantry,plastic_wrap,55.6,0.08
Mango,24.3,68.4,pantry,perforated_bag,87.8,0.17
Mango,29.1,35.2,counter,plastic_wrap,86.3,0.08
Mango,2.8,90.1,fridge,plastic_wrap,67.4,4.58
Mango,4.2,84.8,fridge,plastic_wrap,86.5,4.74
Mango,23.2,48.9,counter,unpackaged,73.0,0.12
Mango,3.0,91.9,fridge,unpackaged,84.9,6.14
Mango,27.2,44.8,counter,unpackaged,93.3,0.11
Mango,21.7,46.9,counter,sealed_container,55.5,0.06
Mango,2.8,84.5,fridge,sealed_container,51.9,1.8
Mango,16.7,46.7,pantry,unpackaged,88.0,0.2
Mango,2.9,89.2,fridge,perforated_bag,62.6,5.1
Mango,3.7,93.7,fridge,perforated_bag,95.4,7.0
Mango,18.6,49.2,pantry,unpackaged,76.0,0.19
Mango,3.4,82.7,fridge,sealed_container,84.4,3.82
Mango,3.0,84.2,fridge,perforated_bag,70.1,5.4
Mango,19.0,66.7,pantry,sealed_container,48.6,0.07
Mango,22.2,57.3,counter,perforated_bag,63.5,0.14
Mango,4.5,86.6,fridge,unpackaged,71.7,4.0
Mango,4.1,91.5,fridge,perforated_bag,76.7,7.36
Mango,4.3,83.9,fridge,perforated_bag,66.5,2.91
Mango,15.7,52.2,pantry,sealed_container,77.9,0.27
Mango,5.1,94.1,fridge,unpackaged,81.4,5.1
Mango,2.6,95.2,fridge,perforated_bag,62.0,3.55
Mango,3.9,81.0,fridge,sealed_container,58.2,2.03
Mango,3.4,84.0,fridge,perforated_bag,60.7,4.03
Mango,3.4,84.0,fridge,sealed_container,65.1,3.25
Mango,3.4,90.8,fridge,plastic_wrap,88.2,7.42
Mango,3.9,93.3,fridge,sealed_container,83.5,5.02
Mango,4.5,85.7,fridge,plastic_wrap,64.2,3.3
Mango,19.2,65.7,pantry,plastic_wrap,93.6,0.26
Mango,1.3,93.6,fridge,unpackaged,65.8,3.78
Mango,18.7,52.6,counter,perforated_bag,81.2,0.27
Mango,5.9,86.5,fridge,sealed_container,85.7,3.91
Mango,6.9,91.8,fridge,sealed_container,78.0,4.13
Mango,21.5,59.2,pantry,sealed_container,77.5,0.18
Mango,5.5,88.5,fridge,perforated_bag,90.5,7.76
Mango,4.4,90.0,fridge,sealed_container,73.6,4.94
Mango,21.7,52.2,counter,perforated_bag,91.8,0.3
Mango,4.6,81.7,fridge,unpackaged,57.9,1.77
Mango,22.7,61.6,counter,plastic_wrap,70.1,0.12
Mango,3.6,90.8,fridge,perforated_bag,92.1,5.74
Mango,20.6,40.7,counter,perforated_bag,70.5,0.19
Mango,24.2,53.7,counter,unpackaged,71.9,0.13
Mango,24.4,36.2,counter,unpackaged,62.1,0.08
Mango,4.7,80.2,fridge,unpackaged,85.8,3.46
Mango,5.3,91.6,fridge,unpackaged,91.2,5.76
Mango,4.3,81.7,fridge,plastic_wrap,78.0,4.06
Mango,22.7,37.2,counter,plastic_wrap,81.6,0.14
Mango,3.1,85.8,fridge,sealed_container,70.8,4.19
Mango,18.9,37.2,pantry,sealed_container,67.2,0.17
Mango,6.4,98.9,fridge,perforated_bag,72.6,2.78
Mango,2.2,78.5,fridge,perforated_bag,75.1,2.63
Mango,26.2,34.6,counter,sealed_container,63.9,0.09
Mango,24.6,43.2,counter,sealed_container,57.5,0.04
Mango,3.9,92.4,fridge,sealed_container,68.5,4.58
Mango,29.5,47.2,counter,unpackaged,78.3,0.07
Mango,28.7,40.4,counter,perforated_bag,91.6,0.11
Mango,23.7,51.2,counter,perforated_bag,84.4,0.17
Mango,6.1,89.0,fridge,unpackaged,76.3,4.61
Mango,3.2,93.2,fridge,plastic_wrap,82.4,5.87
Mango,21.5,48.9,counter,perforated_bag,54.6,0.09
Mango,3.4,84.9,fridge,plastic_wrap,74.2,5.67
Mango,23.2,52.5,counter,plastic_wrap,79.5,0.12
Mango,20.7,55.9,counter,perforated_bag,77.9,0.19
Mango,4.0,92.7,fridge,perforated_bag,85.8,6.47
Mango,2.2,84.3,fridge,unpackaged,94.4,6.41
Mango,20.0,36.6,counter,plastic_wrap,75.2,0.17
Mango,6.1,82.1,fridge,perforated_bag,60.2,2.44
Mango,3.7,90.0,fridge,sealed_container,86.0,6.11
Mango,20.1,59.7,pantry,sealed_container,91.8,0.2
Mango,5.5,85.7,fridge,sealed_container,92.6,5.35
Mango,23.9,62.4,pantry,sealed_container,90.0,0.15
Mango,2.8,90.3,fridge,perforated_bag,89.2,7.62
Orange,28.7,61.7,pantry,sealed_container,70.6,0.14
Orange,3.5,90.5,fridge,unpackaged,93.7,10.29
Orange,3.1,83.8,fridge,unpackaged,86.9,7.95
Orange,3.2,96.0,fridge,perforated_bag,76.7,9.02
Orange,3.2,89.6,fridge,sealed_container,78.6,10.07
Orange,4.1,85.1,fridge,unpackaged,90.2,7.52
Orange,4.0,85.1,fridge,sealed_container,80.5,9.14
Orange,26.5,35.2,counter,perforated_bag,81.6,0.17
Orange,20.7,60.4,pantry,unpackaged,64.2,0.16
Orange,21.0,65.2,pantry,plastic_wrap,70.8,0.39
Orange,3.3,85.7,fridge,plastic_wrap,63.6,6.91
Orange,4.8,89.7,fridge,unpackaged,63.5,4.75
Orange,24.8,52.5,pantry,sealed_container,77.7,0.27
Orange,25.4,58.3,pantry,unpackaged,77.7,0.12
Orange,20.0,50.3,pantry,unpackaged,69.1,0.23
Orange,2.9,85.6,fridge,plastic_wrap,80.7,9.16
Orange,6.3,100.0,fridge,unpackaged,69.8,3.13
Orange,24.2,55.7,counter,plastic_wrap,79.5,0.21
Orange,25.7,70.6,pantry,sealed_container,93.2,0.61
Orange,20.9,42.5,counter,plastic_wrap,85.4,0.33
Orange,25.4,43.9,counter,unpackaged,93.6,0.21
Orange,19.7,42.7,pantry,unpackaged,89.5,0.31
Orange,28.5,36.2,counter,sealed_container,84.8,0.18
Orange,19.8,68.2,pantry,sealed_container,87.5,0.83
Orange,3.2,80.7,fridge,plastic_wrap,84.3,9.91
Orange,4.1,80.1,fridge,sealed_container,58.3,4.46
Orange,1.1,96.6,fridge,sealed_container,76.9,11.43
Orange,4.6,86.3,fridge,plastic_wrap,78.9,8.87
Orange,3.0,92.2,fridge,perforated_bag,74.5,8.56
Orange,18.5,42.4,pantry,unpackaged,83.2,0.37
Orange,22.8,50.1,pantry,plastic_wrap,87.1,0.28
Orange,26.7,29.6,counter,plastic_wrap,51.2,0.07
Orange,5.3,93.1,fridge,plastic_wrap,85.5,7.97
Orange,5.2,85.4,fridge,perforated_bag,60.6,4.19
Orange,14.3,49.7,pantry,plastic_wrap,82.3,0.5
Orange,3.1,85.2,fridge,plastic_wrap,84.4,9.56
Orange,4.9,86.3,fridge,unpackaged,79.5,6.33
Orange,5.5,79.2,fridge,plastic_wrap,75.8,5.1
Orange,15.5,56.2,pantry,sealed_container,53.9,0.26
Orange,3.8,95.6,fridge,sealed_container,63.2,7.15
Orange,6.3,88.0,fridge,sealed_container,66.7,6.28
Orange,19.5,46.8,pantry,perforated_bag,84.0,0.4
Orange,3.9,92.3,fridge,unpackaged,57.0,2.98
Orange,22.6,61.8,counter,sealed_container,81.1,0.33
Orange,4.8,83.3,fridge,perforated_bag,83.9,10.19
Orange,15.4,38.7,pantry,unpackaged,86.3,0.41
Orange,3.6,93.8,fridge,perforated_bag,68.3,6.23
Orange,17.5,43.7,pantry,sealed_container,89.7,0.55
Orange,4.2,90.6,fridge,unpackaged,76.0,5.62
Orange,16.4,52.9,counter,unpackaged,81.4,0.31
Orange,23.5,43.1,counter,unpackaged,78.3,0.21
Orange,20.2,37.0,counter,plastic_wrap,68.3,0.27
Orange,5.4,90.3,fridge,perforated_bag,85.8,11.45
Orange,4.4,79.5,fridge,unpackaged,72.5,6.01
Orange,19.4,55.8,pantry,unpackaged,69.5,0.17
Orange,5.0,90.3,fridge,unpackaged,72.4,6.16
Orange,31.8,34.9,counter,plastic_wrap,91.1,0.13
Orange,20.2,41.8,pantry,sealed_container,68.3,0.29
Orange,6.8,82.6,fridge,unpackaged,87.3,6.11
Orange,0.5,80.8,fridge,perforated_bag,60.7,6.09
Orange,29.2,42.4,counter,sealed_container,68.4,0.15
Orange,19.1,70.4,pantry,sealed_container,60.2,0.66
Orange,3.0,82.7,fridge,unpackaged,80.7,7.35
Orange,5.5,85.6,fridge,plastic_wrap,80.4,9.45
Orange,4.4,85.0,fridge,plastic_wrap,95.7,10.05
Orange,4.9,87.8,fridge,perforated_bag,75.1,6.81
Orange,5.1,84.6,fridge,plastic_wrap,59.0,4.79
Orange,23.1,53.8,pantry,unpackaged,95.2,0.28
Orange,22.6,33.3,counter,perforated_bag,79.8,0.24
Orange,23.1,54.5,counter,sealed_container,76.7,0.21
Orange,19.6,58.2,pantry,unpackaged,72.2,0.28
Orange,5.7,83.4,fridge,sealed_container,54.6,3.78
Orange,2.7,95.1,fridge,plastic_wrap,57.2,4.26
Orange,19.5,65.2,pantry,perforated_bag,83.0,0.51
Orange,7.0,85.8,fridge,perforated_bag,66.9,4.01
Orange,2.5,92.8,fridge,unpackaged,67.4,5.51
Orange,6.3,85.2,fridge,sealed_container,81.5,9.55
Orange,1.4,81.7,fridge,sealed_container,73.3,9.93
Orange,3.5,93.6,fridge,perforated_bag,85.7,9.46
Orange,6.0,94.6,fridge,plastic_wrap,78.9,6.18
Orange,6.4,80.7,fridge,plastic_wrap,89.3,6.55
Orange,20.6,58.7,pantry,sealed_container,71.5,0.29
Orange,22.0,35.6,counter,perforated_bag,92.4,0.37
Orange,24.8,40.5,counter,unpackaged,80.2,0.21
Orange,3.0,84.2,fridge,sealed_container,79.3,12.06
Orange,3.7,88.7,fridge,plastic_wrap,90.3,9.28
Orange,20.1,60.3,pantry,unpackaged,79.2,0.22
Orange,33.1,64.0,counter,sealed_container,78.5,0.12
Orange,3.3,87.6,fridge,plastic_wrap,86.0,11.08
Orange,20.8,53.9,pantry,unpackaged,57.7,0.16
Orange,2.8,90.6,fridge,perforated_bag,75.5,11.57
Orange,4.4,92.9,fridge,plastic_wrap,84.1,8.44
Orange,1.5,84.7,fridge,plastic_wrap,91.2,11.54
Orange,1.1,87.7,fridge,perforated_bag,91.0,12.44
Orange,4.2,94.5,fridge,plastic_wrap,89.0,8.83
Orange,6.0,87.2,fridge,perforated_bag,78.2,7.03
Orange,5.4,89.8,fridge,perforated_bag,84.3,8.91
Orange,20.7,56.2,pantry,sealed_container,73.1,0.26
Orange,19.4,37.4,counter,perforated_bag,67.6,0.22
Orange,5.3,80.3,fridge,sealed_container,81.4,6.45
Orange,4.2,84.3,fridge,sealed_container,90.2,10.63
Orange,2.8,97.8,fridge,sealed_container,82.6,8.72
Orange,20.4,63.8,pantry,unpackaged,75.3,0.32
Orange,3.3,87.4,fridge,plastic_wrap,70.7,8.68
Orange,24.3,44.6,counter,perforated_bag,70.1,0.21
Orange,26.3,49.3,pantry,plastic_wrap,68.9,0.14
Orange,6.0,88.5,fridge,perforated_bag,57.5,4.17
Orange,1.8,82.1,fridge,plastic_wrap,80.0,7.31
Orange,5.7,86.9,fridge,unpackaged,80.7,5.37
Orange,24.9,57.3,pantry,sealed_container,81.8,0.22
Orange,2.9,89.6,fridge,sealed_container,90.8,15.41
Orange,19.8,43.3,counter,unpackaged,83.3,0.31
Orange,24.5,57.2,counter,unpackaged,64.5,0.11
Orange,4.8,88.0,fridge,unpackaged,88.1,8.39
Orange,1.8,86.5,fridge,sealed_container,73.0,8.79
Orange,2.4,81.6,fridge,sealed_container,60.2,6.39
Orange,3.5,90.3,fridge,perforated_bag,85.9,10.38
Orange,6.5,95.0,fridge,plastic_wrap,83.9,6.35
Orange,3.4,93.4,fridge,plastic_wrap,92.2,11.37
Orange,2.0,88.6,fridge,plastic_wrap,92.1,12.53
Orange,2.7,87.8,fridge,perforated_bag,72.4,9.09
Orange,2.7,86.7,fridge,unpackaged,91.7,7.62
Orange,3.7,87.1,fridge,unpackaged,77.8,8.3
Orange,4.2,90.3,fridge,plastic_wrap,74.4,8.63
Orange,4.0,88.1,fridge,plastic_wrap,84.0,12.05
Orange,4.7,84.0,fridge,unpackaged,84.3,6.42
Orange,1.5,98.7,fridge,unpackaged,81.3,10.42
Orange,22.7,29.4,counter,unpackaged,90.4,0.24
Orange,27.3,49.9,pantry,plastic_wrap,66.3,0.1
Orange,23.9,35.9,counter,sealed_container,80.9,0.28
Orange,6.2,86.9,fridge,sealed_container,98.3,7.81
Orange,22.1,41.8,counter,plastic_wrap,81.1,0.21
Orange,19.9,44.4,pantry,plastic_wrap,77.5,0.28
Orange,2.5,90.9,fridge,sealed_container,78.7,10.07
Orange,24.9,37.9,counter,plastic_wrap,76.1,0.15
Orange,18.9,47.0,pantry,perforated_bag,87.6,0.36
Orange,19.3,29.6,counter,unpackaged,63.8,0.21
Orange,3.5,95.4,fridge,unpackaged,71.0,5.1
Orange,4.2,88.7,fridge,unpackaged,75.0,7.02
Orange,4.4,90.5,fridge,plastic_wrap,77.3,10.35
Orange,3.2,85.2,fridge,unpackaged,75.4,7.48
Orange,2.4,90.9,fridge,sealed_container,85.1,13.2
Orange,6.9,81.7,fridge,plastic_wrap,86.2,6.21
Orange,3.7,75.4,fridge,perforated_bag,69.4,4.39
Orange,2.9,81.4,fridge,plastic_wrap,87.5,8.72
Orange,2.7,91.0,fridge,plastic_wrap,72.4,9.31
Orange,4.7,97.8,fridge,perforated_bag,57.4,3.98
Orange,5.4,95.4,fridge,plastic_wrap,81.0,7.12
Orange,19.5,38.5,counter,perforated_bag,84.2,0.32
Orange,18.1,58.7,pantry,unpackaged,75.3,0.3
Orange,16.4,56.5,counter,perforated_bag,82.8,0.43
Orange,4.5,90.7,fridge,plastic_wrap,71.1,6.83
Orange,24.6,58.1,pantry,perforated_bag,74.6,0.19
Orange,16.6,44.2,counter,perforated_bag,82.1,0.44
Orange,20.3,28.4,counter,plastic_wrap,58.3,0.16
Orange,0.8,75.2,fridge,sealed_container,74.1,5.77
Orange,21.9,70.5,pantry,plastic_wrap,64.1,0.45
Orange,5.3,94.2,fridge,sealed_container,66.8,5.97
Orange,29.4,51.0,counter,unpackaged,70.8,0.09
Orange,4.0,86.3,fridge,plastic_wrap,89.4,10.55
Orange,4.0,89.8,fridge,perforated_bag,94.5,12.89
Orange,4.9,82.8,fridge,sealed_container,91.7,11.29
Orange,4.0,87.9,fridge,unpackaged,71.2,4.78
Orange,6.3,91.0,fridge,plastic_wrap,86.7,6.43
Orange,4.7,91.8,fridge,plastic_wrap,76.9,6.34
Orange,4.2,83.4,fridge,plastic_wrap,87.5,10.18
Orange,24.0,25.4,counter,plastic_wrap,77.6,0.24
Orange,23.7,58.3,counter,perforated_bag,86.8,0.24
Orange,5.3,81.4,fridge,sealed_container,78.8,5.97
Orange,3.4,93.0,fridge,plastic_wrap,57.0,4.82
Orange,7.1,85.3,fridge,sealed_container,55.4,2.75
Orange,19.1,61.9,pantry,sealed_container,51.1,0.16
Orange,5.7,92.5,fridge,plastic_wrap,53.3,3.48
Orange,5.1,86.0,fridge,perforated_bag,64.3,6.11
Orange,18.8,52.8,pantry,plastic_wrap,89.1,0.45
Orange,2.7,91.3,fridge,perforated_bag,88.4,14.01
Orange,18.5,58.5,pantry,unpackaged,82.8,0.31
Orange,7.9,83.5,fridge,plastic_wrap,68.0,4.3
Orange,5.5,93.3,fridge,unpackaged,85.3,6.07
Orange,4.6,86.1,fridge,unpackaged,78.9,5.59
Orange,2.0,88.7,fridge,plastic_wrap,92.0,13.23
Orange,16.9,51.7,pantry,perforated_bag,88.7,0.5
Orange,3.3,85.6,fridge,perforated_bag,49.0,3.46
Orange,1.4,88.5,fridge,perforated_bag,60.2,6.83
Orange,19.1,60.8,pantry,unpackaged,89.8,0.3
Orange,4.8,85.1,fridge,sealed_container,94.2,11.1
Orange,3.9,90.3,fridge,sealed_container,65.0,6.06
Orange,18.0,68.7,pantry,perforated_bag,67.8,0.58
Orange,23.5,74.5,pantry,unpackaged,57.5,0.35
Orange,4.4,80.1,fridge,plastic_wrap,68.8,5.44
Orange,21.4,37.7,pantry,sealed_container,60.4,0.18
Orange,1.9,90.0,fridge,perforated_bag,93.0,13.89
Orange,1.1,88.6,fridge,sealed_container,77.3,15.64
Orange,1.5,89.2,fridge,plastic_wrap,70.1,8.15
Orange,4.4,83.1,fridge,unpackaged,85.7,7.3
Orange,3.1,89.7,fridge,perforated_bag,89.8,12.03
Orange,3.6,84.9,fridge,perforated_bag,74.9,8.84
Orange,3.9,87.0,fridge,sealed_container,96.1,14.14
Orange,22.8,49.5,pantry,plastic_wrap,50.7,0.08
Orange,22.4,23.8,counter,unpackaged,87.0,0.22
Orange,18.5,53.4,counter,sealed_container,81.8,0.52
Orange,5.5,89.3,fridge,sealed_container,90.9,10.05
Orange,10.1,93.8,fridge,perforated_bag,70.2,4.51
Orange,27.0,43.1,counter,unpackaged,67.8,0.11
Orange,3.8,89.5,fridge,unpackaged,82.4,7.5
Orange,3.6,95.7,fridge,perforated_bag,70.0,7.67
Orange,3.4,83.6,fridge,plastic_wrap,84.2,10.61
Orange,3.9,87.1,fridge,perforated_bag,91.4,13.58
Orange,20.8,39.3,pantry,plastic_wrap,62.0,0.14
Orange,5.2,79.7,fridge,perforated_bag,63.7,4.04
Orange,3.0,83.2,fridge,perforated_bag,58.9,4.93
Orange,19.3,61.1,pantry,unpackaged,64.7,0.18
Orange,27.8,35.2,counter,plastic_wrap,49.0,0.04
Orange,6.1,91.1,fridge,plastic_wrap,74.4,7.99
Orange,19.6,39.4,counter,plastic_wrap,84.9,0.25
Orange,18.7,44.5,counter,unpackaged,87.2,0.38
Orange,3.4,87.5,fridge,unpackaged,88.6,7.45
Orange,20.7,63.2,pantry,plastic_wrap,75.8,0.34
Orange,21.4,50.4,counter,unpackaged,61.6,0.1
Orange,4.1,87.8,fridge,plastic_wrap,91.2,12.08
Orange,20.3,56.1,pantry,perforated_bag,89.9,0.4
Orange,4.1,96.8,fridge,plastic_wrap,60.9,4.16
Orange,4.4,86.6,fridge,sealed_container,56.4,5.09
Orange,25.0,44.4,counter,perforated_bag,81.4,0.2
Orange,5.0,90.7,fridge,unpackaged,62.3,3.53
Orange,3.7,86.0,fridge,sealed_container,85.6,9.33
Orange,3.3,83.9,fridge,perforated_bag,85.3,9.97
Orange,25.6,20.0,counter,perforated_bag,94.8,0.26
Orange,3.6,80.6,fridge,unpackaged,72.9,4.94
Orange,20.7,36.1,counter,unpackaged,77.1,0.26
Orange,3.5,90.0,fridge,unpackaged,83.0,8.24
Orange,5.4,83.7,fridge,sealed_container,71.9,8.26
Orange,4.6,91.0,fridge,plastic_wrap,66.8,6.31
Orange,2.7,82.6,fridge,unpackaged,90.0,6.88
Orange,19.2,53.8,pantry,sealed_container,91.1,0.4
Orange,3.7,96.8,fridge,plastic_wrap,79.3,5.97
Orange,4.6,94.0,fridge,perforated_bag,88.8,9.56
Orange,3.2,90.5,fridge,sealed_container,71.4,10.33
Orange,0.0,87.7,fridge,unpackaged,52.8,4.13
Orange,4.3,85.5,fridge,perforated_bag,96.0,13.55
Orange,19.6,76.4,pantry,perforated_bag,87.0,1.64
Orange,17.1,39.2,counter,plastic_wrap,74.7,0.36
Orange,21.3,33.4,pantry,unpackaged,74.7,0.22
Orange,18.0,53.1,pantry,sealed_container,80.6,0.39
Orange,23.4,37.6,pantry,unpackaged,77.0,0.14
Orange,21.4,57.6,pantry,plastic_wrap,89.3,0.32
Orange,20.2,48.4,pantry,plastic_wrap,86.6,0.34
Orange,4.7,87.6,fridge,sealed_container,82.5,10.34
Orange,4.6,92.3,fridge,sealed_container,83.8,10.44
Orange,3.8,82.1,fridge,plastic_wrap,67.1,7.24
Orange,5.2,95.3,fridge,sealed_container,65.7,7.49
Orange,3.2,88.2,fridge,unpackaged,79.9,10.47
Orange,4.5,94.5,fridge,sealed_container,87.9,9.87
Orange,0.7,87.6,fridge,unpackaged,90.0,13.07
Orange,5.1,93.4,fridge,perforated_bag,81.6,8.59
Orange,27.2,49.7,counter,plastic_wrap,66.3,0.13
Orange,5.1,89.6,fridge,unpackaged,68.3,4.93
Orange,2.8,90.9,fridge,unpackaged,74.5,6.82
Orange,21.7,40.5,counter,plastic_wrap,79.4,0.18
Orange,19.1,50.9,pantry,plastic_wrap,85.3,0.36
Orange,5.9,79.3,fridge,unpackaged,59.4,2.8
Orange,26.0,31.9,counter,sealed_container,82.9,0.19
Orange,3.3,80.9,fridge,plastic_wrap,76.5,6.83
Orange,1.7,77.7,fridge,perforated_bag,59.7,4.53
Orange,4.8,87.0,fridge,unpackaged,75.7,6.01
Orange,1.1,95.2,fridge,sealed_container,86.8,10.76
Orange,1.8,88.6,fridge,sealed_container,57.3,7.28
Orange,20.6,46.4,pantry,perforated_bag,83.9,0.3
Orange,23.0,46.9,counter,sealed_container,74.6,0.21
Orange,3.4,89.4,fridge,plastic_wrap,86.5,9.5
Orange,6.4,84.9,fridge,perforated_bag,63.6,6.02
Orange,18.8,70.1,pantry,perforated_bag,81.4,1.02
Orange,4.1,88.0,fridge,plastic_wrap,76.3,7.01
Orange,1.6,96.6,fridge,sealed_container,64.9,7.4
Orange,6.1,81.1,fridge,perforated_bag,65.1,4.48
Orange,3.0,95.7,fridge,sealed_container,66.2,6.36
Orange,20.9,31.0,counter,plastic_wrap,79.7,0.27
Orange,2.2,93.5,fridge,perforated_bag,80.4,12.9
Orange,18.7,68.7,counter,unpackaged,84.7,0.78
Orange,4.9,76.8,fridge,sealed_container,82.8,7.26
Orange,5.9,81.4,fridge,plastic_wrap,89.1,5.82
Orange,4.9,88.5,fridge,perforated_bag,62.9,4.92
Orange,19.7,40.6,pantry,perforated_bag,57.9,0.14
Orange,2.7,86.7,fridge,sealed_container,60.0,7.0
Orange,20.3,40.6,pantry,sealed_container,86.3,0.27
Orange,15.1,56.2,pantry,sealed_container,77.9,0.43
Orange,21.7,29.2,counter,sealed_container,59.5,0.18
Orange,24.2,43.2,counter,unpackaged,91.2,0.23
Orange,3.2,88.6,fridge,sealed_container,76.2,13.21
Orange,27.2,55.9,counter,perforated_bag,94.2,0.27
Orange,21.8,29.2,pantry,unpackaged,57.9,0.11
Orange,4.0,89.1,fridge,unpackaged,85.8,7.55
Orange,3.9,84.0,fridge,perforated_bag,62.2,4.11
Orange,21.2,71.2,pantry,plastic_wrap,75.6,0.58
Orange,2.6,95.1,fridge,perforated_bag,73.8,9.9
Orange,25.7,67.7,pantry,perforated_bag,62.2,0.25
Orange,17.9,53.8,pantry,plastic_wrap,63.0,0.31
Orange,3.4,90.1,fridge,plastic_wrap,87.7,10.2
Orange,22.4,41.1,pantry,plastic_wrap,55.9,0.12
Orange,19.2,59.4,pantry,perforated_bag,88.5,0.46
Orange,4.2,88.1,fridge,plastic_wrap,82.1,7.09
Orange,20.2,69.2,pantry,plastic_wrap,76.5,0.74
Orange,3.5,98.4,fridge,unpackaged,57.9,3.4
Orange,3.0,90.8,fridge,unpackaged,86.8,6.58
Orange,3.2,91.4,fridge,unpackaged,63.7,5.17
Orange,2.9,81.3,fridge,unpackaged,81.3,6.98
Orange,7.3,81.0,fridge,sealed_container,80.7,6.5
Orange,2.2,91.7,fridge,plastic_wrap,46.6,1.82
Orange,4.3,79.6,fridge,sealed_container,89.8,9.69
Orange,4.4,81.7,fridge,unpackaged,53.8,2.48
Orange,26.5,21.3,counter,plastic_wrap,58.1,0.08
Orange,5.1,88.5,fridge,perforated_bag,47.5,2.09
Orange,1.3,91.9,fridge,unpackaged,87.2,11.65
Orange,6.4,81.1,fridge,sealed_container,59.2,3.76
Orange,32.1,53.4,counter,unpackaged,81.4,0.09
Orange,3.1,89.5,fridge,sealed_container,81.0,11.55
Orange,4.2,97.9,fridge,plastic_wrap,85.0,9.11
Orange,21.8,74.7,pantry,unpackaged,89.3,0.98
Orange,4.2,86.0,fridge,perforated_bag,84.6,9.81
Orange,18.5,51.7,pantry,unpackaged,56.5,0.13
Orange,4.5,94.3,fridge,unpackaged,47.4,1.97
Orange,23.8,50.6,pantry,unpackaged,55.1,0.08
Orange,6.4,87.4,fridge,perforated_bag,74.7,5.92
Orange,3.7,80.9,fridge,perforated_bag,54.9,3.95
Orange,29.7,56.4,counter,plastic_wrap,75.0,0.13
Orange,4.0,83.6,fridge,sealed_container,60.4,5.96
Orange,0.5,91.5,fridge,sealed_container,83.5,18.4
Orange,1.5,86.6,fridge,perforated_bag,71.2,9.57
Orange,4.5,88.2,fridge,perforated_bag,77.1,8.26
Orange,17.8,57.8,counter,unpackaged,82.1,0.27
Orange,5.6,84.2,fridge,plastic_wrap,80.7,7.02
Orange,3.9,81.0,fridge,unpackaged,74.8,4.66
Orange,16.2,55.8,pantry,unpackaged,60.1,0.18
Orange,5.3,91.5,fridge,unpackaged,86.9,6.94
Orange,1.3,90.6,fridge,perforated_bag,69.5,7.62
Orange,24.9,53.5,counter,sealed_container,66.7,0.13
Orange,5.5,82.4,fridge,unpackaged,68.2,3.9
Orange,4.7,77.5,fridge,plastic_wrap,72.1,4.52
Orange,5.0,92.3,fridge,perforated_bag,68.3,6.68
Orange,23.6,53.6,counter,sealed_container,61.5,0.15
Orange,4.1,83.7,fridge,plastic_wrap,64.7,5.8
Orange,22.7,57.1,counter,perforated_bag,85.7,0.27
Orange,0.9,80.2,fridge,unpackaged,84.6,6.42
Orange,4.4,90.1,fridge,unpackaged,85.7,7.93
Orange,5.0,87.1,fridge,unpackaged,93.8,9.33
Orange,3.5,86.3,fridge,perforated_bag,67.5,8.4
Orange,5.3,88.2,fridge,perforated_bag,80.4,9.55
Orange,2.1,88.7,fridge,perforated_bag,98.6,13.6
Orange,2.7,91.0,fridge,sealed_container,78.6,11.68
Orange,7.6,89.5,fridge,unpackaged,75.1,5.57
Orange,20.9,28.0,counter,plastic_wrap,76.6,0.23
Orange,1.6,85.9,fridge,plastic_wrap,56.4,5.43
Orange,21.2,72.9,pantry,plastic_wrap,74.6,0.66
Orange,1.9,88.8,fridge,sealed_container,86.7,15.67
Orange,28.2,57.9,counter,sealed_container,79.9,0.17
Orange,19.3,58.0,pantry,sealed_container,83.0,0.4
Orange,4.8,90.2,fridge,sealed_container,93.0,13.73
Orange,4.4,86.2,fridge,sealed_container,72.3,8.71
Orange,5.5,84.0,fridge,plastic_wrap,70.0,5.69
Orange,5.8,80.2,fridge,sealed_container,82.1,9.07
Orange,2.9,76.8,fridge,unpackaged,63.7,3.91
Orange,20.0,57.2,pantry,sealed_container,68.6,0.23
Orange,2.8,78.6,fridge,perforated_bag,74.0,7.35
Orange,4.9,93.1,fridge,sealed_container,67.7,7.79
Orange,15.9,53.9,pantry,plastic_wrap,83.9,0.61
Orange,0.5,92.1,fridge,unpackaged,75.6,10.57
Orange,18.7,67.0,pantry,unpackaged,76.4,0.49
Orange,4.4,88.1,fridge,plastic_wrap,94.2,13.15
Orange,4.7,87.4,fridge,plastic_wrap,74.2,5.46
Orange,5.6,80.7,fridge,unpackaged,64.2,3.25
Orange,33.5,35.3,counter,plastic_wrap,85.7,0.09
Orange,3.3,100.0,fridge,plastic_wrap,65.8,4.8
Orange,4.4,88.3,fridge,plastic_wrap,90.9,8.06
Orange,21.1,53.1,pantry,plastic_wrap,92.9,0.29
Orange,5.2,86.5,fridge,sealed_container,48.5,3.18
Orange,21.2,63.0,pantry,sealed_container,86.3,0.27
Orange,25.8,32.1,pantry,plastic_wrap,93.9,0.22
Orange,27.0,47.5,counter,perforated_bag,59.4,0.12
Orange,5.6,86.4,fridge,plastic_wrap,80.6,8.76
Orange,0.4,90.7,fridge,sealed_container,86.4,15.1
Orange,3.5,100.0,fridge,sealed_container,91.7,10.28
Orange,25.0,54.8,counter,sealed_container,92.7,0.28
Orange,22.3,45.7,counter,perforated_bag,60.5,0.11
Orange,5.1,93.4,fridge,sealed_container,88.4,10.93
Orange,27.0,37.2,counter,unpackaged,84.9,0.13
Orange,4.3,79.6,fridge,plastic_wrap,77.0,6.23
Orange,2.7,90.5,fridge,perforated_bag,53.8,3.93
Orange,22.1,57.6,counter,sealed_container,70.7,0.21
Orange,4.0,87.7,fridge,sealed_container,93.8,10.7
Orange,23.4,52.2,counter,sealed_container,84.8,0.32
Orange,3.8,93.2,fridge,sealed_container,53.4,3.17
Orange,4.1,80.9,fridge,plastic_wrap,86.8,7.65
Orange,3.2,86.6,fridge,plastic_wrap,75.7,9.13
Orange,18.0,41.8,counter,unpackaged,62.3,0.23
Orange,25.4,50.6,pantry,plastic_wrap,91.6,0.18
Orange,4.2,80.5,fridge,sealed_container,84.0,7.65
Orange,5.9,88.1,fridge,unpackaged,95.2,8.4
Orange,3.2,93.8,fridge,sealed_container,75.7,8.76
Orange,18.3,60.5,pantry,plastic_wrap,81.3,0.39
Orange,22.6,50.5,counter,plastic_wrap,90.6,0.28
Papaya,4.2,89.5,fridge,unpackaged,76.5,4.0
Papaya,3.3,93.4,fridge,perforated_bag,76.7,5.74
Papaya,3.7,92.4,fridge,plastic_wrap,83.2,5.15
Papaya,3.9,92.4,fridge,plastic_wrap,64.1,4.92
Papaya,20.7,57.9,pantry,unpackaged,56.8,0.09
Papaya,6.8,84.8,fridge,perforated_bag,78.5,4.27
Papaya,18.4,53.1,counter,perforated_bag,79.6,0.23
Papaya,24.1,45.3,counter,sealed_container,92.2,0.16
Papaya,20.2,53.6,pantry,unpackaged,89.4,0.23
Papaya,4.5,98.3,fridge,plastic_wrap,59.3,2.05
Papaya,18.3,37.0,pantry,sealed_container,73.1,0.21
Papaya,21.9,51.6,counter,unpackaged,83.7,0.11
Papaya,26.2,52.1,pantry,plastic_wrap,73.3,0.08
Papaya,16.3,64.3,pantry,sealed_container,72.9,0.24
Papaya,18.3,55.7,pantry,sealed_container,82.9,0.25
Papaya,3.4,83.0,fridge,perforated_bag,85.4,5.19
Papaya,4.9,80.0,fridge,sealed_container,88.7,3.31
Papaya,20.7,42.5,counter,sealed_container,79.3,0.15
Papaya,27.2,48.9,counter,plastic_wrap,62.7,0.07
Papaya,2.9,96.6,fridge,plastic_wrap,81.6,4.41
Papaya,17.2,37.4,counter,perforated_bag,90.2,0.36
Papaya,2.4,95.5,fridge,sealed_container,86.9,5.44
Papaya,25.2,69.9,counter,perforated_bag,76.6,0.15
Papaya,18.4,44.6,pantry,sealed_container,68.9,0.21
Papaya,3.9,89.7,fridge,sealed_container,87.8,6.29
Papaya,2.5,91.7,fridge,unpackaged,59.1,2.77
Papaya,6.3,91.6,fridge,plastic_wrap,65.3,4.01
Papaya,3.6,90.8,fridge,unpackaged,71.7,3.96
Papaya,25.5,37.1,counter,sealed_container,88.7,0.11
Papaya,5.0,83.9,fridge,perforated_bag,94.2,7.18
Papaya,2.2,89.7,fridge,plastic_wrap,85.8,8.99
Papaya,27.7,43.2,counter,plastic_wrap,71.8,0.08
Papaya,5.6,87.2,fridge,unpackaged,66.8,4.16
Papaya,21.3,26.8,counter,sealed_container,60.2,0.11
Papaya,17.7,57.7,pantry,plastic_wrap,76.5,0.23
Papaya,18.9,51.0,pantry,sealed_container,90.9,0.29
Papaya,4.2,87.1,fridge,plastic_wrap,73.5,5.19
Papaya,28.9,42.6,counter,unpackaged,92.7,0.09
Papaya,4.9,89.4,fridge,unpackaged,49.4,1.65
Papaya,15.3,41.9,counter,plastic_wrap,65.7,0.2
Papaya,23.4,51.2,counter,sealed_container,59.2,0.1
Papaya,3.4,76.6,fridge,perforated_bag,78.1,3.44
Papaya,22.1,58.8,counter,unpackaged,89.1,0.12
Papaya,5.6,86.5,fridge,sealed_container,82.0,5.36
Papaya,19.3,43.0,pantry,unpackaged,84.4,0.2
Papaya,22.8,29.7,counter,sealed_container,65.0,0.09
Papaya,3.8,88.6,fridge,perforated_bag,90.0,7.08
Papaya,4.8,78.5,fridge,plastic_wrap,72.7,3.18
Papaya,20.8,49.1,pantry,sealed_container,81.4,0.19
Papaya,4.3,95.4,fridge,perforated_bag,83.5,5.1
Papaya,4.8,87.9,fridge,perforated_bag,79.5,5.56
Papaya,4.1,89.5,fridge,sealed_container,66.8,4.42
Papaya,4.7,92.5,fridge,perforated_bag,75.4,3.6
Papaya,18.0,43.6,pantry,sealed_container,83.9,0.27
Papaya,4.2,83.9,fridge,sealed_container,76.4,4.15
Papaya,5.2,95.5,fridge,unpackaged,91.0,3.3
Papaya,19.2,64.2,pantry,sealed_container,92.1,0.21
Papaya,4.8,83.6,fridge,plastic_wrap,74.8,6.02
Papaya,5.2,84.7,fridge,sealed_container,57.8,2.96
Papaya,3.3,88.4,fridge,plastic_wrap,77.9,4.96
Papaya,4.8,89.4,fridge,sealed_container,94.3,4.71
Papaya,20.5,35.4,counter,unpackaged,59.1,0.09
Papaya,23.0,42.7,counter,sealed_container,85.2,0.15
Papaya,7.2,81.2,fridge,plastic_wrap,72.3,3.0
Papaya,3.0,84.1,fridge,unpackaged,71.7,5.89
Papaya,1.4,98.3,fridge,plastic_wrap,73.9,3.77
Papaya,1.9,89.9,fridge,sealed_container,57.3,3.74
Papaya,4.3,96.0,fridge,plastic_wrap,92.1,4.76
Papaya,3.0,90.9,fridge,plastic_wrap,64.3,3.85
Papaya,19.6,44.7,counter,sealed_container,57.5,0.09
Papaya,8.7,93.6,fridge,unpackaged,81.8,3.07
Papaya,6.0,94.7,fridge,perforated_bag,75.5,4.54
Papaya,23.0,65.4,counter,unpackaged,77.8,0.12
Papaya,25.8,47.2,counter,perforated_bag,78.6,0.13
Papaya,17.5,65.1,pantry,perforated_bag,84.6,0.32
Papaya,4.8,95.0,fridge,sealed_container,79.4,4.31
Papaya,17.2,52.7,pantry,sealed_container,66.4,0.21
Papaya,4.3,87.4,fridge,perforated_bag,97.9,8.74
Papaya,3.9,86.9,fridge,perforated_bag,89.3,7.87
Papaya,4.3,92.7,fridge,plastic_wrap,68.6,3.92
Papaya,4.4,86.1,fridge,plastic_wrap,68.5,4.66
Papaya,5.6,95.2,fridge,sealed_container,88.1,4.32
Papaya,4.4,90.3,fridge,unpackaged,88.1,6.6
Papaya,2.6,87.8,fridge,plastic_wrap,52.5,1.93
Papaya,19.7,49.0,counter,plastic_wrap,85.3,0.22
Papaya,8.2,89.5,fridge,perforated_bag,65.6,2.87
Papaya,2.0,93.5,fridge,unpackaged,86.0,4.52
Papaya,2.9,88.8,fridge,perforated_bag,82.6,5.85
Papaya,2.2,84.7,fridge,unpackaged,77.7,5.66
Papaya,3.0,84.7,fridge,unpackaged,68.4,4.29
Papaya,24.3,27.5,counter,plastic_wrap,65.8,0.1
Papaya,3.2,89.3,fridge,sealed_container,65.3,3.85
Papaya,24.2,33.1,counter,unpackaged,55.7,0.08
Papaya,4.2,89.3,fridge,sealed_container,91.3,5.55
Papaya,4.7,98.4,fridge,plastic_wrap,77.1,3.48
Papaya,16.2,45.0,pantry,sealed_container,71.3,0.27
Papaya,3.7,96.4,fridge,plastic_wrap,76.5,4.26
Papaya,20.6,24.5,counter,sealed_container,68.6,0.15
Papaya,5.5,81.2,fridge,plastic_wrap,87.6,3.71
Papaya,28.9,44.9,counter,plastic_wrap,85.2,0.09
Papaya,19.1,51.5,pantry,unpackaged,75.4,0.2
Papaya,6.4,85.5,fridge,perforated_bag,69.9,4.52
Papaya,19.4,34.4,pantry,plastic_wrap,92.6,0.27
Papaya,1.5,90.3,fridge,sealed_container,73.8,7.03
Papaya,3.3,81.4,fridge,sealed_container,59.2,3.35
Papaya,5.2,90.2,fridge,perforated_bag,64.2,3.99
Papaya,32.6,47.6,counter,sealed_container,50.6,0.02
Papaya,3.7,93.7,fridge,unpackaged,76.2,5.57
Papaya,20.9,57.5,pantry,perforated_bag,76.8,0.15
Papaya,26.0,68.6,pantry,unpackaged,97.7,0.16
Papaya,2.9,84.3,fridge,plastic_wrap,92.3,9.28
Papaya,5.2,89.5,fridge,perforated_bag,63.3,2.72
Papaya,3.4,87.8,fridge,sealed_container,77.1,4.52
Papaya,1.8,82.2,fridge,plastic_wrap,71.4,4.12
Papaya,2.6,78.7,fridge,perforated_bag,77.5,5.64
Papaya,15.6,60.7,pantry,plastic_wrap,85.9,0.34
Papaya,2.5,93.2,fridge,plastic_wrap,62.3,3.9
Papaya,17.9,50.6,pantry,sealed_container,84.2,0.25
Papaya,15.5,61.6,pantry,plastic_wrap,64.1,0.19
Papaya,25.6,43.4,counter,plastic_wrap,59.7,0.08
Papaya,4.0,90.1,fridge,plastic_wrap,85.6,7.66
Papaya,4.7,96.3,fridge,plastic_wrap,69.6,2.99
Papaya,18.2,71.4,counter,plastic_wrap,84.6,0.43
Papaya,5.4,82.5,fridge,plastic_wrap,51.9,1.97
Papaya,22.1,58.4,counter,sealed_container,80.8,0.14
Papaya,3.3,91.6,fridge,plastic_wrap,73.3,4.41
Papaya,17.2,63.8,pantry,perforated_bag,89.0,0.33
Papaya,18.6,67.4,pantry,sealed_container,80.6,0.18
Papaya,19.5,63.6,counter,unpackaged,82.3,0.24
Papaya,14.9,47.0,pantry,perforated_bag,56.2,0.18
Papaya,2.1,87.4,fridge,perforated_bag,76.9,6.31
Papaya,2.9,88.0,fridge,plastic_wrap,84.3,7.77
Papaya,3.7,88.8,fridge,unpackaged,72.5,4.73
Papaya,4.1,86.7,fridge,unpackaged,78.2,3.92
Papaya,5.3,92.1,fridge,unpackaged,82.5,5.0
Papaya,22.5,46.4,counter,sealed_container,74.1,0.16
Papaya,19.0,50.9,pantry,plastic_wrap,65.8,0.17
Papaya,6.0,87.1,fridge,sealed_container,69.2,3.79
Papaya,6.5,85.8,fridge,perforated_bag,81.5,3.79
Papaya,3.0,88.0,fridge,perforated_bag,65.2,4.82
Papaya,20.7,64.0,pantry,unpackaged,74.7,0.15
Papaya,4.0,83.8,fridge,perforated_bag,88.3,7.13
Papaya,21.2,45.6,pantry,sealed_container,82.4,0.17
Papaya,22.4,42.2,counter,plastic_wrap,92.2,0.16
Papaya,5.6,92.1,fridge,plastic_wrap,78.4,3.77
Papaya,3.6,91.8,fridge,unpackaged,63.4,3.24
Papaya,24.1,39.7,counter,sealed_container,57.7,0.08
Papaya,3.4,91.3,fridge,perforated_bag,80.0,6.98
Papaya,19.1,66.3,counter,unpackaged,83.6,0.18
Papaya,6.9,80.5,fridge,perforated_bag,82.5,4.79
Papaya,4.6,79.6,fridge,plastic_wrap,78.9,3.62
Papaya,1.7,91.3,fridge,plastic_wrap,76.4,8.17
Papaya,5.2,91.5,fridge,perforated_bag,76.9,4.89
Papaya,2.1,90.7,fridge,sealed_container,84.0,6.5
Papaya,21.7,48.8,pantry,sealed_container,77.9,0.14
Papaya,5.5,91.9,fridge,sealed_container,94.8,4.58
Papaya,2.2,92.0,fridge,sealed_container,82.8,5.25
Papaya,23.1,56.0,pantry,perforated_bag,69.6,0.12
Papaya,5.4,84.4,fridge,perforated_bag,79.1,5.65
Papaya,6.5,88.4,fridge,sealed_container,81.5,4.47
Papaya,23.3,49.6,counter,unpackaged,61.4,0.06
Papaya,21.0,58.7,pantry,plastic_wrap,71.2,0.12
Papaya,24.0,57.2,pantry,plastic_wrap,79.1,0.15
Papaya,3.5,93.9,fridge,plastic_wrap,73.4,4.24
Papaya,6.9,88.1,fridge,sealed_container,59.2,2.29
Papaya,3.5,88.7,fridge,plastic_wrap,76.7,7.77
Papaya,20.0,66.9,pantry,plastic_wrap,80.1,0.15
Papaya,27.5,51.8,pantry,unpackaged,77.4,0.07
Papaya,19.8,76.1,pantry,unpackaged,93.9,0.83
Papaya,3.0,90.6,fridge,plastic_wrap,84.7,8.42
Papaya,4.5,94.7,fridge,unpackaged,77.8,3.44
Papaya,3.3,82.2,fridge,sealed_container,86.9,5.63
Papaya,3.8,95.6,fridge,perforated_bag,81.3,5.39
Papaya,26.5,53.1,counter,sealed_container,58.4,0.05
Papaya,30.2,33.2,counter,unpackaged,96.1,0.09
Papaya,3.5,86.3,fridge,perforated_bag,91.7,9.29
Papaya,21.4,49.3,counter,unpackaged,86.1,0.18
Papaya,4.8,87.2,fridge,plastic_wrap,90.3,7.81
Papaya,5.3,95.2,fridge,unpackaged,86.2,3.44
Papaya,1.6,91.4,fridge,plastic_wrap,71.6,6.11
Papaya,22.5,61.6,counter,plastic_wrap,66.0,0.16
Papaya,0.8,82.5,fridge,perforated_bag,82.4,8.0
Papaya,3.8,84.1,fridge,sealed_container,66.9,4.74
Papaya,17.1,54.8,pantry,perforated_bag,83.2,0.34
Papaya,3.7,95.3,fridge,perforated_bag,78.6,5.43
Papaya,5.0,95.8,fridge,plastic_wrap,77.7,4.12
Papaya,3.5,91.8,fridge,unpackaged,91.8,7.71
Papaya,26.4,34.3,counter,plastic_wrap,84.5,0.13
Papaya,0.0,91.1,fridge,unpackaged,50.6,2.38
Papaya,1.4,78.9,fridge,sealed_container,80.3,5.23
Papaya,25.5,54.4,counter,plastic_wrap,84.5,0.14
Papaya,22.9,58.7,counter,sealed_container,89.3,0.12
Papaya,19.1,66.6,pantry,sealed_container,73.7,0.15
Papaya,5.4,79.1,fridge,unpackaged,90.3,4.5
Papaya,20.3,60.1,pantry,perforated_bag,64.1,0.11
Papaya,17.6,57.1,pantry,unpackaged,79.0,0.27
Papaya,4.3,86.4,fridge,sealed_container,80.6,5.55
Papaya,4.8,83.3,fridge,unpackaged,64.9,3.28
Papaya,1.1,87.9,fridge,sealed_container,73.6,7.04
Papaya,5.2,89.9,fridge,sealed_container,60.6,3.19
Papaya,5.7,84.8,fridge,unpackaged,76.4,3.08
Papaya,21.6,39.5,counter,perforated_bag,88.5,0.23
Papaya,25.5,24.9,counter,plastic_wrap,72.8,0.11
Papaya,32.3,52.3,counter,perforated_bag,84.0,0.09
Papaya,5.0,89.6,fridge,sealed_container,81.0,4.96
Papaya,24.1,42.8,counter,unpackaged,78.2,0.12
Papaya,25.1,39.2,counter,plastic_wrap,62.5,0.08
Papaya,5.4,88.4,fridge,sealed_container,81.5,5.28
Papaya,5.0,85.6,fridge,unpackaged,61.9,2.89
Papaya,20.2,73.7,pantry,plastic_wrap,75.1,0.47
Papaya,25.5,32.7,counter,perforated_bag,67.4,0.09
Papaya,25.7,39.9,counter,perforated_bag,83.5,0.12
Papaya,4.9,89.1,fridge,sealed_container,52.9,1.72
Papaya,4.8,86.2,fridge,plastic_wrap,86.3,7.6
Papaya,3.1,86.4,fridge,unpackaged,55.4,2.65
Papaya,4.6,91.9,fridge,sealed_container,61.7,3.38
Papaya,18.1,64.1,pantry,unpackaged,88.6,0.29
Papaya,3.8,85.3,fridge,sealed_container,72.5,4.29
Papaya,4.4,89.4,fridge,unpackaged,48.6,1.72
Papaya,4.6,87.1,fridge,unpackaged,95.6,5.96
Papaya,4.2,86.7,fridge,perforated_bag,60.8,3.98
Papaya,3.7,85.5,fridge,sealed_container,78.5,5.21
Papaya,20.2,62.5,counter,unpackaged,90.4,0.18
Papaya,2.6,89.9,fridge,unpackaged,63.1,3.72
Papaya,7.2,82.7,fridge,plastic_wrap,76.3,4.24
Papaya,2.9,91.0,fridge,perforated_bag,84.4,7.09
Papaya,6.3,83.2,fridge,perforated_bag,79.4,3.32
Papaya,2.5,85.8,fridge,sealed_container,90.7,7.14
Papaya,6.6,75.1,fridge,sealed_container,73.2,1.38
Papaya,17.4,63.7,counter,sealed_container,75.1,0.17
Papaya,3.7,84.5,fridge,unpackaged,79.6,5.82
Papaya,3.4,92.9,fridge,perforated_bag,90.5,8.2
Papaya,3.6,88.2,fridge,plastic_wrap,85.4,6.83
Papaya,4.6,84.0,fridge,unpackaged,83.9,4.42
Papaya,3.0,94.1,fridge,plastic_wrap,81.0,6.86
Papaya,5.5,88.7,fridge,plastic_wrap,89.6,7.01
Papaya,1.7,89.0,fridge,perforated_bag,69.9,8.54
Papaya,23.0,60.1,pantry,unpackaged,76.0,0.12
Papaya,3.2,74.3,fridge,plastic_wrap,83.3,2.48
Papaya,4.8,92.4,fridge,sealed_container,66.2,2.9
Papaya,4.9,94.7,fridge,perforated_bag,88.7,5.35
Papaya,2.6,100.0,fridge,plastic_wrap,83.4,3.87
Papaya,15.9,44.3,pantry,perforated_bag,72.0,0.37
Papaya,6.3,86.7,fridge,plastic_wrap,92.9,5.79
Papaya,4.7,86.0,fridge,sealed_container,80.5,5.3
Papaya,21.7,66.8,pantry,unpackaged,95.6,0.21
Papaya,26.6,56.6,counter,sealed_container,49.3,0.03
Papaya,3.6,92.5,fridge,perforated_bag,63.0,4.19
Papaya,17.5,57.3,pantry,sealed_container,84.3,0.3
Papaya,4.1,86.7,fridge,plastic_wrap,68.5,5.15
Papaya,21.3,38.8,counter,perforated_bag,96.1,0.27
Papaya,20.2,83.3,counter,unpackaged,89.2,1.27
Papaya,5.5,87.6,fridge,sealed_container,91.2,6.58
Papaya,24.7,57.7,pantry,sealed_container,68.4,0.09
Papaya,22.1,29.4,counter,sealed_container,51.8,0.06
Papaya,20.6,36.0,counter,sealed_container,82.3,0.18
Papaya,25.1,50.8,pantry,plastic_wrap,56.5,0.07
Papaya,5.3,86.7,fridge,sealed_container,59.9,3.04
Papaya,16.7,48.8,pantry,plastic_wrap,85.7,0.39
Papaya,2.8,97.2,fridge,sealed_container,68.9,3.4
Papaya,18.6,65.4,pantry,sealed_container,74.0,0.2
Papaya,16.9,55.9,counter,unpackaged,81.3,0.27
Papaya,17.3,69.7,pantry,sealed_container,84.9,0.35
Papaya,26.4,51.7,counter,plastic_wrap,90.3,0.16
Papaya,19.3,69.7,pantry,plastic_wrap,55.5,0.15
Papaya,16.1,62.3,pantry,perforated_bag,52.1,0.14
Papaya,4.7,78.8,fridge,perforated_bag,75.3,4.84
Papaya,3.0,88.7,fridge,perforated_bag,93.4,10.56
Papaya,28.2,43.2,counter,unpackaged,77.7,0.08
Papaya,3.6,89.8,fridge,perforated_bag,63.3,5.17
Papaya,21.2,63.8,pantry,perforated_bag,87.9,0.19
Papaya,4.6,94.9,fridge,perforated_bag,90.7,5.26
Papaya,16.5,40.1,counter,perforated_bag,65.4,0.21
Papaya,2.6,84.7,fridge,perforated_bag,70.0,4.51
Papaya,17.6,38.2,pantry,sealed_container,84.6,0.23
Papaya,23.0,35.3,counter,perforated_bag,86.8,0.21
Papaya,3.5,93.1,fridge,sealed_container,66.2,3.58
Papaya,6.2,95.5,fridge,sealed_container,62.5,2.52
Papaya,5.7,88.5,fridge,unpackaged,92.8,6.09
Papaya,3.4,91.8,fridge,sealed_container,88.3,6.19
Papaya,4.3,86.6,fridge,unpackaged,67.1,3.54
Papaya,4.2,81.9,fridge,sealed_container,89.2,4.97
Papaya,6.7,86.2,fridge,sealed_container,65.9,2.89
Papaya,18.3,55.5,pantry,plastic_wrap,66.0,0.16
Papaya,0.4,94.3,fridge,unpackaged,51.0,2.08
Papaya,2.4,90.6,fridge,unpackaged,64.2,3.5
Papaya,26.2,40.5,counter,sealed_container,90.1,0.13
Papaya,3.1,90.3,fridge,unpackaged,65.9,3.56
Papaya,28.2,57.9,pantry,perforated_bag,69.5,0.08
Papaya,4.5,84.8,fridge,sealed_container,67.1,3.7
Papaya,19.1,34.3,counter,unpackaged,79.0,0.17
Papaya,3.1,92.2,fridge,unpackaged,88.7,6.62
Papaya,32.0,34.8,counter,sealed_container,86.8,0.08
Papaya,23.5,42.1,pantry,sealed_container,81.1,0.13
Papaya,24.2,36.1,counter,perforated_bag,88.4,0.13
Papaya,3.9,90.2,fridge,perforated_bag,86.0,9.13
Papaya,5.1,89.8,fridge,unpackaged,84.8,4.9
Papaya,6.9,87.6,fridge,sealed_container,81.1,4.63
Papaya,26.6,46.9,counter,unpackaged,89.0,0.12
Papaya,5.8,77.9,fridge,perforated_bag,68.8,2.42
Papaya,4.4,83.7,fridge,perforated_bag,61.0,3.82
Papaya,3.3,86.8,fridge,unpackaged,81.3,7.45
Papaya,25.8,71.4,counter,sealed_container,73.4,0.17
Papaya,22.0,51.4,pantry,perforated_bag,89.4,0.27
Papaya,14.3,40.5,pantry,perforated_bag,81.2,0.33
Papaya,6.0,89.1,fridge,plastic_wrap,85.5,4.55
Papaya,25.2,49.3,pantry,unpackaged,78.9,0.09
Papaya,2.8,100.0,fridge,plastic_wrap,89.8,2.89
Papaya,6.9,82.3,fridge,unpackaged,64.0,2.51
Papaya,27.1,46.0,counter,sealed_container,76.6,0.1
Papaya,21.3,43.0,counter,perforated_bag,83.0,0.22
Papaya,2.5,92.2,fridge,perforated_bag,77.0,7.79
Papaya,25.0,67.3,pantry,perforated_bag,86.0,0.2
Papaya,5.5,93.7,fridge,unpackaged,61.4,2.5
Papaya,2.3,88.8,fridge,unpackaged,85.9,6.27
Papaya,30.8,46.9,counter,unpackaged,81.9,0.07
Papaya,22.9,49.8,pantry,perforated_bag,94.5,0.19
Papaya,1.8,85.8,fridge,plastic_wrap,86.8,7.63
Papaya,30.5,67.0,counter,unpackaged,76.2,0.06
Papaya,2.3,88.4,fridge,unpackaged,67.6,3.78
Papaya,3.5,89.2,fridge,sealed_container,86.3,7.94
Papaya,2.6,89.2,fridge,perforated_bag,72.1,4.95
Papaya,3.7,92.3,fridge,sealed_container,90.1,6.32
Papaya,5.2,94.9,fridge,plastic_wrap,69.4,3.2
Papaya,27.2,44.5,counter,perforated_bag,76.0,0.09
Papaya,1.2,88.5,fridge,perforated_bag,86.8,10.98
Papaya,4.5,82.5,fridge,unpackaged,75.5,3.1
Papaya,2.6,92.9,fridge,sealed_container,80.2,7.09
Papaya,3.2,88.7,fridge,perforated_bag,80.6,7.25
Papaya,0.8,85.1,fridge,sealed_container,60.6,4.04
Papaya,5.7,85.8,fridge,sealed_container,69.3,2.66
Papaya,4.3,81.2,fridge,sealed_container,98.6,5.81
Papaya,1.8,84.4,fridge,sealed_container,66.5,3.57
Papaya,5.1,84.4,fridge,sealed_container,91.2,5.14
Papaya,17.6,57.8,pantry,unpackaged,60.5,0.15
Papaya,1.8,85.4,fridge,sealed_container,58.1,2.99
Papaya,4.4,89.4,fridge,plastic_wrap,92.2,5.73
Papaya,4.9,94.3,fridge,perforated_bag,78.6,4.77
Papaya,4.3,80.0,fridge,perforated_bag,89.4,4.04
Papaya,5.3,79.2,fridge,sealed_container,67.4,1.97
Papaya,32.1,36.2,counter,unpackaged,82.9,0.06
Papaya,7.5,78.9,fridge,unpackaged,74.0,2.05
Papaya,5.3,83.1,fridge,perforated_bag,63.9,2.71
Papaya,5.1,85.8,fridge,sealed_container,82.8,6.41
Papaya,29.4,20.0,counter,perforated_bag,54.3,0.03
Papaya,3.7,81.3,fridge,perforated_bag,75.4,4.64
Papaya,2.9,85.8,fridge,perforated_bag,81.8,7.6
Papaya,4.6,85.5,fridge,unpackaged,92.8,7.23
Papaya,16.6,55.2,pantry,perforated_bag,64.9,0.21
Papaya,4.7,86.1,fridge,plastic_wrap,70.8,4.17
Papaya,4.8,89.1,fridge,perforated_bag,67.3,4.58
Papaya,4.0,85.9,fridge,unpackaged,84.9,5.38
Papaya,5.0,90.1,fridge,unpackaged,76.0,3.92
Papaya,4.9,93.0,fridge,perforated_bag,93.7,5.62
Papaya,23.8,33.9,counter,sealed_container,71.7,0.12
Papaya,19.2,30.2,counter,sealed_container,87.5,0.23
Papaya,3.4,95.0,fridge,unpackaged,77.6,3.07
Papaya,24.4,45.9,counter,sealed_container,77.0,0.13
Papaya,18.2,51.3,pantry,unpackaged,75.8,0.24
Papaya,20.9,54.9,pantry,plastic_wrap,82.3,0.24
Papaya,21.5,55.1,pantry,perforated_bag,76.1,0.24
Papaya,19.5,71.3,pantry,unpackaged,77.6,0.28
Papaya,4.6,87.6,fridge,sealed_container,74.9,4.51
Papaya,5.4,80.6,fridge,perforated_bag,80.7,4.31
Papaya,4.7,97.3,fridge,perforated_bag,91.9,4.46
Papaya,22.4,44.0,pantry,unpackaged,88.0,0.16
Papaya,6.2,71.1,fridge,unpackaged,86.4,0.81
Papaya,3.0,86.8,fridge,unpackaged,56.7,2.96
Papaya,3.7,96.9,fridge,plastic_wrap,54.7,1.76
Papaya,3.3,96.0,fridge,sealed_container,68.9,2.59
Papaya,18.8,60.6,pantry,sealed_container,77.9,0.17
Papaya,22.8,35.0,pantry,sealed_container,87.4,0.18
Papaya,20.2,40.0,pantry,perforated_bag,72.2,0.19
Papaya,28.4,46.0,counter,perforated_bag,86.8,0.1
Papaya,26.2,48.0,pantry,unpackaged,79.8,0.12
Papaya,22.2,37.8,counter,perforated_bag,88.2,0.2
Papaya,20.1,67.9,pantry,perforated_bag,84.9,0.32
Papaya,5.2,84.1,fridge,plastic_wrap,89.1,5.98
Papaya,3.6,93.1,fridge,plastic_wrap,87.6,7.91
Papaya,1.1,87.3,fridge,perforated_bag,84.5,8.83
Papaya,28.1,40.1,counter,unpackaged,93.9,0.13
Papaya,4.2,77.8,fridge,unpackaged,82.6,2.43
Papaya,17.9,66.6,pantry,perforated_bag,75.8,0.19
Papaya,4.7,92.7,fridge,unpackaged,92.1,5.65
Papaya,5.0,92.5,fridge,plastic_wrap,58.6,2.08
Papaya,6.4,92.5,fridge,sealed_container,69.8,3.35
Papaya,20.7,42.0,pantry,perforated_bag,82.0,0.21
Papaya,22.5,46.0,counter,perforated_bag,62.4,0.12
Papaya,4.3,88.4,fridge,perforated_bag,89.3,8.56
Papaya,21.0,58.3,pantry,plastic_wrap,80.3,0.14
Papaya,1.2,88.9,fridge,unpackaged,53.3,2.6
Papaya,4.1,87.8,fridge,unpackaged,85.3,6.53
Papaya,23.6,53.9,pantry,unpackaged,90.5,0.14
Papaya,28.0,31.0,counter,plastic_wrap,79.8,0.12
Papaya,19.4,62.0,pantry,plastic_wrap,57.6,0.12
Papaya,3.6,82.4,fridge,sealed_container,68.0,3.98
Papaya,21.4,46.7,pantry,sealed_container,68.6,0.15
Papaya,21.0,51.1,counter,sealed_container,72.1,0.1
Papaya,3.4,93.2,fridge,unpackaged,67.8,3.41
Papaya,4.3,90.5,fridge,perforated_bag,83.0,6.63
Peach,6.2,81.4,fridge,sealed_container,59.8,0.8
Peach,2.7,92.1,fridge,perforated_bag,56.2,1.57
Peach,0.9,88.3,fridge,sealed_container,88.9,4.18
Peach,16.3,50.0,pantry,unpackaged,75.1,0.09
Peach,5.5,78.2,fridge,plastic_wrap,56.0,0.36
Peach,2.8,95.8,fridge,perforated_bag,52.6,1.19
Peach,3.4,87.9,fridge,perforated_bag,64.4,2.06
Peach,2.7,89.7,fridge,perforated_bag,64.4,2.68
Peach,22.1,34.6,pantry,plastic_wrap,79.3,0.06
Peach,15.4,61.1,pantry,unpackaged,77.8,0.08
Peach,3.8,78.1,fridge,unpackaged,79.9,0.99
Peach,2.7,90.6,fridge,sealed_container,87.4,2.71
Peach,14.6,62.7,counter,plastic_wrap,88.8,0.18
Peach,3.1,91.4,fridge,plastic_wrap,70.2,2.7
Peach,3.9,93.5,fridge,plastic_wrap,47.3,0.59
Peach,5.7,84.7,fridge,sealed_container,65.8,0.95
Peach,6.2,83.5,fridge,unpackaged,73.3,1.43
Peach,4.8,80.9,fridge,plastic_wrap,65.5,0.89
Peach,2.5,96.4,fridge,unpackaged,88.5,2.02
Peach,4.2,90.2,fridge,sealed_container,82.1,2.1
Peach,5.0,86.6,fridge,plastic_wrap,75.9,2.43
Peach,1.9,79.7,fridge,sealed_container,83.2,1.51
Peach,20.5,49.6,counter,sealed_container,64.2,0.04
Peach,5.0,90.5,fridge,sealed_container,68.9,1.38
Peach,4.4,81.4,fridge,unpackaged,79.8,1.22
Peach,18.1,47.9,pantry,plastic_wrap,89.3,0.16
Peach,19.2,43.1,counter,plastic_wrap,76.4,0.11
Peach,21.6,55.0,pantry,perforated_bag,67.4,0.06
Peach,23.0,20.0,counter,perforated_bag,64.8,0.04
Peach,3.5,92.9,fridge,sealed_container,62.4,1.14
Peach,2.7,81.9,fridge,unpackaged,74.9,1.7
Peach,2.6,91.2,fridge,sealed_container,89.2,2.86
Peach,3.8,85.6,fridge,plastic_wrap,72.8,1.86
Peach,4.7,93.5,fridge,sealed_container,86.2,2.05
Peach,21.8,49.1,counter,plastic_wrap,69.5,0.07
Peach,16.1,50.9,pantry,perforated_bag,89.0,0.2
Peach,2.9,85.2,fridge,sealed_container,93.2,3.3
Peach,5.6,86.8,fridge,plastic_wrap,67.5,1.14
Peach,3.4,91.3,fridge,unpackaged,73.8,2.06
Peach,3.7,92.3,fridge,unpackaged,93.8,3.1
Peach,5.1,89.7,fridge,sealed_container,69.1,2.14
Peach,3.4,90.3,fridge,plastic_wrap,54.5,1.25
Peach,25.6,44.3,counter,unpackaged,68.7,0.04
Peach,15.8,71.9,pantry,sealed_container,94.8,0.17
Peach,3.2,85.9,fridge,perforated_bag,85.1,2.47
Peach,3.5,82.2,fridge,unpackaged,95.0,1.88
Peach,2.9,88.4,fridge,unpackaged,81.7,2.5
Peach,17.2,48.9,counter,plastic_wrap,70.8,0.09
Peach,3.8,91.7,fridge,plastic_wrap,88.2,3.11
Peach,19.3,55.6,pantry,sealed_container,73.4,0.08
Peach,22.3,31.3,counter,perforated_bag,80.3,0.08
Peach,5.5,82.2,fridge,perforated_bag,84.6,1.43
Peach,3.7,92.0,fridge,sealed_container,85.2,2.17
Peach,22.3,53.2,pantry,unpackaged,92.6,0.08
Peach,2.6,84.6,fridge,sealed_container,63.3,1.32
Peach,25.9,56.7,counter,sealed_container,52.8,0.02
Peach,0.8,97.8,fridge,unpackaged,86.2,1.9
Peach,20.5,44.6,pantry,perforated_bag,81.5,0.11
Peach,3.8,84.2,fridge,perforated_bag,52.8,0.84
Peach,1.6,88.1,fridge,sealed_container,63.6,2.19
Peach,4.1,87.6,fridge,unpackaged,81.9,2.21
Peach,5.8,85.2,fridge,sealed_container,80.4,2.13
Peach,19.2,67.4,pantry,unpackaged,87.0,0.09
Peach,3.6,84.2,fridge,perforated_bag,78.9,2.01
Peach,19.1,37.8,pantry,sealed_container,57.1,0.06
Peach,2.8,88.9,fridge,unpackaged,53.6,1.22
Peach,2.2,92.8,fridge,sealed_container,78.3,2.79
Peach,16.1,40.0,pantry,sealed_container,75.0,0.1
Peach,19.6,55.5,pantry,unpackaged,84.2,0.09
Peach,2.5,86.0,fridge,unpackaged,86.9,2.48
Peach,22.0,62.5,counter,unpackaged,53.4,0.02
Peach,3.8,87.7,fridge,plastic_wrap,86.4,2.39
Peach,22.6,41.9,counter,plastic_wrap,78.3,0.07
Peach,4.5,84.4,fridge,perforated_bag,85.0,1.99
Peach,18.8,24.7,counter,sealed_container,66.9,0.07
Peach,1.4,89.0,fridge,sealed_container,88.1,3.24
Peach,0.6,95.4,fridge,plastic_wrap,70.4,2.27
Peach,21.4,47.6,pantry,plastic_wrap,79.7,0.08
Peach,4.4,82.7,fridge,unpackaged,81.6,1.47
Peach,4.6,89.9,fridge,sealed_container,80.8,2.46
Peach,3.1,87.3,fridge,perforated_bag,86.5,4.2
Peach,24.5,42.3,counter,perforated_bag,82.6,0.06
Peach,5.0,81.3,fridge,plastic_wrap,73.7,1.36
Peach,21.7,53.7,pantry,perforated_bag,86.5,0.11
Peach,20.1,76.3,pantry,plastic_wrap,89.7,0.18
Peach,3.0,82.5,fridge,sealed_container,63.1,1.05
Peach,3.9,87.2,fridge,perforated_bag,82.6,2.08
Peach,22.1,60.9,counter,unpackaged,61.2,0.04
Peach,12.7,64.0,pantry,plastic_wrap,86.9,0.16
Peach,6.3,89.5,fridge,sealed_container,80.8,1.9
Peach,2.0,76.6,fridge,sealed_container,64.3,0.42
Peach,3.6,87.9,fridge,plastic_wrap,66.6,1.55
Peach,3.2,88.0,fridge,plastic_wrap,89.2,3.14
Peach,4.6,91.4,fridge,perforated_bag,73.6,2.57
Peach,28.3,40.5,counter,unpackaged,86.5,0.05
Peach,1.9,98.5,fridge,sealed_container,59.3,0.83
Peach,5.4,82.9,fridge,plastic_wrap,75.4,1.28
Peach,18.6,45.1,pantry,unpackaged,53.0,0.04
Peach,20.7,55.1,counter,perforated_bag,95.4,0.09
Peach,3.2,91.0,fridge,unpackaged,54.6,0.88
Peach,3.2,86.5,fridge,perforated_bag,81.2,2.34
Peach,3.1,93.5,fridge,perforated_bag,95.5,3.2
Peach,22.5,57.5,counter,plastic_wrap,93.0,0.08
Peach,0.7,89.9,fridge,unpackaged,73.8,2.69
Peach,4.1,89.1,fridge,unpackaged,72.4,1.34
Peach,7.8,79.2,fridge,sealed_container,82.2,0.82
Peach,6.5,89.9,fridge,plastic_wrap,66.5,1.67
Peach,1.7,81.9,fridge,plastic_wrap,85.7,2.55
Peach,2.9,86.0,fridge,plastic_wrap,56.1,1.37
Peach,21.4,46.3,pantry,perforated_bag,87.9,0.09
Peach,3.5,90.6,fridge,sealed_container,70.6,1.67
Peach,2.7,79.8,fridge,perforated_bag,88.3,1.64
Peach,14.2,49.2,pantry,unpackaged,99.7,0.2
Peach,20.4,56.3,pantry,unpackaged,75.3,0.06
Peach,4.5,85.1,fridge,plastic_wrap,84.1,1.99
Peach,2.4,85.8,fridge,perforated_bag,96.6,3.49
Peach,0.6,97.2,fridge,sealed_container,52.3,0.95
Peach,3.9,81.8,fridge,unpackaged,73.0,1.1
Peach,20.1,55.5,pantry,unpackaged,86.5,0.08
Peach,4.8,84.7,fridge,sealed_container,94.5,2.12
Peach,1.9,91.3,fridge,perforated_bag,80.8,3.9
Peach,7.9,90.6,fridge,plastic_wrap,65.1,1.38
Peach,27.3,41.4,counter,unpackaged,69.7,0.03
Peach,1.3,88.5,fridge,perforated_bag,79.4,2.82
Peach,18.1,52.6,pantry,unpackaged,86.9,0.1
Peach,3.4,78.3,fridge,sealed_container,94.9,1.03
Peach,5.8,87.5,fridge,perforated_bag,77.6,2.44
Peach,3.0,81.2,fridge,plastic_wrap,69.0,1.29
Peach,21.7,43.5,counter,sealed_container,81.8,0.08
Peach,23.9,73.1,pantry,perforated_bag,68.4,0.06
Peach,21.6,63.4,counter,unpackaged,73.6,0.05
Peach,29.8,50.5,counter,unpackaged,72.3,0.02
Peach,26.5,42.9,counter,plastic_wrap,81.8,0.06
Peach,22.4,69.0,pantry,unpackaged,65.9,0.05
Peach,3.6,92.6,fridge,unpackaged,48.5,0.59
Peach,3.2,84.7,fridge,perforated_bag,65.1,2.19
Peach,24.4,33.2,counter,sealed_container,60.6,0.03
Peach,22.8,45.1,counter,plastic_wrap,88.0,0.08
Peach,6.0,86.7,fridge,plastic_wrap,64.8,1.32
Peach,19.0,42.4,pantry,sealed_container,60.9,0.05
Peach,23.2,60.4,pantry,sealed_container,80.5,0.05
Peach,4.9,89.3,fridge,unpackaged,79.3,1.89
Peach,2.1,88.5,fridge,sealed_container,67.1,2.05
Peach,4.5,82.4,fridge,plastic_wrap,85.0,1.73
Peach,5.4,82.6,fridge,sealed_container,75.3,1.28
Peach,3.7,88.9,fridge,unpackaged,70.7,2.18
Peach,28.2,37.6,counter,unpackaged,57.9,0.02
Peach,2.6,88.6,fridge,unpackaged,91.6,3.16
Peach,2.8,80.1,fridge,unpackaged,96.1,1.47
Peach,17.5,37.5,counter,plastic_wrap,62.2,0.05
Peach,4.2,85.0,fridge,perforated_bag,51.6,0.68
Peach,4.0,85.1,fridge,unpackaged,63.7,1.22
Peach,3.9,78.4,fridge,plastic_wrap,87.1,0.93
Peach,31.7,52.6,counter,plastic_wrap,68.0,0.03
Peach,4.6,89.5,fridge,plastic_wrap,85.9,2.13
Peach,1.9,97.1,fridge,unpackaged,91.1,2.19
Peach,25.4,50.5,counter,perforated_bag,54.3,0.03
Peach,2.9,99.6,fridge,sealed_container,65.4,0.98
Peach,3.0,89.5,fridge,perforated_bag,77.8,2.43
Peach,28.6,47.4,counter,sealed_container,67.0,0.03
Peach,5.0,82.4,fridge,unpackaged,86.9,1.9
Peach,20.0,57.3,counter,sealed_container,60.8,0.04
Peach,7.1,83.8,fridge,plastic_wrap,82.3,1.4
Peach,5.2,88.9,fridge,perforated_bag,91.1,2.93
Peach,3.2,82.6,fridge,sealed_container,88.8,1.81
Peach,23.5,26.4,counter,perforated_bag,75.8,0.07
Peach,3.4,83.3,fridge,unpackaged,93.1,1.52
Peach,23.0,26.9,pantry,perforated_bag,72.5,0.07
Peach,3.3,87.8,fridge,plastic_wrap,48.1,0.62
Peach,3.0,84.2,fridge,plastic_wrap,93.7,2.64
Peach,19.0,51.5,pantry,perforated_bag,71.9,0.11
Peach,4.1,82.2,fridge,plastic_wrap,82.9,1.84
Peach,2.4,89.3,fridge,plastic_wrap,74.7,2.64
Peach,26.1,59.8,pantry,sealed_container,57.6,0.02
Peach,18.1,53.1,pantry,perforated_bag,86.5,0.09
Peach,23.5,31.1,counter,unpackaged,64.3,0.05
Peach,3.2,90.6,fridge,unpackaged,92.1,3.03
Peach,5.8,89.0,fridge,unpackaged,57.4,1.2
Peach,25.8,43.5,counter,sealed_container,93.0,0.06
Peach,4.9,96.1,fridge,unpackaged,76.8,1.46
Peach,4.7,91.5,fridge,plastic_wrap,91.1,2.96
Peach,4.5,83.9,fridge,unpackaged,93.2,1.59
Peach,2.9,86.5,fridge,unpackaged,84.1,2.28
Peach,5.3,82.2,fridge,plastic_wrap,82.1,1.35
Peach,5.2,84.7,fridge,perforated_bag,81.7,2.28
Peach,5.7,82.5,fridge,sealed_container,76.9,1.05
Peach,2.9,91.3,fridge,perforated_bag,83.4,2.75
Peach,5.8,81.9,fridge,sealed_container,79.8,1.01
Peach,23.1,67.7,pantry,sealed_container,80.0,0.05
Peach,3.0,84.7,fridge,sealed_container,68.8,1.39
Peach,12.2,57.3,pantry,plastic_wrap,67.3,0.13
Peach,4.8,87.2,fridge,unpackaged,77.8,2.13
Peach,4.0,80.0,fridge,perforated_bag,83.7,1.3
Peach,2.6,88.5,fridge,sealed_container,61.0,1.55
Peach,18.7,44.6,pantry,perforated_bag,82.0,0.12
Peach,24.6,59.8,counter,plastic_wrap,84.8,0.06
Peach,8.9,90.5,fridge,perforated_bag,76.3,1.7
Peach,1.2,89.4,fridge,perforated_bag,78.7,4.11
Peach,19.7,32.8,counter,sealed_container,71.5,0.06
Peach,4.4,88.6,fridge,plastic_wrap,90.6,3.32
Peach,6.8,81.9,fridge,sealed_container,72.2,0.98
Peach,23.8,51.1,pantry,perforated_bag,67.3,0.05
Peach,6.1,85.2,fridge,unpackaged,53.5,0.71
Peach,5.5,90.6,fridge,plastic_wrap,75.1,1.68
Peach,19.6,44.8,counter,sealed_container,82.1,0.06
Peach,4.9,85.3,fridge,sealed_container,93.3,1.79
Peach,4.6,91.9,fridge,plastic_wrap,54.5,1.31
Peach,24.2,23.3,counter,sealed_container,76.2,0.04
Peach,4.6,92.5,fridge,perforated_bag,87.2,2.42
Peach,10.8,63.3,counter,plastic_wrap,70.9,0.19
Peach,14.6,62.8,pantry,plastic_wrap,51.2,0.04
Peach,4.5,84.6,fridge,unpackaged,78.3,1.34
Peach,22.9,64.8,pantry,plastic_wrap,84.0,0.09
Peach,4.5,93.4,fridge,sealed_container,68.3,1.41
Peach,1.9,80.8,fridge,plastic_wrap,65.8,1.08
Peach,3.3,80.4,fridge,sealed_container,52.9,0.47
Peach,21.6,57.8,counter,perforated_bag,80.6,0.09
Peach,6.3,87.2,fridge,perforated_bag,74.3,2.16
Peach,25.4,40.6,counter,unpackaged,80.8,0.05
Peach,25.7,42.0,counter,sealed_container,74.7,0.05
Peach,21.2,77.9,pantry,unpackaged,73.6,0.12
Peach,27.7,43.9,counter,perforated_bag,84.0,0.06
Peach,2.2,90.5,fridge,perforated_bag,89.6,3.71
Peach,4.1,95.2,fridge,unpackaged,57.2,0.99
Peach,5.1,88.2,fridge,plastic_wrap,84.5,2.2
Peach,2.3,91.7,fridge,sealed_container,88.1,2.58
Peach,18.6,65.8,pantry,perforated_bag,54.7,0.04
Peach,4.1,88.2,fridge,plastic_wrap,85.3,2.62
Peach,22.6,50.9,counter,plastic_wrap,81.9,0.08
Peach,22.7,45.3,pantry,perforated_bag,95.7,0.1
Peach,2.5,91.1,fridge,unpackaged,49.0,0.57
Peach,21.7,50.0,counter,perforated_bag,78.9,0.06
Peach,18.2,32.5,counter,plastic_wrap,81.2,0.11
Peach,17.9,45.2,pantry,perforated_bag,69.2,0.1
Peach,5.7,82.1,fridge,plastic_wrap,88.1,1.45
Peach,18.4,53.0,pantry,plastic_wrap,65.4,0.08
Peach,8.1,92.6,fridge,perforated_bag,81.3,1.34
Peach,6.7,100.0,fridge,unpackaged,65.8,0.53
Peach,23.2,42.9,counter,perforated_bag,88.6,0.1
Peach,16.6,57.9,counter,plastic_wrap,84.4,0.17
Peach,4.9,84.3,fridge,plastic_wrap,83.2,2.19
Peach,24.3,71.1,pantry,plastic_wrap,76.1,0.06
Peach,23.6,56.3,counter,unpackaged,70.7,0.05
Peach,2.9,87.6,fridge,plastic_wrap,65.1,2.07
Peach,4.1,92.7,fridge,plastic_wrap,76.8,2.99
Peach,20.0,47.3,pantry,unpackaged,88.1,0.09
Peach,4.1,84.2,fridge,sealed_container,80.2,1.54
Peach,23.7,65.5,pantry,sealed_container,88.5,0.06
Peach,13.8,62.6,pantry,plastic_wrap,79.1,0.16
Peach,6.2,79.1,fridge,plastic_wrap,81.2,0.88
Peach,4.0,85.4,fridge,sealed_container,84.3,2.05
Peach,3.5,88.0,fridge,sealed_container,85.9,1.89
Peach,24.5,38.3,pantry,perforated_bag,57.9,0.03
Peach,5.3,83.1,fridge,sealed_container,85.5,1.91
Peach,28.8,31.6,counter,plastic_wrap,84.9,0.04
Peach,2.4,90.5,fridge,sealed_container,70.0,2.7
Peach,0.2,78.9,fridge,plastic_wrap,59.6,0.85
Peach,6.1,78.5,fridge,sealed_container,84.6,0.86
Peach,4.6,86.1,fridge,perforated_bag,79.8,2.47
Peach,21.4,49.0,pantry,sealed_container,96.3,0.09
Peach,3.6,93.3,fridge,perforated_bag,48.8,0.92
Peach,19.2,48.9,pantry,plastic_wrap,64.2,0.07
Peach,21.1,44.7,counter,perforated_bag,82.6,0.11
Peach,20.1,31.5,pantry,unpackaged,62.3,0.05
Peach,4.5,86.9,fridge,unpackaged,96.3,2.86
Peach,17.4,50.3,counter,plastic_wrap,89.2,0.1
Peach,33.5,41.8,counter,perforated_bag,76.4,0.02
Peach,2.1,79.5,fridge,unpackaged,78.5,1.14
Peach,3.3,95.2,fridge,perforated_bag,63.8,1.75
Peach,4.4,87.7,fridge,perforated_bag,74.4,2.36
Peach,2.0,96.4,fridge,sealed_container,79.2,1.45
Peach,7.0,87.1,fridge,plastic_wrap,91.9,1.91
Peach,23.0,47.9,counter,sealed_container,94.1,0.06
Peach,14.7,46.8,pantry,sealed_container,69.0,0.11
Peach,3.3,88.2,fridge,unpackaged,57.7,1.08
Peach,25.9,51.2,counter,unpackaged,88.1,0.06
Peach,29.1,62.5,counter,plastic_wrap,88.3,0.05
Peach,6.0,95.2,fridge,sealed_container,81.6,1.5
Peach,3.2,88.1,fridge,plastic_wrap,73.3,2.1
Peach,3.9,88.8,fridge,perforated_bag,46.1,0.55
Peach,18.8,32.2,pantry,unpackaged,61.5,0.04
Peach,24.5,47.3,pantry,plastic_wrap,91.0,0.09
Peach,4.1,92.4,fridge,sealed_container,56.0,0.78
Peach,5.1,86.5,fridge,unpackaged,95.8,2.86
Peach,22.9,20.0,counter,plastic_wrap,66.0,0.04
Peach,5.8,78.2,fridge,unpackaged,79.0,0.64
Peach,15.9,68.3,pantry,unpackaged,95.4,0.11
Peach,19.2,47.3,pantry,plastic_wrap,79.4,0.1
Peach,21.6,66.8,pantry,unpackaged,86.4,0.1
Peach,19.5,58.3,pantry,perforated_bag,68.6,0.08
Peach,6.4,92.0,fridge,sealed_container,82.0,1.65
Peach,17.6,73.8,counter,plastic_wrap,61.9,0.06
Peach,2.8,85.9,fridge,plastic_wrap,75.1,1.63
Peach,17.5,50.0,pantry,sealed_container,72.1,0.09
Peach,4.5,94.5,fridge,plastic_wrap,83.2,2.36
Peach,2.9,91.9,fridge,perforated_bag,65.0,1.95
Peach,4.7,82.6,fridge,sealed_container,79.7,1.4
Peach,4.4,86.2,fridge,sealed_container,86.6,2.23
Peach,24.5,30.4,counter,perforated_bag,89.9,0.07
Peach,3.5,84.8,fridge,unpackaged,86.6,1.84
Peach,27.1,46.6,counter,plastic_wrap,76.1,0.03
Peach,3.2,77.8,fridge,unpackaged,59.0,0.35
Peach,6.0,90.6,fridge,unpackaged,83.1,2.31
Peach,24.5,42.7,pantry,sealed_container,62.1,0.03
Peach,4.6,93.9,fridge,perforated_bag,79.1,2.12
Peach,25.4,39.9,counter,plastic_wrap,72.8,0.05
Peach,15.0,55.8,pantry,sealed_container,85.6,0.14
Peach,2.3,84.7,fridge,perforated_bag,62.4,1.52
Peach,24.5,40.8,counter,sealed_container,78.7,0.05
Peach,3.6,88.8,fridge,plastic_wrap,74.1,2.67
Peach,4.0,84.9,fridge,unpackaged,84.1,1.72
Peach,28.3,52.9,pantry,unpackaged,94.8,0.05
Peach,2.0,97.5,fridge,sealed_container,98.0,2.4
Peach,19.8,59.5,pantry,plastic_wrap,84.8,0.12
Peach,2.7,93.3,fridge,plastic_wrap,80.3,2.45
Peach,2.4,89.2,fridge,plastic_wrap,82.3,3.2
Peach,2.5,91.4,fridge,perforated_bag,97.6,4.15
Peach,18.7,67.7,counter,unpackaged,83.3,0.09
Peach,19.4,58.1,counter,unpackaged,87.1,0.09
Peach,20.7,47.6,counter,plastic_wrap,61.8,0.06
Peach,6.8,96.1,fridge,perforated_bag,83.3,1.35
Peach,15.2,41.5,counter,plastic_wrap,91.5,0.2
Peach,6.5,93.8,fridge,plastic_wrap,86.7,2.18
Peach,28.6,53.3,counter,plastic_wrap,72.6,0.02
Peach,23.0,54.8,pantry,unpackaged,95.6,0.06
Peach,3.6,86.8,fridge,unpackaged,96.4,2.22
Peach,25.1,51.9,pantry,unpackaged,69.4,0.04
Peach,3.7,88.3,fridge,sealed_container,94.2,3.0
Peach,21.4,72.8,pantry,unpackaged,93.6,0.08
Peach,4.7,86.8,fridge,perforated_bag,80.9,2.6
Peach,5.1,85.5,fridge,perforated_bag,86.1,2.68
Peach,23.4,42.4,counter,plastic_wrap,73.2,0.05
Peach,25.2,43.7,counter,perforated_bag,74.5,0.05
Peach,23.3,65.1,pantry,sealed_container,74.3,0.06
Peach,1.6,98.8,fridge,plastic_wrap,93.7,2.08
Peach,18.5,42.1,counter,sealed_container,58.4,0.05
Peach,25.2,47.5,counter,perforated_bag,64.0,0.05
Peach,4.8,91.5,fridge,perforated_bag,68.3,1.95
Peach,13.6,62.9,pantry,perforated_bag,70.0,0.13
Peach,22.9,68.1,counter,plastic_wrap,49.7,0.02
Peach,20.3,45.6,counter,unpackaged,81.8,0.08
Peach,5.3,88.9,fridge,sealed_container,72.5,1.84
Peach,5.7,86.4,fridge,perforated_bag,74.3,1.55
Peach,21.1,49.5,counter,sealed_container,53.1,0.03
Peach,6.2,89.5,fridge,perforated_bag,62.1,1.12
Peach,3.7,92.0,fridge,unpackaged,90.7,3.14
Peach,2.7,98.6,fridge,perforated_bag,77.5,1.7
Peach,4.0,84.0,fridge,unpackaged,82.0,1.59
Peach,1.9,84.3,fridge,plastic_wrap,76.4,2.23
Peach,6.4,87.2,fridge,sealed_container,64.0,1.33
Peach,22.7,52.5,pantry,plastic_wrap,63.0,0.05
Peach,20.2,57.1,pantry,sealed_container,73.6,0.07
Peach,23.8,58.5,counter,perforated_bag,63.2,0.05
Peach,1.0,87.1,fridge,sealed_container,71.6,2.43
Peach,23.1,34.2,counter,perforated_bag,77.5,0.05
Peach,3.2,85.9,fridge,perforated_bag,62.6,1.64
Peach,23.0,20.0,counter,unpackaged,80.3,0.05
Peach,5.8,93.2,fridge,plastic_wrap,66.7,1.59
Peach,6.1,86.3,fridge,sealed_container,81.2,1.33
Peach,22.0,51.1,pantry,sealed_container,72.1,0.05
Peach,0.5,90.3,fridge,sealed_container,94.8,3.85
Peach,16.7,70.2,pantry,unpackaged,64.4,0.08
Peach,4.0,85.8,fridge,sealed_container,64.2,1.66
Peach,25.0,40.0,counter,sealed_container,85.0,0.04
Peach,1.8,85.8,fridge,plastic_wrap,73.6,1.99
Peach,21.3,48.1,counter,unpackaged,88.5,0.07
Peach,23.5,35.3,counter,sealed_container,87.5,0.05
Peach,4.2,89.3,fridge,sealed_container,66.0,1.19
Peach,3.9,76.4,fridge,sealed_container,94.6,0.72
Peach,3.7,85.9,fridge,perforated_bag,63.3,1.76
Peach,24.4,47.6,pantry,perforated_bag,82.2,0.06
Peach,23.2,39.3,pantry,plastic_wrap,74.0,0.06
Peach,13.6,46.7,pantry,unpackaged,80.0,0.11
Peach,2.7,93.6,fridge,perforated_bag,75.1,2.95
Peach,21.5,46.6,counter,perforated_bag,76.4,0.07
Peach,22.8,71.0,counter,sealed_container,69.3,0.05
Peach,19.1,42.4,counter,plastic_wrap,80.5,0.1
Peach,17.0,50.2,counter,perforated_bag,65.5,0.1
Peach,20.1,47.7,counter,sealed_container,62.9,0.05
Peach,20.5,29.1,counter,sealed_container,82.9,0.09
Peach,5.3,87.0,fridge,plastic_wrap,83.0,2.01
Peach,1.1,91.7,fridge,sealed_container,70.2,2.24
Peach,24.2,26.3,counter,perforated_bag,77.8,0.07
Peach,1.8,83.5,fridge,perforated_bag,90.0,3.55
Peach,3.0,93.1,fridge,sealed_container,68.1,1.75
Peach,21.1,62.1,pantry,sealed_container,82.9,0.07
Peach,22.4,60.3,pantry,unpackaged,74.2,0.05
Peach,4.7,96.5,fridge,plastic_wrap,58.8,1.27
Peach,5.8,90.2,fridge,plastic_wrap,81.9,2.06
Peach,3.7,84.8,fridge,perforated_bag,76.6,2.74
Peach,3.3,90.7,fridge,sealed_container,77.6,2.67
Peach,13.4,57.6,pantry,unpackaged,74.4,0.12
Peach,1.7,86.2,fridge,sealed_container,77.1,2.59
Peach,4.8,87.5,fridge,perforated_bag,56.0,1.21
Peach,5.0,86.5,fridge,unpackaged,66.6,1.44
Peach,3.4,82.6,fridge,perforated_bag,84.0,1.9
Peach,4.9,96.4,fridge,sealed_container,62.3,0.97
Peach,25.6,47.3,counter,sealed_container,88.2,0.04
Peach,2.7,90.0,fridge,plastic_wrap,64.9,2.01
Peach,22.8,71.5,counter,unpackaged,85.6,0.07
Pear,6.1,92.1,fridge,perforated_bag,61.0,1.46
Pear,3.1,86.2,fridge,sealed_container,54.6,1.07
Pear,5.5,97.7,fridge,plastic_wrap,88.9,2.08
Pear,3.4,88.4,fridge,perforated_bag,86.6,3.6
Pear,2.4,87.9,fridge,plastic_wrap,51.5,1.07
Pear,29.8,54.8,counter,perforated_bag,77.6,0.04
Pear,4.3,97.4,fridge,sealed_container,65.2,1.04
Pear,25.1,50.7,pantry,plastic_wrap,67.1,0.04
Pear,2.9,87.8,fridge,sealed_container,92.5,3.49
Pear,2.1,84.1,fridge,perforated_bag,79.3,3.3
Pear,21.7,55.3,pantry,perforated_bag,58.0,0.05
Pear,2.6,82.9,fridge,plastic_wrap,87.3,3.16
Pear,21.7,49.9,pantry,plastic_wrap,92.8,0.07
Pear,3.9,86.4,fridge,plastic_wrap,63.2,1.3
Pear,18.2,53.4,pantry,perforated_bag,83.2,0.12
Pear,0.2,83.9,fridge,plastic_wrap,62.9,1.89
Pear,4.7,94.5,fridge,plastic_wrap,87.4,2.84
Pear,17.8,73.0,pantry,plastic_wrap,70.8,0.2
Pear,18.3,68.5,pantry,perforated_bag,74.7,0.16
Pear,3.9,85.7,fridge,perforated_bag,79.6,2.97
Pear,33.0,57.5,counter,plastic_wrap,53.2,0.01
Pear,3.3,93.7,fridge,sealed_container,87.7,2.61
Pear,2.9,80.2,fridge,plastic_wrap,94.0,2.28
Pear,5.9,90.6,fridge,sealed_container,53.5,0.92
Pear,6.7,91.3,fridge,unpackaged,57.2,0.83
Pear,3.5,82.4,fridge,sealed_container,89.6,2.62
Pear,20.6,45.3,pantry,perforated_bag,79.1,0.1
Pear,3.5,86.2,fridge,sealed_container,89.1,3.27
Pear,25.7,45.5,counter,perforated_bag,82.1,0.05
Pear,18.7,48.9,counter,unpackaged,97.7,0.11
Pear,3.8,90.5,fridge,perforated_bag,57.4,1.75
Pear,5.0,98.1,fridge,sealed_container,84.2,2.08
Pear,4.7,97.5,fridge,sealed_container,82.7,1.79
Pear,21.5,77.5,counter,unpackaged,60.1,0.16
Pear,4.4,82.1,fridge,perforated_bag,88.9,3.07
Pear,14.9,54.8,pantry,unpackaged,85.7,0.14
Pear,4.6,92.0,fridge,plastic_wrap,82.6,2.05
Pear,17.7,68.2,pantry,sealed_container,62.3,0.09
Pear,25.4,39.4,pantry,unpackaged,76.3,0.03
Pear,5.8,87.8,fridge,unpackaged,72.6,1.66
Pear,21.0,60.4,pantry,perforated_bag,58.3,0.04
Pear,5.6,87.2,fridge,sealed_container,58.3,1.36
Pear,4.2,83.1,fridge,unpackaged,70.2,1.82
Pear,1.4,88.8,fridge,perforated_bag,76.6,3.43
Pear,27.2,51.9,counter,unpackaged,79.5,0.04
Pear,3.7,83.9,fridge,plastic_wrap,81.0,1.68
Pear,26.5,59.7,counter,sealed_container,88.1,0.05
Pear,6.3,92.6,fridge,sealed_container,72.9,1.58
Pear,1.9,86.5,fridge,unpackaged,63.7,1.92
Pear,3.0,95.0,fridge,sealed_container,84.3,2.36
Pear,5.4,92.4,fridge,plastic_wrap,62.4,1.2
Pear,6.1,83.5,fridge,plastic_wrap,50.2,0.75
Pear,3.8,81.2,fridge,unpackaged,77.9,1.31
Pear,4.3,80.1,fridge,sealed_container,65.1,1.21
Pear,20.3,41.1,counter,unpackaged,89.6,0.09
Pear,4.2,79.1,fridge,plastic_wrap,73.7,1.3
Pear,25.1,38.4,counter,perforated_bag,80.5,0.07
Pear,4.8,83.2,fridge,sealed_container,96.6,2.75
Pear,23.3,51.8,counter,plastic_wrap,71.9,0.06
Pear,2.2,88.1,fridge,sealed_container,91.2,2.9
Pear,4.9,88.5,fridge,perforated_bag,81.2,2.63
Pear,3.5,85.3,fridge,plastic_wrap,61.9,1.39
Pear,18.9,45.7,pantry,perforated_bag,83.3,0.13
Pear,22.0,44.8,pantry,perforated_bag,59.4,0.04
Pear,5.0,86.0,fridge,sealed_container,56.7,1.01
Pear,20.7,64.9,pantry,unpackaged,77.8,0.06
Pear,5.5,86.6,fridge,plastic_wrap,75.6,1.87
Pear,22.3,45.7,pantry,plastic_wrap,58.7,0.04
Pear,19.0,59.9,pantry,perforated_bag,82.6,0.1
Pear,18.8,80.5,pantry,unpackaged,85.2,0.6
Pear,5.9,92.1,fridge,unpackaged,86.8,1.94
Pear,4.2,86.3,fridge,unpackaged,83.8,2.37
Pear,17.4,64.5,pantry,unpackaged,88.1,0.1
Pear,22.7,61.9,pantry,plastic_wrap,73.5,0.07
Pear,1.7,84.9,fridge,unpackaged,67.6,1.91
Pear,20.7,49.4,pantry,perforated_bag,83.7,0.1
Pear,3.3,87.2,fridge,perforated_bag,83.2,3.39
Pear,24.2,55.6,pantry,plastic_wrap,63.6,0.04
Pear,27.1,73.7,pantry,plastic_wrap,79.8,0.15
Pear,4.8,89.1,fridge,perforated_bag,71.6,2.68
Pear,24.6,55.0,pantry,unpackaged,74.4,0.05
Pear,21.9,27.7,counter,plastic_wrap,67.5,0.06
Pear,27.7,50.2,counter,unpackaged,96.6,0.05
Pear,18.3,42.8,pantry,plastic_wrap,82.0,0.1
Pear,4.3,87.7,fridge,sealed_container,64.9,1.53
Pear,22.0,44.6,counter,plastic_wrap,84.7,0.09
Pear,2.6,93.0,fridge,plastic_wrap,50.8,0.74
Pear,19.4,53.6,pantry,sealed_container,57.4,0.06
Pear,3.2,94.1,fridge,perforated_bag,73.5,2.05
Pear,22.5,42.9,counter,sealed_container,97.3,0.07
Pear,23.5,34.8,counter,sealed_container,78.4,0.07
Pear,7.2,88.0,fridge,unpackaged,70.7,1.78
Pear,3.2,79.7,fridge,plastic_wrap,78.0,2.05
Pear,23.0,55.7,counter,sealed_container,79.6,0.06
Pear,24.8,42.5,pantry,perforated_bag,69.6,0.05
Pear,21.9,39.9,counter,unpackaged,84.4,0.06
Pear,4.0,81.7,fridge,unpackaged,63.9,1.19
Pear,3.8,92.2,fridge,perforated_bag,85.3,3.45
Pear,21.8,39.6,pantry,plastic_wrap,92.6,0.11
Pear,27.8,35.1,counter,plastic_wrap,90.0,0.05
Pear,22.2,58.3,pantry,sealed_container,89.6,0.08
Pear,20.6,42.4,counter,unpackaged,75.8,0.05
Pear,21.7,27.7,counter,perforated_bag,62.0,0.05
Pear,1.9,86.9,fridge,plastic_wrap,96.8,4.74
Pear,22.1,31.5,counter,plastic_wrap,79.4,0.09
Pear,13.9,66.6,pantry,plastic_wrap,75.2,0.16
Pear,22.2,65.0,pantry,perforated_bag,88.5,0.11
Pear,6.8,84.2,fridge,perforated_bag,74.5,1.7
Pear,1.7,92.6,fridge,unpackaged,85.4,2.96
Pear,4.6,75.7,fridge,unpackaged,79.7,1.02
Pear,18.1,70.3,pantry,plastic_wrap,72.2,0.14
Pear,3.6,75.7,fridge,sealed_container,88.6,1.09
Pear,26.6,43.4,counter,unpackaged,83.4,0.03
Pear,5.7,99.4,fridge,unpackaged,56.5,0.76
Pear,3.2,89.1,fridge,sealed_container,83.2,2.99
Pear,4.9,84.6,fridge,perforated_bag,82.8,2.71
Pear,2.5,89.8,fridge,plastic_wrap,78.6,3.22
Pear,26.7,51.4,counter,plastic_wrap,91.9,0.06
Pear,3.5,90.3,fridge,sealed_container,68.0,1.9
Pear,3.3,97.6,fridge,plastic_wrap,84.2,2.2
Pear,20.7,49.2,pantry,perforated_bag,76.6,0.09
Pear,4.9,93.1,fridge,plastic_wrap,78.8,2.45
Pear,24.7,46.4,counter,plastic_wrap,88.7,0.06
Pear,17.6,52.1,pantry,unpackaged,66.9,0.08
Pear,5.2,83.0,fridge,perforated_bag,79.1,1.86
Pear,16.8,65.5,pantry,plastic_wrap,70.5,0.1
Pear,4.6,86.7,fridge,plastic_wrap,79.6,2.54
Pear,3.9,86.6,fridge,perforated_bag,47.1,0.68
Pear,19.6,56.9,pantry,plastic_wrap,85.9,0.09
Pear,5.0,81.3,fridge,perforated_bag,58.6,0.99
Pear,0.7,90.9,fridge,sealed_container,81.1,2.63
Pear,1.3,92.9,fridge,perforated_bag,51.7,1.43
Pear,4.6,84.7,fridge,sealed_container,91.9,2.34
Pear,24.6,39.4,counter,perforated_bag,61.1,0.05
Pear,6.0,86.8,fridge,plastic_wrap,89.9,2.4
Pear,21.1,33.1,counter,perforated_bag,91.0,0.12
Pear,21.2,67.5,pantry,sealed_container,87.5,0.09
Pear,18.5,61.1,pantry,perforated_bag,83.9,0.09
Pear,11.3,54.1,pantry,plastic_wrap,81.7,0.25
Pear,20.2,32.8,counter,perforated_bag,80.7,0.12
Pear,18.8,46.0,pantry,sealed_container,49.8,0.03
Pear,2.0,89.3,fridge,plastic_wrap,90.2,3.43
Pear,1.8,85.0,fridge,sealed_container,91.9,3.23
Pear,2.8,79.1,fridge,sealed_container,60.9,0.96
Pear,3.8,93.8,fridge,perforated_bag,95.4,3.61
Pear,4.2,76.6,fridge,unpackaged,86.1,1.46
Pear,3.6,87.7,fridge,sealed_container,91.2,3.04
Pear,3.0,80.1,fridge,plastic_wrap,87.2,2.17
Pear,27.3,43.8,counter,plastic_wrap,79.9,0.04
Pear,5.4,83.5,fridge,sealed_container,73.2,1.42
Pear,6.5,87.4,fridge,plastic_wrap,70.3,1.3
Pear,6.8,79.9,fridge,sealed_container,60.8,0.8
Pear,18.4,77.5,pantry,perforated_bag,88.1,0.55
Pear,2.4,87.4,fridge,unpackaged,53.3,1.35
Pear,1.2,92.9,fridge,plastic_wrap,83.8,3.17
Pear,19.5,20.0,counter,plastic_wrap,94.0,0.13
Pear,2.5,93.9,fridge,sealed_container,56.5,0.93
Pear,22.5,47.5,counter,sealed_container,82.3,0.07
Pear,3.5,90.5,fridge,plastic_wrap,89.2,2.61
Pear,1.5,92.8,fridge,unpackaged,87.2,3.48
Pear,20.5,54.5,pantry,plastic_wrap,79.0,0.1
Pear,0.7,92.4,fridge,plastic_wrap,61.2,2.32
Pear,20.1,47.1,pantry,perforated_bag,66.4,0.06
Pear,1.2,90.1,fridge,perforated_bag,69.3,3.46
Pear,17.8,38.1,pantry,plastic_wrap,84.5,0.12
Pear,3.1,90.4,fridge,plastic_wrap,72.8,2.8
Pear,14.1,77.6,pantry,unpackaged,62.7,0.25
Pear,5.3,87.0,fridge,unpackaged,60.4,1.36
Pear,0.8,82.2,fridge,perforated_bag,86.0,3.47
Pear,21.5,59.3,counter,unpackaged,61.2,0.05
Pear,4.9,87.6,fridge,unpackaged,80.8,2.48
Pear,4.7,89.1,fridge,perforated_bag,53.2,1.14
Pear,20.9,59.2,counter,sealed_container,80.0,0.06
Pear,18.0,55.2,pantry,plastic_wrap,79.7,0.11
Pear,22.4,52.7,pantry,sealed_container,60.0,0.04
Pear,5.0,82.0,fridge,unpackaged,82.8,2.03
Pear,13.0,37.2,pantry,perforated_bag,76.6,0.19
Pear,23.4,52.6,pantry,plastic_wrap,83.8,0.07
Pear,27.0,61.7,counter,unpackaged,64.5,0.03
Pear,5.7,93.1,fridge,plastic_wrap,81.2,2.33
Pear,5.6,90.6,fridge,plastic_wrap,78.1,2.36
Pear,5.4,95.7,fridge,unpackaged,61.5,1.06
Pear,27.3,42.8,counter,sealed_container,86.8,0.05
Pear,18.1,61.1,pantry,unpackaged,90.7,0.13
Pear,20.7,45.7,counter,unpackaged,83.0,0.06
Pear,18.2,57.0,pantry,perforated_bag,87.8,0.15
Pear,22.7,52.9,pantry,perforated_bag,64.6,0.04
Pear,24.7,38.2,counter,sealed_container,65.6,0.04
Pear,20.4,40.6,counter,plastic_wrap,58.2,0.05
Pear,4.0,95.2,fridge,unpackaged,82.0,2.36
Pear,18.2,73.3,pantry,plastic_wrap,79.9,0.3
Pear,3.9,89.0,fridge,sealed_container,74.3,2.05
Pear,2.8,81.7,fridge,unpackaged,87.4,2.54
Pear,5.4,89.3,fridge,unpackaged,87.8,1.94
Pear,3.7,91.9,fridge,plastic_wrap,47.6,0.56
Pear,5.9,83.9,fridge,plastic_wrap,86.2,2.46
Pear,17.6,63.1,pantry,unpackaged,67.3,0.08
Pear,15.8,43.5,pantry,unpackaged,68.7,0.12
Pear,4.5,89.9,fridge,unpackaged,79.2,2.63
Pear,2.9,87.6,fridge,perforated_bag,82.2,3.45
Pear,4.2,85.0,fridge,unpackaged,58.4,1.05
Pear,22.3,25.3,counter,perforated_bag,62.0,0.04
Pear,3.2,84.1,fridge,plastic_wrap,70.2,1.58
Pear,1.4,93.7,fridge,unpackaged,77.1,3.15
Pear,5.9,90.0,fridge,unpackaged,87.4,2.08
Pear,21.1,55.0,pantry,perforated_bag,56.1,0.05
Pear,23.3,42.4,counter,sealed_container,77.0,0.05
Pear,1.5,89.4,fridge,sealed_container,94.2,4.1
Pear,25.7,57.4,pantry,plastic_wrap,83.7,0.07
Pear,4.6,86.2,fridge,perforated_bag,74.5,2.37
Pear,23.4,55.7,counter,perforated_bag,94.1,0.1
Pear,21.5,47.1,counter,sealed_container,85.8,0.09
Pear,22.5,61.1,counter,plastic_wrap,53.9,0.03
Pear,2.2,84.4,fridge,sealed_container,92.0,3.25
Pear,23.5,46.6,counter,perforated_bag,90.6,0.1
Pear,2.8,86.0,fridge,sealed_container,86.5,3.44
Pear,2.3,91.9,fridge,plastic_wrap,93.6,3.59
Pear,1.6,90.3,fridge,perforated_bag,69.9,2.72
Pear,4.3,91.6,fridge,sealed_container,73.6,1.79
Pear,25.1,64.4,pantry,unpackaged,63.1,0.03
Pear,16.0,53.5,pantry,sealed_container,68.9,0.08
Pear,23.9,30.2,counter,perforated_bag,71.5,0.07
Pear,2.8,89.5,fridge,sealed_container,48.8,0.83
Pear,5.1,85.1,fridge,perforated_bag,86.0,3.35
Pear,21.8,66.3,pantry,plastic_wrap,80.3,0.07
Pear,4.1,92.5,fridge,sealed_container,75.6,2.33
Pear,21.3,60.3,pantry,sealed_container,89.3,0.09
Pear,4.4,92.5,fridge,sealed_container,60.0,1.37
Pear,5.0,94.7,fridge,plastic_wrap,68.0,1.87
Pear,19.6,41.6,counter,sealed_container,95.3,0.1
Pear,1.8,90.4,fridge,plastic_wrap,77.5,2.4
Pear,5.2,85.8,fridge,plastic_wrap,83.3,2.65
Pear,23.5,37.8,counter,perforated_bag,70.4,0.05
Pear,5.7,90.6,fridge,sealed_container,83.9,2.4
Pear,18.2,46.3,pantry,unpackaged,73.1,0.08
Pear,5.9,88.5,fridge,plastic_wrap,66.5,1.54
Pear,25.8,51.3,counter,sealed_container,93.8,0.07
Pear,2.3,81.7,fridge,perforated_bag,76.4,1.71
Pear,20.4,50.1,pantry,sealed_container,88.8,0.08
Pear,4.9,87.1,fridge,perforated_bag,87.6,2.84
Pear,17.7,70.3,pantry,plastic_wrap,81.1,0.18
Pear,4.1,94.6,fridge,plastic_wrap,90.8,2.83
Pear,32.1,31.6,counter,perforated_bag,72.9,0.03
Pear,31.3,46.0,counter,sealed_container,88.3,0.03
Pear,4.2,88.4,fridge,sealed_container,87.3,2.15
Pear,4.0,78.0,fridge,unpackaged,67.6,1.28
Pear,3.2,80.5,fridge,plastic_wrap,67.6,1.66
Pear,3.5,84.2,fridge,unpackaged,84.9,2.06
Pear,3.6,87.5,fridge,perforated_bag,85.5,3.55
Pear,1.5,89.2,fridge,unpackaged,92.7,4.5
Pear,13.9,59.3,pantry,sealed_container,79.8,0.12
Pear,3.6,84.6,fridge,perforated_bag,63.3,1.81
Pear,4.0,91.0,fridge,sealed_container,87.1,2.26
Pear,20.8,56.4,pantry,sealed_container,58.1,0.03
Pear,27.0,68.1,counter,sealed_container,58.9,0.03
Pear,28.4,45.6,counter,unpackaged,73.3,0.04
Pear,17.9,62.2,pantry,unpackaged,52.0,0.03
Pear,5.4,79.1,fridge,sealed_container,60.5,0.82
Pear,20.1,45.9,pantry,perforated_bag,87.9,0.08
Pear,1.6,94.1,fridge,sealed_container,89.2,3.11
Pear,27.4,41.5,counter,perforated_bag,51.4,0.02
Pear,22.0,77.7,pantry,sealed_container,86.6,0.34
Pear,21.4,45.4,pantry,plastic_wrap,83.1,0.1
Pear,6.0,87.9,fridge,unpackaged,87.7,2.28
Pear,3.5,80.6,fridge,perforated_bag,62.2,1.62
Pear,24.6,69.8,counter,unpackaged,80.4,0.1
Pear,19.4,39.9,counter,sealed_container,91.1,0.09
Pear,18.8,66.9,pantry,plastic_wrap,72.8,0.09
Pear,5.5,88.5,fridge,plastic_wrap,69.5,1.92
Pear,1.3,85.8,fridge,plastic_wrap,57.7,1.88
Pear,3.3,85.5,fridge,sealed_container,95.7,3.09
Pear,5.9,78.9,fridge,unpackaged,86.9,1.33
Pear,3.5,91.7,fridge,unpackaged,72.7,2.21
Pear,25.5,20.5,pantry,unpackaged,72.7,0.05
Pear,2.9,94.3,fridge,plastic_wrap,54.7,1.24
Pear,21.7,43.5,counter,unpackaged,72.5,0.05
Pear,18.1,46.1,pantry,perforated_bag,67.2,0.09
Pear,17.6,48.5,pantry,plastic_wrap,90.3,0.11
Pear,2.7,85.4,fridge,sealed_container,76.9,2.2
Pear,25.4,58.9,counter,unpackaged,92.0,0.05
Pear,3.0,78.0,fridge,sealed_container,74.0,1.22
Pear,20.1,69.1,pantry,perforated_bag,93.1,0.17
Pear,23.9,47.2,counter,perforated_bag,83.9,0.06
Pear,19.2,66.6,pantry,sealed_container,67.8,0.07
Pear,6.6,92.4,fridge,perforated_bag,80.9,1.79
Pear,20.6,60.1,counter,plastic_wrap,88.0,0.1
Pear,5.5,88.5,fridge,sealed_container,69.3,1.55
Pear,5.5,90.3,fridge,plastic_wrap,63.4,1.36
Pear,1.5,84.0,fridge,unpackaged,92.1,3.03
Pear,4.6,91.4,fridge,unpackaged,79.6,1.81
Pear,6.9,83.4,fridge,sealed_container,83.9,2.1
Pear,23.4,40.6,counter,plastic_wrap,95.3,0.07
Pear,22.1,49.4,pantry,unpackaged,94.6,0.07
Pear,24.0,39.6,counter,sealed_container,57.8,0.03
Pear,22.4,55.6,pantry,plastic_wrap,87.5,0.1
Pear,3.3,89.3,fridge,plastic_wrap,83.9,2.73
Pear,25.1,59.0,counter,plastic_wrap,77.6,0.05
Pear,1.3,85.0,fridge,perforated_bag,92.5,4.34
Pear,16.8,67.5,pantry,perforated_bag,85.8,0.18
Pear,6.2,90.9,fridge,plastic_wrap,86.4,2.33
Pear,19.4,56.9,pantry,sealed_container,65.7,0.05
Pear,22.7,67.0,counter,unpackaged,76.4,0.06
Pear,4.9,97.7,fridge,unpackaged,84.8,2.08
Pear,7.3,86.8,fridge,perforated_bag,70.5,1.77
Pear,2.7,90.0,fridge,sealed_container,76.6,2.72
Pear,5.9,90.3,fridge,plastic_wrap,68.5,2.04
Pear,22.7,44.2,counter,perforated_bag,78.4,0.06
Pear,4.0,88.6,fridge,unpackaged,72.8,2.11
Pear,4.6,97.0,fridge,sealed_container,82.3,1.84
Pear,2.5,98.0,fridge,unpackaged,75.2,1.72
Pear,4.1,77.2,fridge,perforated_bag,88.9,1.93
Pear,5.4,90.5,fridge,perforated_bag,76.6,2.68
Pear,7.2,89.8,fridge,sealed_container,80.0,1.66
Pear,4.1,97.1,fridge,sealed_container,90.8,2.48
Pear,7.3,82.0,fridge,unpackaged,79.2,0.93
Pear,4.1,85.7,fridge,perforated_bag,66.3,2.11
Pear,28.5,48.0,counter,sealed_container,74.7,0.04
Pear,16.6,52.9,pantry,perforated_bag,51.8,0.06
Pear,23.3,48.8,pantry,perforated_bag,85.3,0.08
Pear,19.6,42.9,pantry,sealed_container,73.4,0.06
Pear,3.9,91.1,fridge,sealed_container,75.9,2.78
Pear,3.6,83.1,fridge,unpackaged,82.1,2.21
Pear,24.6,43.5,pantry,sealed_container,82.6,0.06
Pear,6.8,83.1,fridge,sealed_container,62.0,1.06
Pear,3.0,85.0,fridge,sealed_container,89.3,2.27
Pear,5.2,82.6,fridge,sealed_container,86.9,1.36
Pear,20.2,56.6,pantry,sealed_container,82.8,0.08
Pear,5.0,80.8,fridge,sealed_container,74.9,1.29
Pear,19.5,53.3,pantry,perforated_bag,83.2,0.13
Pear,0.7,89.0,fridge,perforated_bag,89.1,4.82
Pear,4.0,85.5,fridge,plastic_wrap,56.5,1.09
Pear,22.8,60.4,counter,perforated_bag,76.8,0.06
Pear,21.7,73.1,counter,plastic_wrap,59.8,0.09
Pear,3.7,96.5,fridge,sealed_container,85.0,2.01
Pear,30.4,50.2,counter,perforated_bag,66.2,0.02
Pear,2.7,89.1,fridge,unpackaged,84.5,2.86
Pear,21.7,55.6,counter,unpackaged,95.3,0.09
Pear,5.8,82.5,fridge,plastic_wrap,84.6,2.06
Pear,16.1,51.0,pantry,perforated_bag,84.9,0.17
Pear,20.1,35.0,pantry,perforated_bag,83.4,0.12
Pear,3.4,83.6,fridge,unpackaged,83.9,2.89
Pear,5.4,92.2,fridge,unpackaged,62.0,1.07
Pear,2.4,91.0,fridge,unpackaged,95.7,3.09
Pear,14.3,73.0,counter,perforated_bag,76.2,0.37
Pear,4.5,92.2,fridge,plastic_wrap,81.8,2.81
Pear,3.2,85.1,fridge,unpackaged,54.5,1.27
Pear,10.5,32.5,pantry,sealed_container,91.3,0.23
Pear,5.8,88.9,fridge,perforated_bag,72.9,1.69
Pear,25.7,30.4,counter,unpackaged,81.9,0.03
Pear,6.1,95.6,fridge,unpackaged,93.7,1.6
Pear,3.3,94.8,fridge,unpackaged,66.1,1.41
Pear,32.1,46.7,counter,plastic_wrap,82.2,0.03
Pear,19.6,34.3,counter,plastic_wrap,81.3,0.07
Pear,5.0,86.4,fridge,unpackaged,77.2,2.09
Pear,7.4,88.7,fridge,perforated_bag,87.5,2.54
Pear,23.4,44.0,counter,sealed_container,88.1,0.05
Pear,29.8,61.9,counter,perforated_bag,54.7,0.02
Pear,19.7,45.5,counter,unpackaged,96.5,0.1
Pear,5.7,88.4,fridge,plastic_wrap,85.4,1.69
Pear,2.9,87.0,fridge,sealed_container,86.0,2.45
Pear,4.6,89.0,fridge,unpackaged,62.6,1.37
Pear,2.6,94.4,fridge,perforated_bag,49.1,0.84
Pear,3.8,94.2,fridge,unpackaged,74.0,2.2
Pear,2.3,92.4,fridge,sealed_container,77.2,1.75
Pear,25.8,49.5,counter,unpackaged,73.9,0.04
Pear,2.9,86.8,fridge,perforated_bag,78.7,3.09
Pear,3.3,82.4,fridge,plastic_wrap,67.0,1.63
Pear,15.5,80.6,pantry,sealed_container,67.7,0.37
Pear,2.7,89.8,fridge,perforated_bag,81.4,3.75
Pear,15.0,46.9,pantry,unpackaged,61.8,0.06
Pear,5.6,88.8,fridge,sealed_container,75.2,1.76
Pear,20.5,59.6,pantry,plastic_wrap,63.9,0.06
Pear,4.0,81.3,fridge,perforated_bag,81.5,1.95
Pear,5.1,89.9,fridge,sealed_container,81.5,2.35
Pear,4.5,86.7,fridge,sealed_container,73.6,1.72
Pear,24.4,57.1,counter,unpackaged,59.2,0.03
Pear,4.0,92.9,fridge,unpackaged,77.0,2.37
Pear,25.7,47.7,counter,unpackaged,73.8,0.04
Pear,21.7,77.7,counter,unpackaged,85.2,0.27
Pear,3.7,88.6,fridge,plastic_wrap,96.3,3.62
Pear,15.1,34.2,counter,plastic_wrap,63.5,0.08
Pear,3.1,86.8,fridge,perforated_bag,76.6,2.8
Pear,3.3,91.2,fridge,sealed_container,60.1,1.34
Pear,22.0,57.4,pantry,perforated_bag,64.2,0.05
Pear,25.0,30.6,counter,perforated_bag,93.0,0.08
Pear,5.9,86.3,fridge,plastic_wrap,66.2,1.19
Pear,29.6,44.1,counter,sealed_container,82.1,0.04
Pear,6.9,90.5,fridge,sealed_container,65.2,1.2
Pear,19.6,51.3,pantry,perforated_bag,87.2,0.12
Pear,4.2,83.2,fridge,sealed_container,75.8,1.66
Pear,4.7,90.6,fridge,sealed_container,83.9,2.52
Pear,19.3,54.5,pantry,unpackaged,91.7,0.11
Pear,23.0,50.7,pantry,perforated_bag,75.1,0.05
Pear,1.4,87.2,fridge,sealed_container,62.5,1.83
Pear,4.1,89.8,fridge,sealed_container,67.6,1.64
Pear,18.4,52.9,counter,perforated_bag,77.6,0.09
Pear,25.8,61.0,counter,perforated_bag,74.7,0.04
Pear,26.4,41.3,counter,unpackaged,55.2,0.01
Pear,25.8,50.3,counter,plastic_wrap,91.0,0.05
Pear,7.5,81.7,fridge,plastic_wrap,60.4,0.98
Pomegranate,25.4,82.3,pantry,unpackaged,51.8,0.85
Pomegranate,0.6,81.3,fridge,unpackaged,62.2,20.27
Pomegranate,3.2,79.7,fridge,sealed_container,58.3,14.69
Pomegranate,4.4,90.8,fridge,unpackaged,51.5,7.83
Pomegranate,3.3,90.9,fridge,plastic_wrap,57.3,14.9
Pomegranate,22.8,55.5,counter,unpackaged,76.3,0.54
Pomegranate,4.0,91.7,fridge,unpackaged,66.2,14.43
Pomegranate,5.8,80.3,fridge,sealed_container,84.6,27.58
Pomegranate,19.0,52.4,pantry,unpackaged,55.6,0.45
Pomegranate,3.6,84.0,fridge,plastic_wrap,62.4,13.15
Pomegranate,19.1,48.8,counter,perforated_bag,65.5,0.79
Pomegranate,4.6,92.2,fridge,plastic_wrap,73.5,15.07
Pomegranate,15.4,36.9,pantry,sealed_container,72.8,1.32
Pomegranate,26.5,37.5,counter,sealed_container,79.3,0.75
Pomegranate,4.3,88.6,fridge,sealed_container,68.2,21.4
Pomegranate,1.5,84.8,fridge,plastic_wrap,86.9,39.28
Pomegranate,20.1,48.9,pantry,sealed_container,85.2,1.11
Pomegranate,3.7,83.8,fridge,unpackaged,78.5,21.47
Pomegranate,4.1,97.1,fridge,unpackaged,67.6,12.52
Pomegranate,24.3,54.6,pantry,perforated_bag,76.5,0.54
Pomegranate,24.8,45.8,pantry,sealed_container,68.6,0.46
Pomegranate,3.6,90.0,fridge,sealed_container,61.2,18.17
Pomegranate,0.5,90.7,fridge,perforated_bag,72.0,26.28
Pomegranate,20.1,61.4,pantry,perforated_bag,56.3,0.39
Pomegranate,24.5,52.6,counter,plastic_wrap,64.5,0.35
Pomegranate,2.6,91.5,fridge,sealed_container,87.1,43.82
Pomegranate,5.2,85.6,fridge,perforated_bag,59.7,13.94
Pomegranate,5.9,89.5,fridge,sealed_container,84.9,26.29
Pomegranate,24.6,35.6,counter,perforated_bag,84.3,0.58
Pomegranate,3.8,80.4,fridge,plastic_wrap,80.7,28.07
Pomegranate,0.2,85.1,fridge,unpackaged,56.4,16.92
Pomegranate,2.6,89.1,fridge,unpackaged,86.3,27.55
Pomegranate,3.9,82.3,fridge,plastic_wrap,81.3,23.0
Pomegranate,4.4,85.6,fridge,sealed_container,58.1,15.75
Pomegranate,25.9,38.8,counter,sealed_container,85.5,0.63
Pomegranate,2.3,84.2,fridge,sealed_container,81.3,42.83
Pomegranate,22.9,37.5,counter,perforated_bag,69.5,0.69
Pomegranate,4.6,85.5,fridge,unpackaged,91.5,19.27
Pomegranate,3.9,81.1,fridge,plastic_wrap,79.6,21.72
Pomegranate,18.5,63.3,pantry,unpackaged,82.2,1.13
Pomegranate,18.9,69.4,pantry,unpackaged,68.8,1.36
Pomegranate,19.0,51.5,counter,unpackaged,82.0,0.81
Pomegranate,5.5,79.2,fridge,sealed_container,65.7,16.74
Pomegranate,4.7,85.8,fridge,perforated_bag,83.6,28.41
Pomegranate,15.5,60.0,pantry,perforated_bag,74.4,1.03
Pomegranate,21.0,42.3,pantry,perforated_bag,76.6,0.71
Pomegranate,3.1,84.9,fridge,unpackaged,52.6,10.78
Pomegranate,4.9,88.1,fridge,unpackaged,56.7,10.77
Pomegranate,0.1,86.0,fridge,sealed_container,84.5,45.43
Pomegranate,2.7,90.6,fridge,perforated_bag,90.6,31.47
Pomegranate,5.8,77.2,fridge,unpackaged,53.7,5.87
Pomegranate,2.7,82.8,fridge,sealed_container,67.4,26.23
Pomegranate,5.0,90.6,fridge,plastic_wrap,82.5,24.31
Pomegranate,4.4,84.6,fridge,perforated_bag,83.3,24.82
Pomegranate,3.6,84.9,fridge,unpackaged,59.5,11.99
Pomegranate,20.6,41.1,pantry,sealed_container,61.7,0.63
Pomegranate,4.0,90.7,fridge,unpackaged,85.1,28.64
Pomegranate,4.8,85.0,fridge,sealed_container,77.6,23.51
Pomegranate,6.6,84.1,fridge,sealed_container,78.8,22.15
Pomegranate,6.2,89.3,fridge,unpackaged,86.5,23.71
Pomegranate,2.8,91.7,fridge,sealed_container,92.4,33.62
Pomegranate,6.7,89.1,fridge,sealed_container,83.8,21.66
Pomegranate,3.7,85.5,fridge,perforated_bag,66.1,18.05
Pomegranate,3.9,82.3,fridge,unpackaged,81.8,19.52
Pomegranate,5.0,100.0,fridge,unpackaged,84.5,11.01
Pomegranate,3.8,85.2,fridge,perforated_bag,86.2,36.82
Pomegranate,5.3,94.4,fridge,unpackaged,95.7,18.62
Pomegranate,2.4,81.5,fridge,plastic_wrap,78.2,26.33
Pomegranate,18.6,76.6,pantry,unpackaged,61.4,2.53
Pomegranate,1.5,95.3,fridge,sealed_container,77.9,26.28
Pomegranate,3.9,92.4,fridge,unpackaged,99.1,32.11
Pomegranate,4.3,83.8,fridge,plastic_wrap,69.9,19.6
Pomegranate,25.4,63.9,counter,unpackaged,70.1,0.51
Pomegranate,1.5,88.4,fridge,unpackaged,78.3,27.28
Pomegranate,28.4,46.0,counter,perforated_bag,80.3,0.33
Pomegranate,23.3,57.2,counter,sealed_container,88.9,1.03
Pomegranate,21.2,57.8,pantry,unpackaged,71.8,0.56
Pomegranate,6.2,97.8,fridge,sealed_container,92.0,17.67
Pomegranate,25.8,60.2,pantry,perforated_bag,54.0,0.24
Pomegranate,2.9,84.9,fridge,sealed_container,74.0,28.12
Pomegranate,5.0,89.3,fridge,plastic_wrap,90.3,18.34
Pomegranate,5.1,83.8,fridge,sealed_container,73.3,27.45
Pomegranate,3.1,88.0,fridge,sealed_container,74.7,20.31
Pomegranate,2.5,75.4,fridge,plastic_wrap,74.9,15.29
Pomegranate,3.3,90.3,fridge,unpackaged,77.9,22.29
Pomegranate,28.3,53.2,counter,sealed_container,69.9,0.37
Pomegranate,20.7,43.6,pantry,perforated_bag,87.0,0.77
Pomegranate,23.8,56.4,pantry,perforated_bag,67.9,0.48
Pomegranate,3.6,90.6,fridge,perforated_bag,78.6,25.93
Pomegranate,21.7,70.3,pantry,perforated_bag,91.9,3.23
Pomegranate,5.4,85.4,fridge,sealed_container,71.0,25.57
Pomegranate,27.9,29.9,counter,plastic_wrap,84.4,0.38
Pomegranate,6.3,83.1,fridge,perforated_bag,49.9,6.45
Pomegranate,3.6,90.2,fridge,perforated_bag,92.3,24.27
Pomegranate,2.9,84.4,fridge,sealed_container,52.8,12.83
Pomegranate,4.2,91.8,fridge,unpackaged,89.6,15.51
Pomegranate,18.5,37.2,counter,perforated_bag,86.6,1.17
Pomegranate,30.5,20.0,counter,perforated_bag,86.7,0.36
Pomegranate,5.7,79.0,fridge,sealed_container,82.2,21.42
Pomegranate,23.3,35.9,counter,plastic_wrap,71.6,0.6
Pomegranate,4.2,90.9,fridge,plastic_wrap,88.8,26.21
Pomegranate,4.8,84.8,fridge,plastic_wrap,83.1,27.61
Pomegranate,21.8,54.2,pantry,unpackaged,81.6,0.57
Pomegranate,11.3,62.4,pantry,unpackaged,92.1,2.11
Pomegranate,4.9,100.0,fridge,unpackaged,72.9,8.59
Pomegranate,5.3,87.2,fridge,perforated_bag,94.5,29.7
Pomegranate,17.1,74.4,pantry,unpackaged,57.9,1.93
Pomegranate,4.8,81.9,fridge,plastic_wrap,76.5,19.62
Pomegranate,21.9,52.6,pantry,sealed_container,75.0,0.85
Pomegranate,1.2,87.4,fridge,unpackaged,56.9,17.64
Pomegranate,5.8,87.1,fridge,perforated_bag,78.0,21.69
Pomegranate,26.3,48.1,pantry,perforated_bag,60.7,0.39
Pomegranate,3.1,97.0,fridge,sealed_container,67.2,14.01
Pomegranate,25.9,45.8,counter,perforated_bag,79.1,0.45
Pomegranate,5.7,92.1,fridge,plastic_wrap,70.6,11.98
Pomegranate,22.6,52.6,counter,sealed_container,70.8,0.58
Pomegranate,18.7,46.6,pantry,plastic_wrap,75.9,0.91
Pomegranate,21.1,60.4,pantry,unpackaged,82.5,0.75
Pomegranate,3.2,87.1,fridge,perforated_bag,96.8,37.86
Pomegranate,15.7,40.3,counter,sealed_container,53.1,0.75
Pomegranate,23.0,68.7,counter,sealed_container,56.0,0.87
Pomegranate,5.4,84.6,fridge,unpackaged,81.8,21.13
Pomegranate,29.4,38.5,counter,unpackaged,89.0,0.35
Pomegranate,1.6,81.3,fridge,unpackaged,85.8,38.45
Pomegranate,6.3,86.1,fridge,plastic_wrap,55.0,9.46
Pomegranate,3.7,91.0,fridge,perforated_bag,85.0,24.19
Pomegranate,20.6,56.1,pantry,unpackaged,68.2,0.47
Pomegranate,19.4,39.6,pantry,perforated_bag,75.2,1.17
Pomegranate,2.8,87.7,fridge,unpackaged,72.2,21.44
Pomegranate,4.9,89.1,fridge,plastic_wrap,70.7,13.45
Pomegranate,5.4,85.2,fridge,perforated_bag,79.6,23.24
Pomegranate,1.9,87.7,fridge,plastic_wrap,51.8,13.16
Pomegranate,22.9,54.5,pantry,perforated_bag,69.7,0.66
Pomegranate,2.3,89.1,fridge,unpackaged,84.1,32.64
Pomegranate,4.8,86.3,fridge,unpackaged,57.3,10.86
Pomegranate,17.1,69.5,pantry,perforated_bag,67.3,3.01
Pomegranate,23.0,50.8,counter,unpackaged,62.1,0.37
Pomegranate,27.8,61.6,counter,unpackaged,56.9,0.19
Pomegranate,1.9,84.5,fridge,perforated_bag,55.9,15.78
Pomegranate,3.0,78.0,fridge,unpackaged,71.5,17.29
Pomegranate,23.2,50.4,counter,perforated_bag,71.9,0.64
Pomegranate,2.1,82.2,fridge,perforated_bag,68.0,25.5
Pomegranate,4.3,87.6,fridge,unpackaged,84.4,26.84
Pomegranate,4.1,98.5,fridge,unpackaged,81.3,12.36
Pomegranate,22.3,43.4,counter,sealed_container,86.3,0.92
Pomegranate,18.3,39.0,pantry,perforated_bag,86.7,1.3
Pomegranate,5.3,83.7,fridge,unpackaged,57.7,12.17
Pomegranate,24.0,70.8,pantry,sealed_container,82.8,2.29
Pomegranate,2.4,86.4,fridge,unpackaged,75.9,23.94
Pomegranate,2.9,88.6,fridge,unpackaged,67.6,13.21
Pomegranate,4.6,94.3,fridge,plastic_wrap,54.3,8.07
Pomegranate,3.2,88.1,fridge,plastic_wrap,92.3,36.54
Pomegranate,18.7,66.4,pantry,unpackaged,60.4,1.04
Pomegranate,2.7,82.8,fridge,plastic_wrap,85.4,28.93
Pomegranate,5.8,75.7,fridge,unpackaged,75.2,11.08
Pomegranate,19.0,54.2,pantry,perforated_bag,85.1,1.28
Pomegranate,1.7,88.8,fridge,perforated_bag,83.5,36.41
Pomegranate,4.5,100.0,fridge,sealed_container,92.8,19.62
Pomegranate,24.3,51.3,counter,plastic_wrap,80.7,0.62
Pomegranate,18.1,50.5,counter,perforated_bag,80.1,1.29
Pomegranate,3.7,94.1,fridge,plastic_wrap,47.7,5.19
Pomegranate,2.6,79.8,fridge,unpackaged,74.9,27.7
Pomegranate,2.2,84.0,fridge,perforated_bag,79.0,29.62
Pomegranate,2.7,85.6,fridge,perforated_bag,68.7,24.34
Pomegranate,23.9,42.5,counter,unpackaged,74.2,0.35
Pomegranate,24.6,54.6,counter,plastic_wrap,87.3,0.67
Pomegranate,2.6,91.1,fridge,perforated_bag,85.9,38.74
Pomegranate,1.5,92.9,fridge,sealed_container,92.2,41.8
Pomegranate,12.1,61.0,pantry,perforated_bag,80.2,1.91
Pomegranate,20.3,58.4,counter,plastic_wrap,71.1,0.76
Pomegranate,27.0,47.2,counter,plastic_wrap,83.1,0.41
Pomegranate,17.1,43.7,pantry,perforated_bag,57.9,0.51
Pomegranate,2.1,82.9,fridge,plastic_wrap,72.2,29.55
Pomegranate,3.7,100.0,fridge,plastic_wrap,47.4,3.06
Pomegranate,2.8,85.3,fridge,plastic_wrap,64.5,23.96
Pomegranate,4.9,89.5,fridge,unpackaged,75.6,15.59
Pomegranate,4.8,92.4,fridge,sealed_container,71.2,23.12
Pomegranate,1.8,81.4,fridge,plastic_wrap,72.7,24.48
Pomegranate,20.0,52.3,pantry,perforated_bag,70.9,0.97
Pomegranate,27.5,37.1,counter,sealed_container,51.1,0.21
Pomegranate,3.0,84.3,fridge,perforated_bag,61.0,24.68
Pomegranate,2.5,91.0,fridge,sealed_container,60.5,17.49
Pomegranate,5.5,86.6,fridge,unpackaged,98.9,23.17
Pomegranate,7.0,83.2,fridge,sealed_container,81.6,24.95
Pomegranate,2.9,81.9,fridge,plastic_wrap,75.2,24.11
Pomegranate,3.8,91.0,fridge,unpackaged,54.5,8.56
Pomegranate,2.2,85.2,fridge,plastic_wrap,82.9,35.51
Pomegranate,2.6,88.4,fridge,perforated_bag,67.0,26.62
Pomegranate,2.2,82.1,fridge,sealed_container,63.1,20.33
Pomegranate,2.3,86.7,fridge,plastic_wrap,80.3,39.41
Pomegranate,4.6,90.0,fridge,sealed_container,94.5,23.02
Pomegranate,6.9,93.3,fridge,sealed_container,85.9,20.04
Pomegranate,28.2,47.6,counter,perforated_bag,73.1,0.44
Pomegranate,21.2,65.0,pantry,sealed_container,81.4,1.55
Pomegranate,3.2,82.4,fridge,sealed_container,58.8,20.09
Pomegranate,4.5,78.4,fridge,perforated_bag,77.8,21.04
Pomegranate,27.0,42.2,counter,unpackaged,63.6,0.27
Pomegranate,5.5,85.3,fridge,unpackaged,75.9,16.57
Pomegranate,3.0,96.9,fridge,unpackaged,79.3,13.89
Pomegranate,3.5,96.9,fridge,unpackaged,75.1,14.71
Pomegranate,2.7,88.5,fridge,sealed_container,59.4,16.8
Pomegranate,5.2,84.5,fridge,plastic_wrap,70.6,13.36
Pomegranate,4.9,84.9,fridge,sealed_container,73.8,29.01
Pomegranate,3.6,80.7,fridge,sealed_container,82.3,28.93
Pomegranate,3.1,85.9,fridge,perforated_bag,61.8,25.11
Pomegranate,20.6,54.5,pantry,perforated_bag,77.0,0.81
Pomegranate,5.8,86.6,fridge,plastic_wrap,60.0,13.81
Pomegranate,1.0,87.7,fridge,perforated_bag,89.1,48.33
Pomegranate,4.5,90.6,fridge,unpackaged,76.2,15.33
Pomegranate,5.2,82.7,fridge,unpackaged,73.2,17.98
Pomegranate,26.5,43.0,counter,unpackaged,62.3,0.36
Pomegranate,3.8,87.0,fridge,perforated_bag,69.3,18.75
Pomegranate,2.5,83.6,fridge,plastic_wrap,46.7,5.89
Pomegranate,19.3,55.5,pantry,unpackaged,89.7,0.82
Pomegranate,2.7,84.4,fridge,sealed_container,87.4,49.84
Pomegranate,18.3,57.1,pantry,plastic_wrap,68.8,0.75
Pomegranate,26.0,40.3,pantry,perforated_bag,83.5,0.58
Pomegranate,6.3,89.4,fridge,unpackaged,82.9,20.35
Pomegranate,4.8,93.1,fridge,perforated_bag,81.2,27.41
Pomegranate,21.9,41.0,counter,unpackaged,91.8,0.71
Pomegranate,4.7,91.1,fridge,unpackaged,80.6,17.71
Pomegranate,21.9,38.5,counter,perforated_bag,66.3,0.6
Pomegranate,3.3,93.6,fridge,plastic_wrap,78.9,17.46
Pomegranate,3.7,83.4,fridge,plastic_wrap,75.8,27.15
Pomegranate,2.4,83.3,fridge,unpackaged,81.6,28.98
Pomegranate,4.9,81.1,fridge,sealed_container,80.2,18.89
Pomegranate,19.9,59.4,pantry,plastic_wrap,82.0,1.14
Pomegranate,5.1,84.0,fridge,unpackaged,71.3,13.66
Pomegranate,20.2,100.0,counter,sealed_container,85.6,3.34
Pomegranate,22.7,44.3,pantry,perforated_bag,75.8,0.81
Pomegranate,2.9,84.8,fridge,unpackaged,89.7,21.85
Pomegranate,22.0,80.2,pantry,unpackaged,68.6,2.53
Pomegranate,22.1,65.3,pantry,sealed_container,70.7,1.26
Pomegranate,16.4,34.9,pantry,unpackaged,81.5,1.11
Pomegranate,0.0,95.7,fridge,plastic_wrap,77.2,22.81
Pomegranate,2.1,90.4,fridge,perforated_bag,98.0,41.27
Pomegranate,16.9,53.8,pantry,perforated_bag,78.9,1.23
Pomegranate,5.2,91.1,fridge,sealed_container,52.8,10.27
Pomegranate,21.6,32.8,counter,plastic_wrap,85.7,0.65
Pomegranate,0.9,89.2,fridge,unpackaged,69.0,20.53
Pomegranate,26.2,44.0,counter,plastic_wrap,71.8,0.37
Pomegranate,6.0,93.3,fridge,plastic_wrap,74.9,12.53
Pomegranate,3.3,94.1,fridge,perforated_bag,52.3,9.58
Pomegranate,2.7,80.5,fridge,sealed_container,83.6,38.88
Pomegranate,23.6,51.2,pantry,sealed_container,87.0,1.02
Pomegranate,3.9,88.4,fridge,plastic_wrap,77.3,16.81
Pomegranate,23.2,51.4,counter,perforated_bag,91.2,0.61
Pomegranate,24.8,54.8,counter,perforated_bag,78.2,0.71
Pomegranate,3.9,89.2,fridge,sealed_container,69.5,24.74
Pomegranate,3.7,92.5,fridge,unpackaged,76.8,16.32
Pomegranate,21.3,44.1,counter,unpackaged,90.5,0.72
Pomegranate,3.6,86.9,fridge,sealed_container,96.7,39.34
Pomegranate,3.4,81.6,fridge,unpackaged,92.0,26.72
Pomegranate,6.5,89.5,fridge,plastic_wrap,82.1,20.27
Pomegranate,5.8,87.2,fridge,sealed_container,81.3,21.95
Pomegranate,4.1,85.5,fridge,sealed_container,87.9,41.51
Pomegranate,18.3,61.0,pantry,unpackaged,74.3,0.69
Pomegranate,30.2,47.5,counter,perforated_bag,90.1,0.58
Pomegranate,0.2,78.9,fridge,sealed_container,74.1,41.05
Pomegranate,13.8,78.6,counter,perforated_bag,58.7,6.6
Pomegranate,4.0,86.8,fridge,plastic_wrap,70.4,20.52
Pomegranate,24.9,56.0,pantry,unpackaged,96.7,0.59
Pomegranate,26.4,41.9,counter,sealed_container,97.2,0.82
Pomegranate,5.6,94.8,fridge,plastic_wrap,81.1,15.02
Pomegranate,5.0,84.9,fridge,sealed_container,78.4,31.52
Pomegranate,4.0,87.2,fridge,unpackaged,75.7,16.95
Pomegranate,2.5,88.3,fridge,perforated_bag,80.0,29.78
Pomegranate,5.5,83.9,fridge,plastic_wrap,72.3,19.11
Pomegranate,2.9,87.5,fridge,perforated_bag,74.9,27.49
Pomegranate,3.1,94.4,fridge,unpackaged,84.0,20.25
Pomegranate,3.9,87.4,fridge,plastic_wrap,74.0,27.57
Pomegranate,4.1,86.2,fridge,perforated_bag,63.2,20.97
Pomegranate,27.8,62.3,counter,perforated_bag,77.6,0.59
Pomegranate,21.5,43.6,counter,plastic_wrap,85.9,1.13
Pomegranate,19.5,43.5,pantry,perforated_bag,71.5,0.91
Pomegranate,3.0,78.7,fridge,sealed_container,96.3,37.68
Pomegranate,2.4,93.8,fridge,unpackaged,68.6,14.56
Pomegranate,5.1,92.4,fridge,plastic_wrap,63.5,14.92
Pomegranate,22.7,50.5,pantry,perforated_bag,91.8,0.84
Pomegranate,22.5,56.9,pantry,sealed_container,92.9,0.94
Pomegranate,4.4,85.3,fridge,unpackaged,74.5,17.28
Pomegranate,24.6,56.2,pantry,unpackaged,79.1,0.63
Pomegranate,2.2,81.4,fridge,perforated_bag,71.9,22.38
Pomegranate,5.7,94.5,fridge,plastic_wrap,76.2,15.21
Pomegranate,25.6,66.4,counter,plastic_wrap,86.5,1.18
Pomegranate,4.8,84.2,fridge,plastic_wrap,52.5,10.25
Pomegranate,2.4,87.3,fridge,perforated_bag,78.4,28.28
Pomegranate,24.7,25.6,counter,sealed_container,84.8,0.88
Pomegranate,22.4,58.5,counter,perforated_bag,87.3,0.73
Pomegranate,7.0,92.2,fridge,unpackaged,70.3,11.27
Pomegranate,13.9,55.2,pantry,unpackaged,89.3,1.85
Pomegranate,6.5,95.0,fridge,perforated_bag,73.8,14.81
Pomegranate,4.2,90.8,fridge,perforated_bag,78.1,29.56
Pomegranate,6.6,91.7,fridge,unpackaged,95.1,22.49
Pomegranate,18.5,50.7,pantry,sealed_container,68.2,0.95
Pomegranate,2.0,92.1,fridge,sealed_container,87.5,41.47
Pomegranate,24.0,64.4,pantry,sealed_container,81.8,1.36
Pomegranate,2.5,92.0,fridge,unpackaged,49.7,6.94
Pomegranate,19.9,46.3,pantry,perforated_bag,61.2,0.63
Pomegranate,26.9,51.1,counter,perforated_bag,75.3,0.55
Pomegranate,20.5,59.2,pantry,unpackaged,61.3,0.44
Pomegranate,27.8,42.9,counter,unpackaged,78.9,0.42
Pomegranate,26.3,31.5,counter,sealed_container,77.5,0.63
Pomegranate,5.0,82.9,fridge,sealed_container,76.4,26.67
Pomegranate,3.3,75.0,fridge,unpackaged,80.4,16.93
Pomegranate,6.7,84.1,fridge,plastic_wrap,93.4,21.16
Pomegranate,6.2,94.7,fridge,plastic_wrap,70.8,15.98
Pomegranate,1.7,85.9,fridge,sealed_container,91.8,40.88
Pomegranate,21.6,59.1,pantry,sealed_container,86.1,0.9
Pomegranate,2.9,80.6,fridge,unpackaged,62.1,13.71
Pomegranate,15.7,26.8,counter,sealed_container,81.0,1.72
Pomegranate,3.7,83.8,fridge,sealed_container,87.2,35.67
Pomegranate,4.8,82.5,fridge,unpackaged,92.8,24.17
Pomegranate,22.0,50.5,counter,plastic_wrap,61.4,0.55
Pomegranate,2.1,82.7,fridge,unpackaged,50.4,9.0
Pomegranate,22.6,49.8,pantry,plastic_wrap,86.9,0.77
Pomegranate,19.9,49.6,pantry,unpackaged,85.4,1.0
Pomegranate,4.2,99.6,fridge,unpackaged,75.3,9.97
Pomegranate,4.5,72.8,fridge,sealed_container,58.3,8.41
Pomegranate,21.1,40.9,counter,unpackaged,80.6,0.86
Pomegranate,4.2,86.9,fridge,unpackaged,85.4,20.66
Pomegranate,23.9,20.2,counter,sealed_container,77.6,0.74
Pomegranate,17.7,37.0,counter,unpackaged,90.6,1.14
Pomegranate,4.1,84.3,fridge,plastic_wrap,78.0,23.76
Pomegranate,1.2,88.5,fridge,plastic_wrap,76.6,33.26
Pomegranate,14.7,61.3,pantry,plastic_wrap,91.0,1.45
Pomegranate,27.8,31.2,counter,perforated_bag,62.4,0.31
Pomegranate,3.8,92.7,fridge,plastic_wrap,83.9,16.49
Pomegranate,1.2,81.2,fridge,sealed_container,87.1,41.83
Pomegranate,19.9,66.4,pantry,perforated_bag,77.9,2.02
Pomegranate,2.1,90.7,fridge,unpackaged,78.2,16.36
Pomegranate,4.3,90.0,fridge,unpackaged,85.2,20.22
Pomegranate,5.9,82.5,fridge,sealed_container,71.5,21.7
Pomegranate,2.6,84.2,fridge,unpackaged,87.4,24.98
Pomegranate,3.5,83.6,fridge,plastic_wrap,64.2,16.92
Pomegranate,4.5,93.9,fridge,sealed_container,87.0,21.29
Pomegranate,3.4,89.6,fridge,sealed_container,88.6,37.16
Pomegranate,26.0,28.3,counter,unpackaged,80.4,0.38
Pomegranate,2.5,88.4,fridge,unpackaged,83.5,21.87
Pomegranate,2.4,83.2,fridge,perforated_bag,83.2,40.47
Pomegranate,16.9,33.7,counter,sealed_container,77.9,1.44
Pomegranate,23.4,63.9,counter,plastic_wrap,89.8,1.15
Pomegranate,3.7,86.0,fridge,sealed_container,54.3,15.68
Pomegranate,4.9,86.9,fridge,unpackaged,81.5,20.43
Pomegranate,2.8,86.8,fridge,plastic_wrap,65.1,16.0
Pomegranate,25.1,60.5,pantry,unpackaged,87.0,0.66
Pomegranate,26.8,57.6,pantry,sealed_container,93.4,0.85
Pomegranate,24.2,48.8,pantry,plastic_wrap,74.5,0.55
Pomegranate,2.9,92.6,fridge,unpackaged,89.0,28.46
Pomegranate,2.6,93.0,fridge,perforated_bag,98.8,37.6
Pomegranate,5.9,81.1,fridge,sealed_container,59.4,15.17
Pomegranate,3.5,92.8,fridge,sealed_container,81.1,25.15
Pomegranate,1.9,89.3,fridge,plastic_wrap,79.1,25.04
Pomegranate,0.8,92.4,fridge,sealed_container,90.7,42.76
Pomegranate,23.4,48.5,counter,unpackaged,87.9,0.82
Pomegranate,4.1,88.5,fridge,sealed_container,89.0,29.97
Pomegranate,5.3,90.3,fridge,unpackaged,58.1,10.28
Pomegranate,4.7,89.7,fridge,plastic_wrap,74.1,21.25
Pomegranate,22.7,56.1,pantry,unpackaged,69.0,0.57
Pomegranate,19.0,55.6,pantry,unpackaged,68.4,0.74
Pomegranate,5.7,85.3,fridge,perforated_bag,97.1,34.06
Pomegranate,3.9,85.6,fridge,sealed_container,57.1,11.54
Pomegranate,5.5,90.8,fridge,unpackaged,80.2,17.28
Pomegranate,26.1,44.9,counter,plastic_wrap,92.1,0.67
Pomegranate,4.8,84.8,fridge,perforated_bag,59.6,16.28
Pomegranate,3.6,91.2,fridge,sealed_container,68.0,18.13
Pomegranate,5.6,87.0,fridge,unpackaged,93.2,27.96
Pomegranate,6.2,82.4,fridge,plastic_wrap,78.4,17.84
Pomegranate,23.1,38.5,counter,plastic_wrap,93.6,0.79
Pomegranate,2.3,94.4,fridge,perforated_bag,63.4,16.64
Pomegranate,1.1,86.4,fridge,perforated_bag,58.3,15.6
Pomegranate,6.7,79.4,fridge,perforated_bag,61.8,13.42
Pomegranate,0.8,89.7,fridge,sealed_container,91.6,59.39
Pomegranate,4.7,87.4,fridge,perforated_bag,74.4,25.32
Pomegranate,2.8,88.8,fridge,sealed_container,59.7,16.08
Pomegranate,3.3,100.0,fridge,unpackaged,61.4,7.32
Pomegranate,27.1,47.2,counter,plastic_wrap,79.9,0.57
Pomegranate,14.5,44.3,pantry,sealed_container,59.6,1.02
Pomegranate,4.0,85.5,fridge,unpackaged,91.2,25.87
Pomegranate,3.6,91.9,fridge,plastic_wrap,71.2,20.58
Pomegranate,15.0,46.7,pantry,sealed_container,90.4,1.73
Pomegranate,2.3,89.9,fridge,perforated_bag,76.3,26.24
Pomegranate,4.9,88.8,fridge,unpackaged,82.5,18.13
Pomegranate,3.5,84.1,fridge,perforated_bag,85.5,39.38
Pomegranate,2.5,95.7,fridge,unpackaged,78.8,16.13
Pomegranate,16.7,43.0,pantry,unpackaged,72.7,0.8
Pomegranate,6.1,89.1,fridge,plastic_wrap,95.5,30.96
Pomegranate,2.9,89.5,fridge,perforated_bag,80.5,25.23
Pomegranate,4.1,82.0,fridge,perforated_bag,75.3,24.09
Pomegranate,5.9,77.2,fridge,sealed_container,68.7,20.8
Pomegranate,4.0,86.1,fridge,unpackaged,63.5,16.64
Pomegranate,4.2,85.7,fridge,unpackaged,81.3,16.16
Pomegranate,26.2,53.4,counter,plastic_wrap,96.2,0.71
Pomegranate,17.5,50.7,pantry,perforated_bag,83.8,1.48
Pomegranate,23.0,39.7,pantry,perforated_bag,75.4,0.67
Pomegranate,23.5,39.8,counter,plastic_wrap,63.0,0.36
Pomegranate,19.8,54.5,pantry,plastic_wrap,86.8,1.29
Pomegranate,3.2,89.0,fridge,plastic_wrap,66.1,17.33
Pomegranate,5.9,91.5,fridge,unpackaged,91.3,18.82
Pomegranate,4.2,94.2,fridge,unpackaged,98.6,25.15
Potato,32.8,26.4,counter,unpackaged,83.7,0.07
Potato,23.0,50.5,pantry,perforated_bag,64.3,0.12
Potato,4.5,92.6,fridge,sealed_container,93.2,8.47
Potato,6.8,91.7,fridge,perforated_bag,75.7,4.65
Potato,4.9,89.0,fridge,unpackaged,79.0,3.95
Potato,2.5,90.6,fridge,perforated_bag,55.6,3.3
Potato,2.9,91.4,fridge,perforated_bag,81.6,6.96
Potato,4.1,87.2,fridge,sealed_container,77.0,6.07
Potato,28.0,42.7,counter,unpackaged,82.1,0.08
Potato,3.4,82.3,fridge,perforated_bag,75.4,6.12
Potato,21.3,53.0,pantry,perforated_bag,63.9,0.15
Potato,2.5,85.8,fridge,plastic_wrap,90.6,9.62
Potato,4.0,97.5,fridge,unpackaged,81.1,4.52
Potato,4.5,88.6,fridge,plastic_wrap,73.8,5.64
Potato,19.2,71.7,pantry,unpackaged,79.9,0.72
Potato,21.0,54.6,pantry,perforated_bag,85.3,0.25
Potato,3.6,92.0,fridge,unpackaged,93.4,5.83
Potato,4.3,99.7,fridge,unpackaged,67.9,2.42
Potato,23.5,36.0,pantry,plastic_wrap,85.9,0.15
Potato,4.6,84.0,fridge,unpackaged,78.4,4.61
Potato,3.5,79.5,fridge,sealed_container,80.4,5.66
Potato,5.2,83.2,fridge,perforated_bag,67.1,4.33
Potato,3.6,88.4,fridge,unpackaged,69.9,3.8
Potato,23.8,34.0,pantry,perforated_bag,84.0,0.14
Potato,5.2,91.9,fridge,unpackaged,88.4,5.14
Potato,24.6,52.4,counter,unpackaged,84.3,0.14
Potato,29.5,40.0,counter,plastic_wrap,86.4,0.07
Potato,4.1,76.2,fridge,sealed_container,57.6,3.16
Potato,3.6,88.4,fridge,perforated_bag,90.9,8.01
Potato,24.2,22.9,counter,unpackaged,74.2,0.11
Potato,22.6,33.3,counter,sealed_container,67.2,0.15
Potato,24.6,47.6,pantry,sealed_container,81.0,0.16
Potato,1.9,90.3,fridge,perforated_bag,73.6,5.55
Potato,7.1,86.5,fridge,unpackaged,52.6,1.42
Potato,3.1,86.7,fridge,sealed_container,51.5,2.16
Potato,23.4,61.8,pantry,unpackaged,69.2,0.18
Potato,17.6,53.1,pantry,unpackaged,84.6,0.29
Potato,5.9,84.1,fridge,unpackaged,87.6,5.08
Potato,4.1,89.7,fridge,plastic_wrap,79.2,6.34
Potato,4.1,91.8,fridge,plastic_wrap,92.8,5.63
Potato,1.5,90.6,fridge,plastic_wrap,57.9,3.57
Potato,3.7,86.7,fridge,unpackaged,80.6,5.71
Potato,3.4,86.0,fridge,plastic_wrap,68.1,4.04
Potato,28.4,33.9,counter,plastic_wrap,94.7,0.14
Potato,3.3,88.5,fridge,plastic_wrap,66.0,4.6
Potato,20.8,60.6,counter,perforated_bag,86.1,0.45
Potato,1.4,91.7,fridge,sealed_container,77.6,5.62
Potato,5.0,85.0,fridge,unpackaged,76.7,4.63
Potato,2.1,87.6,fridge,plastic_wrap,75.0,6.66
Potato,14.9,54.5,pantry,plastic_wrap,70.2,0.26
Potato,17.8,52.1,pantry,unpackaged,67.0,0.2
Potato,20.2,52.9,counter,sealed_container,94.2,0.26
Potato,2.3,89.4,fridge,sealed_container,70.5,5.35
Potato,8.6,88.3,fridge,unpackaged,73.6,3.64
Potato,4.5,81.5,fridge,unpackaged,57.8,1.99
Potato,21.8,45.5,counter,unpackaged,80.7,0.16
Potato,4.4,87.7,fridge,perforated_bag,95.2,8.97
Potato,24.7,62.7,pantry,unpackaged,83.3,0.31
Potato,2.8,83.3,fridge,perforated_bag,83.1,6.44
Potato,25.4,41.0,counter,unpackaged,94.2,0.15
Potato,4.5,88.4,fridge,unpackaged,73.3,3.9
Potato,23.4,44.7,pantry,plastic_wrap,89.4,0.21
Potato,3.4,82.5,fridge,perforated_bag,89.2,7.85
Potato,5.2,84.8,fridge,unpackaged,66.5,3.67
Potato,21.1,50.3,counter,sealed_container,75.8,0.19
Potato,25.4,43.5,counter,perforated_bag,75.0,0.13
Potato,5.0,87.9,fridge,unpackaged,87.2,5.23
Potato,6.8,80.8,fridge,sealed_container,90.1,6.52
Potato,8.0,83.3,fridge,plastic_wrap,67.3,2.98
Potato,3.5,87.7,fridge,unpackaged,61.5,3.55
Potato,0.0,87.8,fridge,perforated_bag,74.2,8.12
Potato,3.6,96.8,fridge,unpackaged,85.8,4.85
Potato,22.8,33.0,counter,plastic_wrap,58.4,0.09
Potato,4.4,76.3,fridge,plastic_wrap,77.4,4.8
Potato,3.0,85.9,fridge,unpackaged,86.9,6.46
Potato,3.2,84.7,fridge,unpackaged,78.3,7.15
Potato,4.6,89.1,fridge,unpackaged,75.1,5.33
Potato,22.1,40.9,pantry,unpackaged,82.2,0.15
Potato,3.1,87.7,fridge,unpackaged,63.9,4.37
Potato,4.1,86.4,fridge,plastic_wrap,86.9,5.95
Potato,4.5,95.7,fridge,perforated_bag,72.6,4.82
Potato,5.6,80.8,fridge,sealed_container,79.7,5.51
Potato,7.1,83.8,fridge,unpackaged,82.4,5.08
Potato,20.1,56.7,pantry,plastic_wrap,88.0,0.27
Potato,6.0,92.0,fridge,unpackaged,87.9,4.86
Potato,2.4,85.7,fridge,unpackaged,86.5,7.89
Potato,7.7,84.6,fridge,sealed_container,87.6,7.16
Potato,22.1,37.6,pantry,sealed_container,55.5,0.08
Potato,1.8,89.3,fridge,plastic_wrap,95.9,9.8
Potato,3.7,91.7,fridge,perforated_bag,68.0,4.92
Potato,1.7,88.3,fridge,unpackaged,69.0,5.42
Potato,27.8,52.4,counter,sealed_container,85.3,0.14
Potato,4.7,86.6,fridge,perforated_bag,86.2,7.14
Potato,4.1,88.9,fridge,sealed_container,88.2,10.07
Potato,22.0,39.4,counter,plastic_wrap,82.7,0.14
Potato,5.2,93.7,fridge,unpackaged,77.8,3.95
Potato,5.5,81.9,fridge,unpackaged,74.0,4.56
Potato,2.9,85.8,fridge,plastic_wrap,70.5,5.43
Potato,19.0,46.6,counter,perforated_bag,89.9,0.27
Potato,4.6,89.7,fridge,sealed_container,86.5,8.93
Potato,3.4,86.3,fridge,plastic_wrap,63.1,3.72
Potato,4.2,94.0,fridge,perforated_bag,82.7,5.13
Potato,3.5,100.0,fridge,plastic_wrap,83.6,4.35
Potato,20.0,56.4,pantry,unpackaged,63.8,0.14
Potato,4.0,86.2,fridge,perforated_bag,86.0,9.45
Potato,18.0,43.3,pantry,perforated_bag,79.0,0.23
Potato,2.5,86.4,fridge,plastic_wrap,69.2,5.31
Potato,5.8,90.0,fridge,plastic_wrap,75.4,3.86
Potato,1.7,93.2,fridge,perforated_bag,86.8,9.48
Potato,4.3,92.3,fridge,sealed_container,65.8,4.53
Potato,23.6,25.7,counter,plastic_wrap,78.1,0.13
Potato,27.6,48.0,counter,perforated_bag,55.3,0.05
Potato,24.6,49.8,pantry,plastic_wrap,77.9,0.12
Potato,5.7,81.8,fridge,perforated_bag,81.0,4.65
Potato,22.1,65.4,pantry,perforated_bag,88.9,0.63
Potato,3.6,86.1,fridge,sealed_container,60.3,4.11
Potato,1.8,85.0,fridge,perforated_bag,70.7,4.92
Potato,17.0,41.9,pantry,unpackaged,72.6,0.23
Potato,4.8,94.6,fridge,unpackaged,84.3,3.65
Potato,23.4,31.8,counter,sealed_container,79.8,0.18
Potato,1.7,88.1,fridge,plastic_wrap,79.5,8.27
Potato,22.9,46.7,counter,perforated_bag,56.5,0.08
Potato,3.3,90.4,fridge,perforated_bag,92.7,10.39
Potato,4.0,85.8,fridge,plastic_wrap,82.8,5.73
Potato,17.7,47.5,pantry,plastic_wrap,89.2,0.38
Potato,2.7,81.7,fridge,sealed_container,59.9,5.03
Potato,24.7,55.3,counter,unpackaged,76.5,0.13
Potato,17.0,63.1,pantry,plastic_wrap,69.0,0.48
Potato,4.5,92.4,fridge,perforated_bag,71.2,3.82
Potato,3.8,92.9,fridge,sealed_container,85.7,6.68
Potato,3.4,85.6,fridge,plastic_wrap,59.4,3.06
Potato,3.6,89.2,fridge,unpackaged,81.3,4.73
Potato,18.5,45.6,pantry,perforated_bag,94.4,0.39
Potato,23.3,30.6,counter,plastic_wrap,96.2,0.22
Potato,25.5,27.2,counter,sealed_container,78.8,0.16
Potato,4.0,86.9,fridge,plastic_wrap,85.2,8.12
Potato,20.3,77.6,pantry,plastic_wrap,82.3,1.35
Potato,24.0,59.1,counter,plastic_wrap,70.0,0.19
Potato,3.9,89.6,fridge,unpackaged,79.3,4.07
Potato,23.4,59.2,pantry,plastic_wrap,82.5,0.19
Potato,3.9,90.7,fridge,perforated_bag,75.4,5.41
Potato,18.2,55.9,pantry,unpackaged,88.3,0.24
Potato,25.3,55.8,counter,sealed_container,93.5,0.18
Potato,7.4,87.9,fridge,sealed_container,71.4,3.93
Potato,1.5,84.2,fridge,unpackaged,74.5,7.58
Potato,2.3,100.0,fridge,perforated_bag,61.8,2.19
Potato,2.5,81.3,fridge,plastic_wrap,78.0,7.52
Potato,3.3,92.6,fridge,unpackaged,81.3,4.43
Potato,3.7,84.9,fridge,unpackaged,76.9,6.13
Potato,3.5,90.6,fridge,perforated_bag,73.0,6.62
Potato,6.9,84.0,fridge,perforated_bag,54.6,2.19
Potato,24.0,72.0,pantry,perforated_bag,73.9,0.73
Potato,4.3,87.7,fridge,unpackaged,96.4,5.12
Potato,4.1,91.2,fridge,perforated_bag,68.2,4.43
Potato,0.6,93.8,fridge,perforated_bag,84.8,9.4
Potato,3.5,86.6,fridge,sealed_container,76.2,6.31
Potato,2.3,89.7,fridge,perforated_bag,67.4,4.26
Potato,6.4,92.6,fridge,perforated_bag,90.3,5.49
Potato,3.4,90.7,fridge,sealed_container,77.0,6.12
Potato,3.6,89.3,fridge,unpackaged,86.0,5.18
Potato,24.0,62.6,counter,plastic_wrap,80.5,0.3
Potato,25.3,53.7,counter,sealed_container,90.5,0.17
Potato,3.3,91.7,fridge,plastic_wrap,90.4,7.58
Potato,20.9,50.1,pantry,perforated_bag,66.6,0.17
Potato,5.5,89.6,fridge,plastic_wrap,89.9,6.9
Potato,25.8,40.7,counter,perforated_bag,86.0,0.16
Potato,18.3,55.2,pantry,unpackaged,78.5,0.21
Potato,30.8,58.3,counter,plastic_wrap,72.0,0.07
Potato,2.6,91.9,fridge,sealed_container,54.1,2.84
Potato,3.0,89.5,fridge,plastic_wrap,78.7,6.44
Potato,4.0,95.0,fridge,plastic_wrap,54.1,2.26
Potato,6.4,89.8,fridge,perforated_bag,90.3,6.51
Potato,2.1,88.3,fridge,plastic_wrap,85.5,7.61
Potato,3.5,89.8,fridge,perforated_bag,71.6,5.13
Potato,6.5,85.6,fridge,sealed_container,65.0,3.65
Potato,16.1,61.6,pantry,sealed_container,85.8,0.71
Potato,7.0,87.8,fridge,perforated_bag,77.2,4.11
Potato,19.9,41.2,pantry,unpackaged,70.0,0.12
Potato,2.8,83.5,fridge,unpackaged,61.8,4.35
Potato,4.1,90.5,fridge,sealed_container,66.6,5.38
Potato,5.4,86.5,fridge,sealed_container,51.1,2.68
Potato,1.8,91.2,fridge,plastic_wrap,64.5,5.5
Potato,5.9,93.2,fridge,unpackaged,64.9,3.14
Potato,3.0,82.3,fridge,perforated_bag,85.4,8.69
Potato,20.0,52.3,pantry,plastic_wrap,90.2,0.23
Potato,3.9,86.7,fridge,unpackaged,70.5,4.54
Potato,19.0,69.5,pantry,unpackaged,67.0,0.5
Potato,18.3,51.3,pantry,perforated_bag,80.7,0.28
Potato,4.6,85.3,fridge,unpackaged,63.9,3.43
Potato,6.3,94.3,fridge,sealed_container,71.4,3.61
Potato,5.0,85.4,fridge,plastic_wrap,88.4,6.67
Potato,16.4,49.9,pantry,unpackaged,85.2,0.2
Potato,20.9,56.7,pantry,sealed_container,58.6,0.1
Potato,15.5,37.6,counter,plastic_wrap,84.2,0.36
Potato,4.6,86.0,fridge,unpackaged,81.6,3.98
Potato,4.6,89.2,fridge,perforated_bag,77.5,6.36
Potato,19.1,46.9,pantry,plastic_wrap,73.2,0.21
Potato,4.2,83.5,fridge,sealed_container,72.2,6.93
Potato,4.8,90.5,fridge,sealed_container,86.9,5.98
Potato,5.5,92.2,fridge,plastic_wrap,75.8,4.96
Potato,2.2,87.2,fridge,perforated_bag,75.2,7.55
Potato,1.0,84.0,fridge,plastic_wrap,62.1,5.45
Potato,1.5,83.1,fridge,sealed_container,81.6,8.11
Potato,4.1,92.9,fridge,unpackaged,86.4,4.43
Potato,19.8,56.8,counter,plastic_wrap,88.7,0.29
Potato,4.1,87.6,fridge,sealed_container,94.4,10.22
Potato,3.3,88.6,fridge,perforated_bag,82.9,5.23
Potato,2.5,85.3,fridge,plastic_wrap,73.4,5.63
Potato,3.9,91.1,fridge,unpackaged,64.1,2.86
Potato,24.2,43.8,pantry,sealed_container,67.4,0.1
Potato,4.6,95.4,fridge,unpackaged,79.8,3.96
Potato,21.4,68.0,pantry,sealed_container,47.4,0.2
Potato,4.2,86.7,fridge,perforated_bag,55.6,3.76
Potato,21.0,63.6,pantry,perforated_bag,83.6,0.55
Potato,3.2,90.6,fridge,unpackaged,68.3,4.1
Potato,23.3,47.7,pantry,perforated_bag,55.4,0.07
Potato,3.7,91.1,fridge,plastic_wrap,88.9,7.93
Potato,1.1,95.2,fridge,unpackaged,78.7,6.7
Potato,3.8,88.4,fridge,plastic_wrap,78.1,4.08
Potato,1.5,79.7,fridge,unpackaged,83.1,5.19
Potato,0.0,89.5,fridge,perforated_bag,70.9,7.45
Potato,3.3,86.6,fridge,plastic_wrap,81.8,5.85
Potato,24.5,51.0,pantry,plastic_wrap,86.6,0.14
Potato,3.6,95.5,fridge,unpackaged,75.2,4.41
Potato,15.9,56.9,pantry,unpackaged,96.1,0.32
Potato,34.6,35.3,counter,plastic_wrap,86.5,0.06
Potato,24.2,77.0,pantry,perforated_bag,96.1,1.04
Potato,3.8,92.3,fridge,plastic_wrap,90.5,7.21
Potato,6.0,90.7,fridge,perforated_bag,88.0,5.64
Potato,2.7,83.0,fridge,perforated_bag,70.3,6.6
Potato,5.6,82.5,fridge,perforated_bag,91.9,6.91
Potato,24.0,43.2,pantry,perforated_bag,86.5,0.21
Potato,16.3,40.3,pantry,unpackaged,83.9,0.29
Potato,6.7,91.9,fridge,plastic_wrap,84.0,4.36
Potato,2.4,93.9,fridge,perforated_bag,76.1,5.79
Potato,21.3,65.8,counter,perforated_bag,91.0,0.92
Potato,2.7,80.1,fridge,unpackaged,86.7,7.07
Potato,22.0,58.4,pantry,perforated_bag,73.3,0.26
Potato,6.0,87.8,fridge,sealed_container,86.7,7.7
Potato,21.9,42.3,counter,plastic_wrap,60.2,0.11
Potato,3.2,87.0,fridge,perforated_bag,82.3,5.99
Potato,25.3,45.2,counter,perforated_bag,88.3,0.17
Potato,21.0,49.2,pantry,unpackaged,87.4,0.2
Potato,16.9,41.6,pantry,plastic_wrap,93.8,0.44
Potato,2.2,89.8,fridge,sealed_container,76.4,9.06
Potato,3.6,89.5,fridge,perforated_bag,82.8,6.33
Potato,6.2,82.7,fridge,plastic_wrap,86.2,6.04
Potato,19.6,39.5,pantry,sealed_container,68.4,0.21
Potato,3.2,86.3,fridge,plastic_wrap,60.3,3.56
Potato,23.9,63.0,pantry,plastic_wrap,66.3,0.25
Potato,26.0,59.1,pantry,sealed_container,67.0,0.15
Potato,5.1,89.7,fridge,perforated_bag,90.3,7.56
Potato,23.3,52.2,pantry,sealed_container,80.4,0.2
Potato,5.7,90.9,fridge,sealed_container,73.1,4.35
Potato,4.4,91.5,fridge,sealed_container,92.7,5.31
Potato,5.8,88.6,fridge,sealed_container,74.3,4.86
Potato,3.5,91.0,fridge,plastic_wrap,74.0,5.63
Potato,29.1,53.1,counter,sealed_container,80.8,0.1
Potato,4.1,91.7,fridge,sealed_container,64.7,4.96
Potato,26.7,48.4,counter,perforated_bag,95.3,0.16
Potato,20.4,55.8,pantry,sealed_container,89.2,0.33
Potato,4.5,85.8,fridge,plastic_wrap,78.6,5.56
Potato,5.4,87.5,fridge,plastic_wrap,87.7,6.34
Potato,16.5,46.7,pantry,sealed_container,88.1,0.36
Potato,2.2,98.8,fridge,perforated_bag,79.2,5.01
Potato,6.4,84.3,fridge,unpackaged,86.3,4.56
Potato,3.8,87.6,fridge,sealed_container,86.0,9.67
Potato,5.5,82.6,fridge,perforated_bag,91.1,7.86
Potato,3.5,89.4,fridge,perforated_bag,83.6,7.63
Potato,22.4,65.8,counter,plastic_wrap,89.5,0.67
Potato,14.8,41.8,pantry,unpackaged,71.0,0.27
Potato,19.4,61.2,pantry,unpackaged,82.8,0.35
Potato,3.5,79.9,fridge,perforated_bag,79.8,6.33
Potato,20.6,65.1,pantry,plastic_wrap,63.1,0.43
Potato,2.4,91.8,fridge,sealed_container,65.0,4.75
Potato,1.6,85.6,fridge,sealed_container,80.2,9.59
Potato,1.9,85.2,fridge,perforated_bag,54.1,3.09
Potato,17.6,63.4,pantry,sealed_container,88.9,0.96
Potato,24.9,43.3,counter,unpackaged,97.0,0.17
Potato,4.1,84.7,fridge,perforated_bag,84.3,5.74
Potato,22.7,26.7,counter,unpackaged,56.7,0.06
Potato,26.5,43.0,counter,sealed_container,80.9,0.14
Potato,21.9,47.9,counter,plastic_wrap,90.3,0.19
Potato,18.6,61.2,pantry,sealed_container,98.5,0.87
Potato,4.0,91.2,fridge,perforated_bag,92.8,6.18
Potato,1.9,86.1,fridge,sealed_container,79.1,7.16
Potato,2.2,79.0,fridge,perforated_bag,63.1,4.18
Potato,5.7,90.2,fridge,sealed_container,79.4,6.69
Potato,4.5,82.8,fridge,plastic_wrap,68.0,5.73
Potato,4.1,90.3,fridge,unpackaged,61.7,3.01
Potato,4.7,82.8,fridge,perforated_bag,60.9,2.68
Potato,22.6,52.3,pantry,plastic_wrap,83.1,0.19
Potato,17.2,55.7,pantry,sealed_container,80.7,0.31
Potato,3.8,84.5,fridge,unpackaged,76.9,6.51
Potato,3.0,90.3,fridge,plastic_wrap,61.0,4.25
Potato,5.9,91.9,fridge,sealed_container,71.5,4.83
Potato,25.8,41.9,counter,sealed_container,78.4,0.15
Potato,3.5,87.1,fridge,sealed_container,68.5,4.2
Potato,4.5,84.9,fridge,sealed_container,66.4,4.61
Potato,29.7,48.4,counter,plastic_wrap,87.6,0.09
Potato,25.6,56.5,counter,plastic_wrap,73.2,0.16
Potato,33.6,56.2,counter,sealed_container,81.0,0.07
Potato,4.2,92.4,fridge,plastic_wrap,72.0,4.99
Potato,18.5,59.5,pantry,unpackaged,81.0,0.33
Potato,24.2,33.9,counter,sealed_container,99.0,0.22
Potato,21.6,33.8,counter,plastic_wrap,56.8,0.1
Potato,3.3,84.9,fridge,perforated_bag,68.6,4.07
Potato,23.8,57.1,pantry,perforated_bag,94.5,0.27
Potato,19.1,64.7,pantry,perforated_bag,85.0,0.72
Potato,3.6,87.7,fridge,perforated_bag,81.6,6.85
Potato,3.3,92.0,fridge,unpackaged,92.1,5.25
Potato,2.9,90.4,fridge,plastic_wrap,67.3,4.88
Potato,2.5,88.9,fridge,plastic_wrap,82.2,5.68
Potato,5.3,89.2,fridge,perforated_bag,87.8,6.14
Potato,4.4,90.0,fridge,unpackaged,74.3,4.22
Potato,21.4,32.2,counter,perforated_bag,84.8,0.23
Potato,19.2,79.1,pantry,perforated_bag,76.2,1.42
Potato,3.8,85.5,fridge,perforated_bag,73.2,5.85
Potato,5.4,95.1,fridge,sealed_container,73.2,4.18
Potato,4.0,94.6,fridge,plastic_wrap,58.4,2.65
Potato,22.6,41.8,counter,plastic_wrap,59.4,0.08
Potato,27.0,34.4,counter,perforated_bag,69.8,0.11
Potato,31.1,57.6,counter,sealed_container,88.5,0.09
Potato,5.9,88.0,fridge,plastic_wrap,95.4,7.67
Potato,3.6,90.9,fridge,perforated_bag,71.4,5.9
Potato,5.7,89.4,fridge,unpackaged,86.2,6.11
Potato,6.1,94.6,fridge,perforated_bag,62.7,3.04
Potato,3.2,88.7,fridge,unpackaged,87.3,6.03
Potato,5.0,96.2,fridge,plastic_wrap,80.8,3.73
Potato,22.5,54.1,pantry,perforated_bag,84.3,0.22
Potato,4.3,82.4,fridge,sealed_container,82.5,8.1
Potato,3.5,99.0,fridge,plastic_wrap,67.8,3.32
Potato,4.4,84.1,fridge,plastic_wrap,80.9,6.98
Potato,2.2,88.6,fridge,unpackaged,66.0,3.8
Potato,4.3,94.0,fridge,unpackaged,54.0,2.29
Potato,2.2,88.1,fridge,plastic_wrap,93.6,9.2
Potato,17.6,50.5,counter,unpackaged,77.6,0.26
Potato,13.4,54.0,pantry,perforated_bag,68.4,0.35
Potato,3.7,98.7,fridge,plastic_wrap,89.3,3.92
Potato,16.7,66.2,pantry,unpackaged,95.2,0.98
Potato,2.6,91.5,fridge,sealed_container,76.2,8.54
Potato,24.3,57.9,pantry,perforated_bag,88.9,0.19
Potato,21.6,62.4,counter,unpackaged,71.9,0.29
Potato,15.9,36.9,pantry,plastic_wrap,86.8,0.33
Potato,4.4,98.3,fridge,perforated_bag,79.1,4.32
Potato,20.9,62.0,pantry,sealed_container,52.2,0.18
Potato,4.6,76.9,fridge,sealed_container,85.2,6.68
Potato,6.0,88.7,fridge,plastic_wrap,78.3,5.1
Potato,5.8,91.7,fridge,sealed_container,85.3,5.68
Potato,2.4,85.7,fridge,sealed_container,60.7,4.83
Potato,4.7,88.2,fridge,sealed_container,70.4,5.18
Potato,0.0,86.2,fridge,perforated_bag,76.0,8.97
Potato,4.8,91.6,fridge,sealed_container,74.3,4.34
Potato,22.1,35.3,counter,perforated_bag,61.0,0.11
Potato,15.5,56.9,pantry,plastic_wrap,69.8,0.23
Potato,26.7,43.4,counter,perforated_bag,82.9,0.12
Potato,3.0,91.1,fridge,sealed_container,75.2,7.31
Potato,23.3,28.8,counter,plastic_wrap,66.9,0.09
Potato,21.5,48.4,pantry,perforated_bag,68.8,0.14
Potato,0.9,90.9,fridge,unpackaged,94.8,7.25
Potato,4.7,89.2,fridge,sealed_container,67.2,6.29
Potato,3.8,87.2,fridge,unpackaged,57.5,2.93
Potato,0.3,87.2,fridge,unpackaged,52.1,3.0
Potato,26.8,57.1,counter,unpackaged,50.4,0.03
Potato,16.9,43.3,pantry,plastic_wrap,83.4,0.26
Potato,20.5,47.4,counter,perforated_bag,80.3,0.26
Potato,21.1,47.6,pantry,unpackaged,75.3,0.11
Potato,19.5,49.7,pantry,perforated_bag,87.0,0.24
Potato,4.7,87.5,fridge,perforated_bag,87.8,6.86
Potato,3.8,85.7,fridge,plastic_wrap,50.7,2.11
Potato,4.3,90.9,fridge,plastic_wrap,72.7,3.67
Potato,25.9,45.6,pantry,unpackaged,65.1,0.05
Potato,4.3,89.2,fridge,unpackaged,91.0,6.19
Potato,4.2,91.8,fridge,perforated_bag,68.9,5.57
Potato,26.8,53.8,counter,perforated_bag,54.0,0.05
Potato,22.3,46.9,counter,perforated_bag,81.7,0.19
Potato,23.1,48.7,pantry,perforated_bag,86.5,0.19
Potato,6.9,86.9,fridge,plastic_wrap,77.9,4.75
Potato,2.0,94.5,fridge,unpackaged,84.2,7.22
Potato,21.9,47.0,pantry,perforated_bag,85.6,0.2
Potato,14.6,75.8,pantry,unpackaged,77.9,1.45
Potato,24.0,38.4,counter,unpackaged,77.0,0.12
Potato,21.0,76.5,pantry,sealed_container,75.2,1.12
Potato,3.6,84.3,fridge,sealed_container,68.5,5.34
Potato,29.1,43.3,counter,perforated_bag,65.0,0.07
Potato,2.2,88.8,fridge,plastic_wrap,65.0,5.42
Potato,24.5,46.0,counter,plastic_wrap,91.1,0.19
Potato,24.2,30.5,counter,plastic_wrap,82.7,0.17
Potato,23.2,52.0,pantry,unpackaged,72.0,0.11
Potato,5.3,85.3,fridge,unpackaged,64.1,3.32
Potato,2.7,86.1,fridge,plastic_wrap,86.7,6.7
Potato,0.8,91.7,fridge,sealed_container,86.7,6.77
Potato,3.4,94.1,fridge,unpackaged,80.4,4.38
Potato,27.1,57.9,counter,sealed_container,73.2,0.17
Potato,14.7,45.1,counter,sealed_container,80.9,0.29
Potato,3.1,94.8,fridge,sealed_container,61.8,4.39
Potato,6.4,83.5,fridge,perforated_bag,81.3,6.09
Potato,27.5,43.5,counter,unpackaged,72.2,0.08
Potato,22.8,50.7,pantry,unpackaged,89.5,0.19
Potato,3.2,82.5,fridge,sealed_container,92.0,11.12
Strawberry,21.9,34.0,counter,unpackaged,84.0,0.04
Strawberry,1.1,83.2,fridge,plastic_wrap,75.5,1.57
Strawberry,3.5,86.6,fridge,plastic_wrap,67.6,1.53
Strawberry,23.4,35.5,counter,unpackaged,84.4,0.05
Strawberry,27.1,47.8,counter,unpackaged,77.2,0.03
Strawberry,25.2,43.4,counter,sealed_container,56.4,0.02
Strawberry,17.4,60.1,pantry,plastic_wrap,54.9,0.04
Strawberry,0.5,87.3,fridge,unpackaged,79.2,1.36
Strawberry,3.9,81.8,fridge,unpackaged,78.0,0.61
Strawberry,5.7,87.9,fridge,plastic_wrap,60.1,0.79
Strawberry,24.0,40.4,counter,perforated_bag,90.5,0.05
Strawberry,2.3,90.1,fridge,sealed_container,83.7,2.07
Strawberry,4.3,91.3,fridge,perforated_bag,53.6,0.83
Strawberry,4.7,90.2,fridge,sealed_container,75.1,1.46
Strawberry,4.2,93.3,fridge,sealed_container,63.6,0.98
Strawberry,3.1,85.2,fridge,plastic_wrap,89.4,2.02
Strawberry,19.2,22.7,counter,unpackaged,93.4,0.06
Strawberry,2.6,85.8,fridge,plastic_wrap,88.7,1.62
Strawberry,5.6,79.3,fridge,perforated_bag,83.3,0.76
Strawberry,3.1,91.8,fridge,sealed_container,90.7,1.83
Strawberry,4.1,82.5,fridge,sealed_container,71.8,0.97
Strawberry,2.5,81.8,fridge,plastic_wrap,72.6,1.2
Strawberry,5.4,87.9,fridge,unpackaged,75.7,1.29
Strawberry,21.5,44.0,counter,plastic_wrap,91.2,0.06
Strawberry,2.8,88.5,fridge,unpackaged,71.2,1.6
Strawberry,5.0,83.4,fridge,perforated_bag,74.1,1.17
Strawberry,26.3,46.1,counter,unpackaged,89.6,0.03
Strawberry,7.3,92.3,fridge,perforated_bag,53.8,0.46
Strawberry,22.7,55.9,counter,plastic_wrap,83.9,0.05
Strawberry,23.1,37.8,counter,sealed_container,96.3,0.07
Strawberry,16.8,57.2,pantry,sealed_container,54.1,0.04
Strawberry,0.1,86.6,fridge,perforated_bag,93.1,3.02
Strawberry,4.0,92.9,fridge,perforated_bag,70.3,1.34
Strawberry,3.7,83.7,fridge,plastic_wrap,91.3,1.5
Strawberry,5.3,90.1,fridge,sealed_container,78.7,1.52
Strawberry,22.1,59.7,pantry,sealed_container,66.9,0.05
Strawberry,20.0,43.0,counter,plastic_wrap,82.9,0.05
Strawberry,4.0,78.5,fridge,perforated_bag,63.9,0.49
Strawberry,1.5,92.9,fridge,unpackaged,77.9,1.65
Strawberry,4.5,83.2,fridge,plastic_wrap,84.1,1.21
Strawberry,3.1,83.5,fridge,perforated_bag,66.4,1.25
Strawberry,5.6,83.5,fridge,plastic_wrap,85.1,1.31
Strawberry,23.3,58.3,pantry,perforated_bag,75.0,0.04
Strawberry,20.9,60.8,pantry,sealed_container,74.2,0.06
Strawberry,5.6,91.0,fridge,sealed_container,75.6,1.18
Strawberry,3.4,94.3,fridge,unpackaged,65.3,0.88
Strawberry,18.8,34.0,counter,sealed_container,92.3,0.09
Strawberry,4.4,90.0,fridge,perforated_bag,67.1,1.21
Strawberry,4.7,88.6,fridge,plastic_wrap,73.4,1.5
Strawberry,4.1,88.4,fridge,perforated_bag,86.4,1.88
Strawberry,4.1,79.7,fridge,sealed_container,55.9,0.33
Strawberry,3.7,95.4,fridge,sealed_container,71.5,1.58
Strawberry,3.5,89.3,fridge,unpackaged,79.9,1.6
Strawberry,3.7,87.7,fridge,unpackaged,85.7,1.86
Strawberry,2.1,91.4,fridge,perforated_bag,52.5,0.72
Strawberry,25.1,32.2,counter,unpackaged,73.5,0.03
Strawberry,4.3,85.1,fridge,plastic_wrap,87.1,1.48
Strawberry,14.2,68.1,pantry,plastic_wrap,85.5,0.11
Strawberry,5.7,89.4,fridge,perforated_bag,85.0,1.64
Strawberry,22.7,57.8,pantry,sealed_container,87.8,0.06
Strawberry,3.7,97.2,fridge,plastic_wrap,76.5,1.45
Strawberry,5.1,89.5,fridge,perforated_bag,62.0,1.05
Strawberry,1.7,91.2,fridge,sealed_container,71.6,2.0
Strawberry,6.1,80.8,fridge,plastic_wrap,65.6,0.48
Strawberry,3.1,95.3,fridge,plastic_wrap,85.5,1.45
Strawberry,2.4,100.0,fridge,unpackaged,55.4,0.37
Strawberry,3.4,89.7,fridge,perforated_bag,77.1,1.94
Strawberry,4.6,89.8,fridge,perforated_bag,76.0,1.55
Strawberry,23.3,53.6,pantry,plastic_wrap,88.3,0.06
Strawberry,20.4,55.7,counter,perforated_bag,82.7,0.07
Strawberry,18.2,48.0,pantry,plastic_wrap,55.5,0.03
Strawberry,17.5,60.7,pantry,plastic_wrap,87.3,0.08
Strawberry,2.7,97.1,fridge,plastic_wrap,67.5,0.8
Strawberry,3.0,99.5,fridge,perforated_bag,83.9,1.04
Strawberry,3.1,85.9,fridge,unpackaged,93.5,1.76
Strawberry,4.7,92.5,fridge,perforated_bag,98.2,1.63
Strawberry,3.4,80.3,fridge,plastic_wrap,50.8,0.33
Strawberry,5.2,78.2,fridge,unpackaged,62.4,0.31
Strawberry,19.0,37.9,pantry,plastic_wrap,83.5,0.07
Strawberry,20.3,49.8,pantry,unpackaged,79.8,0.06
Strawberry,4.8,93.5,fridge,plastic_wrap,85.0,1.59
Strawberry,17.3,48.3,counter,plastic_wrap,51.7,0.03
Strawberry,32.3,38.0,counter,sealed_container,70.6,0.02
Strawberry,5.4,84.3,fridge,perforated_bag,97.1,1.96
Strawberry,18.6,47.8,counter,plastic_wrap,86.2,0.07
Strawberry,4.5,83.2,fridge,unpackaged,86.6,1.02
Strawberry,5.8,92.8,fridge,plastic_wrap,88.6,1.77
Strawberry,29.8,46.6,counter,plastic_wrap,72.3,0.02
Strawberry,15.5,57.3,counter,unpackaged,70.5,0.06
Strawberry,22.2,47.7,pantry,sealed_container,85.7,0.06
Strawberry,8.0,84.3,fridge,sealed_container,89.3,1.18
Strawberry,1.7,93.9,fridge,sealed_container,71.2,1.88
Strawberry,3.9,82.2,fridge,plastic_wrap,69.7,0.81
Strawberry,3.3,92.1,fridge,perforated_bag,74.5,1.33
Strawberry,26.2,47.2,counter,unpackaged,68.7,0.02
Strawberry,5.3,86.9,fridge,sealed_container,79.7,1.91
Strawberry,5.9,90.1,fridge,plastic_wrap,62.4,0.94
Strawberry,5.6,91.1,fridge,sealed_container,85.4,1.68
Strawberry,3.5,88.8,fridge,plastic_wrap,64.3,1.07
Strawberry,2.6,87.4,fridge,perforated_bag,92.8,2.83
Strawberry,4.0,96.4,fridge,unpackaged,72.6,1.03
Strawberry,23.9,50.0,counter,perforated_bag,74.5,0.04
Strawberry,25.6,50.6,pantry,perforated_bag,87.9,0.04
Strawberry,3.3,90.5,fridge,unpackaged,75.6,1.14
Strawberry,6.6,85.1,fridge,plastic_wrap,95.4,1.72
Strawberry,3.3,87.3,fridge,sealed_container,59.4,1.25
Strawberry,11.4,68.5,pantry,perforated_bag,71.3,0.11
Strawberry,3.9,80.4,fridge,plastic_wrap,79.7,0.74
Strawberry,3.4,80.2,fridge,sealed_container,79.3,0.98
Strawberry,16.2,35.4,pantry,plastic_wrap,52.3,0.03
Strawberry,5.1,78.3,fridge,perforated_bag,83.2,0.6
Strawberry,3.0,85.7,fridge,plastic_wrap,81.8,1.8
Strawberry,3.0,92.9,fridge,sealed_container,59.0,1.12
Strawberry,20.3,46.1,counter,perforated_bag,67.9,0.05
Strawberry,3.4,87.8,fridge,perforated_bag,74.8,1.79
Strawberry,19.2,51.3,counter,unpackaged,80.2,0.06
Strawberry,19.8,44.3,counter,unpackaged,47.3,0.01
Strawberry,0.2,91.3,fridge,plastic_wrap,87.9,2.54
Strawberry,6.5,88.2,fridge,unpackaged,95.3,1.9
Strawberry,3.4,92.5,fridge,sealed_container,75.3,2.08
Strawberry,1.1,96.9,fridge,plastic_wrap,54.3,0.56
Strawberry,4.9,81.1,fridge,unpackaged,93.5,0.97
Strawberry,21.9,56.8,counter,perforated_bag,87.9,0.08
Strawberry,20.6,53.6,pantry,unpackaged,86.8,0.06
Strawberry,6.4,77.5,fridge,perforated_bag,87.4,0.5
Strawberry,15.8,52.5,pantry,unpackaged,77.0,0.06
Strawberry,3.2,89.8,fridge,sealed_container,62.1,1.33
Strawberry,3.8,87.8,fridge,unpackaged,81.8,1.26
Strawberry,2.6,97.8,fridge,sealed_container,84.0,1.5
Strawberry,21.5,52.4,counter,unpackaged,71.9,0.04
Strawberry,4.9,92.0,fridge,plastic_wrap,67.1,1.43
Strawberry,5.8,84.9,fridge,unpackaged,84.2,1.08
Strawberry,4.6,94.1,fridge,unpackaged,82.4,1.09
Strawberry,24.3,53.3,pantry,plastic_wrap,56.6,0.02
Strawberry,6.0,78.1,fridge,perforated_bag,77.1,0.46
Strawberry,1.0,87.8,fridge,plastic_wrap,96.1,2.4
Strawberry,28.2,53.7,counter,unpackaged,89.6,0.04
Strawberry,5.1,95.6,fridge,perforated_bag,71.3,0.78
Strawberry,2.9,90.8,fridge,unpackaged,82.1,1.57
Strawberry,3.9,84.8,fridge,perforated_bag,91.5,2.23
Strawberry,4.3,80.9,fridge,perforated_bag,59.6,0.71
Strawberry,6.7,84.8,fridge,unpackaged,92.9,1.44
Strawberry,27.7,40.8,counter,sealed_container,91.0,0.03
Strawberry,4.3,87.3,fridge,perforated_bag,81.4,1.86
Strawberry,19.2,64.6,pantry,perforated_bag,52.7,0.03
Strawberry,19.0,44.4,counter,perforated_bag,61.7,0.04
Strawberry,4.8,87.4,fridge,unpackaged,82.5,1.51
Strawberry,3.8,81.3,fridge,sealed_container,75.4,1.1
Strawberry,1.8,85.2,fridge,plastic_wrap,94.5,2.29
Strawberry,3.9,84.9,fridge,perforated_bag,79.7,1.66
Strawberry,4.8,88.7,fridge,perforated_bag,91.5,1.92
Strawberry,5.4,97.1,fridge,plastic_wrap,56.2,0.35
Strawberry,4.2,82.5,fridge,unpackaged,80.1,1.01
Strawberry,3.4,85.8,fridge,perforated_bag,84.4,2.01
Strawberry,22.7,56.3,pantry,sealed_container,91.3,0.07
Strawberry,3.9,89.4,fridge,sealed_container,89.1,2.17
Strawberry,6.5,85.1,fridge,sealed_container,91.1,1.54
Strawberry,3.8,99.3,fridge,unpackaged,67.2,0.56
Strawberry,23.5,58.0,counter,unpackaged,75.0,0.04
Strawberry,3.8,89.6,fridge,perforated_bag,82.6,1.71
Strawberry,2.9,85.6,fridge,perforated_bag,92.3,2.02
Strawberry,4.8,86.6,fridge,unpackaged,80.3,1.27
Strawberry,19.9,53.6,pantry,unpackaged,61.4,0.03
Strawberry,2.4,86.3,fridge,plastic_wrap,61.0,1.07
Strawberry,5.3,92.6,fridge,sealed_container,83.6,1.53
Strawberry,1.6,86.9,fridge,perforated_bag,70.9,1.66
Strawberry,3.0,86.3,fridge,perforated_bag,61.7,1.23
Strawberry,4.7,89.3,fridge,perforated_bag,74.6,1.63
Strawberry,3.4,90.2,fridge,sealed_container,63.4,1.34
Strawberry,3.2,84.4,fridge,unpackaged,75.0,1.09
Strawberry,1.6,85.7,fridge,perforated_bag,45.7,0.42
Strawberry,4.8,85.2,fridge,plastic_wrap,96.4,1.29
Strawberry,4.1,84.5,fridge,sealed_container,96.6,1.98
Strawberry,3.2,83.6,fridge,perforated_bag,83.3,1.82
Strawberry,3.3,90.5,fridge,perforated_bag,94.2,2.56
Strawberry,5.7,87.0,fridge,unpackaged,84.7,1.13
Strawberry,29.5,53.0,counter,plastic_wrap,77.1,0.02
Strawberry,2.3,91.6,fridge,unpackaged,56.6,1.13
Strawberry,20.1,67.1,pantry,sealed_container,57.3,0.03
Strawberry,5.6,85.9,fridge,sealed_container,95.3,2.03
Strawberry,17.5,48.6,pantry,plastic_wrap,96.2,0.11
Strawberry,19.4,35.1,counter,sealed_container,72.0,0.07
Strawberry,3.8,86.2,fridge,perforated_bag,59.7,0.96
Strawberry,3.5,96.4,fridge,unpackaged,76.5,1.2
Strawberry,7.3,91.5,fridge,unpackaged,84.2,1.3
Strawberry,4.9,88.8,fridge,sealed_container,78.9,2.13
Strawberry,4.1,84.9,fridge,plastic_wrap,65.0,0.88
Strawberry,1.8,90.2,fridge,plastic_wrap,64.1,1.46
Strawberry,3.3,94.1,fridge,sealed_container,58.5,1.17
Strawberry,2.1,83.6,fridge,plastic_wrap,73.0,1.4
Strawberry,3.1,96.7,fridge,unpackaged,63.4,0.83
Strawberry,2.9,85.7,fridge,plastic_wrap,87.0,1.75
Strawberry,1.7,84.2,fridge,plastic_wrap,91.4,1.52
Strawberry,5.2,88.0,fridge,perforated_bag,87.0,2.05
Strawberry,20.1,34.8,counter,unpackaged,71.8,0.05
Strawberry,2.9,90.3,fridge,perforated_bag,80.2,1.62
Strawberry,3.7,96.5,fridge,sealed_container,51.7,0.73
Strawberry,22.0,47.9,pantry,sealed_container,70.1,0.06
Strawberry,4.2,83.2,fridge,sealed_container,70.4,0.89
Strawberry,17.5,54.7,pantry,perforated_bag,66.7,0.05
Strawberry,17.2,35.4,counter,unpackaged,89.4,0.08
Strawberry,26.1,75.4,counter,perforated_bag,64.3,0.03
Strawberry,2.2,94.5,fridge,unpackaged,88.0,1.37
Strawberry,18.9,48.0,pantry,sealed_container,91.3,0.08
Strawberry,19.0,46.7,counter,plastic_wrap,77.0,0.05
Strawberry,3.5,87.1,fridge,perforated_bag,82.0,1.35
Strawberry,2.6,89.1,fridge,perforated_bag,86.2,2.74
Strawberry,2.6,86.8,fridge,plastic_wrap,91.3,2.57
Strawberry,6.1,90.6,fridge,perforated_bag,75.8,1.31
Strawberry,20.1,53.2,pantry,plastic_wrap,77.2,0.06
Strawberry,3.6,87.5,fridge,perforated_bag,64.4,0.99
Strawberry,14.6,59.9,pantry,plastic_wrap,68.2,0.07
Strawberry,17.6,43.2,pantry,sealed_container,81.5,0.1
Strawberry,2.1,87.0,fridge,unpackaged,68.8,1.6
Strawberry,3.8,76.6,fridge,sealed_container,70.4,0.4
Strawberry,4.9,93.7,fridge,sealed_container,86.8,2.06
Strawberry,6.1,85.3,fridge,perforated_bag,55.4,0.62
Strawberry,1.4,83.7,fridge,unpackaged,70.9,0.94
Strawberry,5.3,85.9,fridge,plastic_wrap,65.9,0.96
Strawberry,4.3,84.4,fridge,plastic_wrap,72.7,1.29
Strawberry,18.0,40.0,pantry,unpackaged,80.0,0.07
Strawberry,7.1,87.6,fridge,plastic_wrap,57.9,0.67
Strawberry,2.4,83.6,fridge,sealed_container,90.3,1.46
Strawberry,6.2,78.8,fridge,sealed_container,75.8,0.72
Strawberry,3.3,83.8,fridge,sealed_container,83.2,1.58
Strawberry,30.2,44.3,counter,perforated_bag,72.7,0.02
Strawberry,2.0,87.9,fridge,sealed_container,67.2,1.26
Strawberry,5.6,78.1,fridge,perforated_bag,55.0,0.22
Strawberry,4.5,94.6,fridge,plastic_wrap,69.3,1.11
Strawberry,7.7,86.5,fridge,perforated_bag,87.9,1.27
Strawberry,25.3,55.0,pantry,sealed_container,75.4,0.03
Strawberry,18.1,58.3,pantry,perforated_bag,92.8,0.09
Strawberry,4.0,88.5,fridge,unpackaged,84.0,1.47
Strawberry,1.8,86.8,fridge,sealed_container,99.2,3.86
Strawberry,5.8,90.5,fridge,plastic_wrap,97.4,1.63
Strawberry,22.0,39.6,counter,plastic_wrap,92.0,0.08
Strawberry,21.0,55.6,pantry,perforated_bag,73.6,0.04
Strawberry,2.4,86.9,fridge,perforated_bag,88.7,1.7
Strawberry,3.2,90.9,fridge,sealed_container,81.3,2.37
Strawberry,30.8,56.2,counter,sealed_container,75.2,0.02
Strawberry,20.5,41.1,counter,plastic_wrap,85.3,0.08
Strawberry,3.1,85.6,fridge,unpackaged,94.7,1.59
Strawberry,5.3,95.2,fridge,sealed_container,66.6,0.9
Strawberry,32.0,54.2,counter,plastic_wrap,86.9,0.03
Strawberry,2.8,86.3,fridge,perforated_bag,84.4,2.43
Strawberry,17.7,52.0,counter,plastic_wrap,60.3,0.04
Strawberry,2.9,85.7,fridge,sealed_container,82.7,1.92
Strawberry,3.7,96.1,fridge,perforated_bag,63.8,0.92
Strawberry,26.5,34.9,counter,plastic_wrap,90.4,0.04
Strawberry,0.9,82.1,fridge,plastic_wrap,79.7,1.56
Strawberry,0.6,92.3,fridge,plastic_wrap,52.6,0.89
Strawberry,19.3,65.1,pantry,plastic_wrap,81.1,0.06
Strawberry,25.0,63.3,pantry,sealed_container,80.0,0.05
Strawberry,16.9,61.3,pantry,unpackaged,78.4,0.06
Strawberry,4.9,90.6,fridge,plastic_wrap,65.4,1.46
Strawberry,4.1,91.0,fridge,sealed_container,84.7,2.11
Strawberry,5.4,80.9,fridge,perforated_bag,84.0,1.05
Strawberry,17.3,52.8,pantry,perforated_bag,95.8,0.08
Strawberry,19.6,67.8,pantry,unpackaged,92.1,0.05
Strawberry,14.8,73.0,pantry,perforated_bag,73.8,0.09
Strawberry,2.6,91.9,fridge,sealed_container,68.6,1.82
Strawberry,5.0,84.1,fridge,perforated_bag,64.8,0.84
Strawberry,21.5,44.9,pantry,perforated_bag,83.1,0.08
Strawberry,1.8,81.4,fridge,plastic_wrap,58.6,0.6
Strawberry,17.0,62.9,pantry,plastic_wrap,76.4,0.07
Strawberry,1.3,83.8,fridge,perforated_bag,86.2,1.64
Strawberry,2.5,79.7,fridge,perforated_bag,59.0,0.65
Strawberry,29.7,47.2,counter,perforated_bag,66.6,0.02
Strawberry,1.5,85.8,fridge,sealed_container,81.4,2.12
Strawberry,29.8,45.9,counter,unpackaged,87.5,0.03
Strawberry,15.3,51.2,counter,plastic_wrap,83.5,0.08
Strawberry,30.1,75.4,counter,plastic_wrap,87.2,0.04
Strawberry,19.5,56.8,counter,sealed_container,54.6,0.04
Strawberry,5.1,87.8,fridge,perforated_bag,76.7,2.01
Strawberry,27.4,45.3,counter,plastic_wrap,78.0,0.03
Strawberry,4.9,89.0,fridge,unpackaged,87.7,1.25
Strawberry,7.2,92.5,fridge,plastic_wrap,84.5,1.32
Strawberry,22.5,46.3,pantry,sealed_container,62.9,0.04
Strawberry,21.0,60.6,pantry,plastic_wrap,86.5,0.06
Strawberry,4.1,86.7,fridge,unpackaged,81.2,1.2
Strawberry,7.0,83.9,fridge,perforated_bag,77.9,0.92
Strawberry,3.6,89.8,fridge,sealed_container,57.4,1.08
Strawberry,5.7,85.9,fridge,unpackaged,92.1,1.45
Strawberry,5.8,88.1,fridge,unpackaged,83.5,1.37
Strawberry,19.7,36.6,counter,unpackaged,90.9,0.06
Strawberry,3.1,91.3,fridge,unpackaged,81.8,1.35
Strawberry,17.1,38.0,pantry,sealed_container,80.7,0.11
Strawberry,3.6,81.5,fridge,sealed_container,99.5,1.63
Strawberry,3.0,87.6,fridge,plastic_wrap,75.2,2.0
Strawberry,18.4,39.2,pantry,sealed_container,88.9,0.1
Strawberry,5.2,85.2,fridge,unpackaged,83.0,1.54
Strawberry,3.9,75.9,fridge,sealed_container,75.0,0.37
Strawberry,3.5,80.4,fridge,perforated_bag,62.9,0.53
Strawberry,28.0,37.5,counter,plastic_wrap,54.1,0.01
Strawberry,22.7,48.5,counter,plastic_wrap,73.1,0.04
Strawberry,5.9,84.8,fridge,unpackaged,70.5,0.98
Strawberry,5.6,93.9,fridge,unpackaged,90.4,1.24
Strawberry,3.7,94.0,fridge,perforated_bag,69.0,1.38
Strawberry,5.8,84.2,fridge,sealed_container,77.9,1.44
Strawberry,19.7,42.6,counter,plastic_wrap,80.4,0.05
Strawberry,13.0,55.8,counter,sealed_container,89.6,0.16
Strawberry,5.5,84.5,fridge,plastic_wrap,66.1,0.85
Strawberry,17.6,44.5,pantry,plastic_wrap,64.8,0.05
Strawberry,23.5,54.0,counter,plastic_wrap,82.0,0.05
Strawberry,20.0,71.9,pantry,sealed_container,61.0,0.04
Strawberry,4.2,88.4,fridge,plastic_wrap,80.6,2.2
Strawberry,4.2,80.4,fridge,unpackaged,58.9,0.41
Strawberry,18.5,45.4,pantry,perforated_bag,86.6,0.06
Strawberry,26.2,47.9,counter,plastic_wrap,88.6,0.03
Strawberry,21.6,56.9,counter,perforated_bag,63.7,0.04
Strawberry,1.4,87.5,fridge,unpackaged,90.8,2.38
Strawberry,26.6,43.7,pantry,plastic_wrap,74.8,0.03
Strawberry,3.1,90.5,fridge,unpackaged,85.4,1.32
Strawberry,3.0,91.0,fridge,unpackaged,56.7,0.8
Strawberry,15.3,47.3,pantry,plastic_wrap,71.0,0.08
Strawberry,19.4,53.0,pantry,unpackaged,57.2,0.03
Strawberry,3.0,91.9,fridge,perforated_bag,77.4,1.59
Strawberry,6.1,84.9,fridge,perforated_bag,84.8,1.31
Strawberry,5.3,90.7,fridge,unpackaged,91.1,1.22
Strawberry,29.3,65.4,counter,plastic_wrap,49.3,0.01
Strawberry,20.7,38.3,counter,plastic_wrap,65.2,0.04
Strawberry,22.4,47.4,counter,sealed_container,93.9,0.08
Strawberry,4.6,88.7,fridge,perforated_bag,62.6,1.44
Strawberry,20.2,35.1,counter,sealed_container,68.4,0.07
Strawberry,4.4,85.7,fridge,sealed_container,73.7,1.48
Strawberry,6.7,87.8,fridge,perforated_bag,85.0,1.4
Strawberry,18.3,73.2,pantry,plastic_wrap,77.0,0.06
Strawberry,32.2,40.4,counter,perforated_bag,82.6,0.03
Strawberry,5.7,93.1,fridge,unpackaged,81.5,1.29
Strawberry,1.6,89.9,fridge,sealed_container,87.6,2.78
Strawberry,5.0,81.1,fridge,sealed_container,77.9,0.89
Strawberry,3.4,91.6,fridge,plastic_wrap,79.2,1.71
Strawberry,15.4,32.0,counter,plastic_wrap,83.9,0.08
Strawberry,4.5,89.2,fridge,plastic_wrap,62.2,0.96
Strawberry,5.5,84.6,fridge,sealed_container,78.9,1.7
Strawberry,29.4,51.2,counter,perforated_bag,93.2,0.03
Strawberry,24.7,42.8,counter,sealed_container,80.4,0.04
Strawberry,4.9,85.4,fridge,plastic_wrap,50.4,0.49
Strawberry,2.1,76.9,fridge,plastic_wrap,91.8,0.65
Strawberry,17.1,75.9,pantry,plastic_wrap,68.6,0.08
Strawberry,4.8,84.8,fridge,sealed_container,67.5,0.91
Strawberry,4.0,90.4,fridge,unpackaged,62.9,1.06
Strawberry,3.5,90.1,fridge,plastic_wrap,63.4,1.13
Strawberry,5.8,82.0,fridge,unpackaged,75.3,0.72
Strawberry,21.3,46.9,pantry,sealed_container,76.4,0.06
Strawberry,5.5,89.5,fridge,unpackaged,65.8,0.75
Strawberry,18.1,58.0,pantry,unpackaged,74.5,0.04
Strawberry,6.1,85.4,fridge,sealed_container,57.3,0.81
Strawberry,25.7,54.1,counter,sealed_container,72.5,0.03
Strawberry,3.9,84.9,fridge,sealed_container,56.7,0.91
Strawberry,19.7,52.1,pantry,unpackaged,83.8,0.06
Strawberry,7.7,83.8,fridge,unpackaged,66.7,0.44
Strawberry,3.5,87.3,fridge,perforated_bag,62.3,1.07
Strawberry,2.5,91.7,fridge,plastic_wrap,93.3,2.04
Strawberry,20.0,71.8,pantry,plastic_wrap,68.0,0.05
Strawberry,22.7,37.8,pantry,plastic_wrap,71.3,0.03
Strawberry,21.6,35.4,counter,sealed_container,78.5,0.05
Strawberry,2.2,94.8,fridge,plastic_wrap,46.5,0.3
Strawberry,21.6,33.8,pantry,plastic_wrap,92.4,0.07
Strawberry,5.1,90.8,fridge,sealed_container,47.2,0.42
Strawberry,18.2,44.8,pantry,perforated_bag,78.9,0.07
Strawberry,6.0,87.0,fridge,sealed_container,54.1,0.66
Strawberry,25.0,50.3,pantry,sealed_container,81.6,0.04
Strawberry,1.4,88.1,fridge,sealed_container,90.7,2.22
Strawberry,24.6,33.9,counter,sealed_container,92.6,0.04
Strawberry,3.9,84.2,fridge,plastic_wrap,60.8,0.76
Strawberry,3.7,80.3,fridge,perforated_bag,83.5,0.78
Strawberry,19.3,42.5,counter,plastic_wrap,86.4,0.07
Strawberry,19.2,50.2,pantry,plastic_wrap,91.2,0.08
Strawberry,20.4,45.3,counter,perforated_bag,84.0,0.08
Strawberry,4.1,81.6,fridge,perforated_bag,86.1,1.18
Strawberry,1.4,83.9,fridge,sealed_container,64.1,1.56
Strawberry,2.4,78.5,fridge,plastic_wrap,67.1,0.56
Strawberry,16.9,58.7,pantry,sealed_container,81.5,0.1
Strawberry,19.1,63.2,pantry,plastic_wrap,64.5,0.06
Strawberry,2.9,85.6,fridge,plastic_wrap,78.0,1.85
Strawberry,1.7,83.2,fridge,unpackaged,67.1,1.12
Strawberry,22.6,69.3,pantry,unpackaged,98.8,0.05
Strawberry,1.9,85.5,fridge,plastic_wrap,71.2,1.42
Strawberry,19.3,32.2,counter,plastic_wrap,78.2,0.07
Strawberry,22.8,59.0,pantry,perforated_bag,74.7,0.06
Strawberry,20.8,59.0,pantry,sealed_container,83.0,0.06
Strawberry,21.8,69.8,counter,sealed_container,75.3,0.05
Strawberry,20.0,35.3,counter,sealed_container,54.2,0.03
Strawberry,5.2,84.4,fridge,sealed_container,87.7,1.84
Strawberry,4.8,90.3,fridge,unpackaged,71.4,1.29
Strawberry,21.9,59.4,counter,plastic_wrap,63.9,0.04
Strawberry,2.6,83.4,fridge,sealed_container,71.1,1.33
Strawberry,6.8,89.4,fridge,unpackaged,82.9,1.06
Strawberry,27.4,53.0,pantry,plastic_wrap,82.5,0.03
Strawberry,4.7,81.6,fridge,perforated_bag,77.5,1.21
Strawberry,2.8,78.7,fridge,perforated_bag,77.3,0.73
Strawberry,6.1,91.2,fridge,plastic_wrap,90.9,1.76
Strawberry,21.2,28.6,counter,sealed_container,95.3,0.08
Strawberry,2.7,94.8,fridge,unpackaged,82.5,1.53
Strawberry,4.1,90.8,fridge,perforated_bag,53.8,0.77
Strawberry,27.4,31.0,counter,sealed_container,92.4,0.05
Strawberry,29.7,53.4,counter,plastic_wrap,51.0,0.01
Strawberry,5.2,94.6,fridge,unpackaged,83.2,1.17
Strawberry,19.5,47.7,pantry,sealed_container,86.9,0.06
Tamarillo,4.1,100.0,fridge,plastic_wrap,48.4,1.26
Tamarillo,2.8,98.2,fridge,sealed_container,70.9,5.79
Tamarillo,3.2,93.0,fridge,plastic_wrap,50.9,3.1
Tamarillo,20.7,44.1,pantry,perforated_bag,73.4,0.19
Tamarillo,16.8,53.8,pantry,plastic_wrap,96.0,0.46
Tamarillo,24.9,63.8,counter,unpackaged,82.6,0.12
Tamarillo,4.2,89.2,fridge,sealed_container,88.1,7.78
Tamarillo,0.4,87.3,fridge,perforated_bag,74.1,9.43
Tamarillo,20.7,53.9,pantry,unpackaged,65.6,0.21
Tamarillo,3.1,90.3,fridge,unpackaged,60.6,4.0
Tamarillo,4.5,83.6,fridge,perforated_bag,59.2,4.57
Tamarillo,20.4,50.3,counter,unpackaged,91.0,0.31
Tamarillo,19.1,46.7,pantry,plastic_wrap,77.3,0.23
Tamarillo,3.8,87.7,fridge,perforated_bag,61.8,6.5
Tamarillo,5.0,97.9,fridge,sealed_container,73.0,4.34
Tamarillo,4.6,78.0,fridge,perforated_bag,76.5,3.83
Tamarillo,3.2,92.3,fridge,perforated_bag,82.2,8.77
Tamarillo,28.2,45.5,pantry,sealed_container,79.9,0.1
Tamarillo,19.6,47.7,pantry,perforated_bag,59.6,0.17
Tamarillo,22.1,30.2,counter,unpackaged,87.3,0.2
Tamarillo,2.7,94.4,fridge,perforated_bag,84.3,9.61
Tamarillo,4.0,85.5,fridge,plastic_wrap,92.3,10.3
Tamarillo,4.0,79.0,fridge,unpackaged,86.1,4.85
Tamarillo,2.9,89.2,fridge,plastic_wrap,71.5,8.15
Tamarillo,5.5,88.6,fridge,perforated_bag,63.6,5.41
Tamarillo,23.4,58.3,counter,sealed_container,61.4,0.1
Tamarillo,3.4,88.1,fridge,perforated_bag,88.3,10.69
Tamarillo,4.1,89.6,fridge,perforated_bag,83.2,12.09
Tamarillo,26.0,45.3,counter,plastic_wrap,92.8,0.23
Tamarillo,1.8,83.5,fridge,perforated_bag,85.3,9.99
Tamarillo,3.5,96.3,fridge,plastic_wrap,84.3,6.26
Tamarillo,2.4,87.4,fridge,plastic_wrap,86.8,9.63
Tamarillo,2.6,83.3,fridge,perforated_bag,86.7,6.7
Tamarillo,22.2,52.2,pantry,sealed_container,73.7,0.21
Tamarillo,3.5,87.9,fridge,sealed_container,79.4,8.02
Tamarillo,2.3,95.9,fridge,sealed_container,72.7,7.89
Tamarillo,25.5,62.4,counter,perforated_bag,53.6,0.09
Tamarillo,18.7,48.3,counter,plastic_wrap,62.5,0.21
Tamarillo,28.6,34.0,counter,plastic_wrap,60.7,0.06
Tamarillo,3.9,84.7,fridge,perforated_bag,54.3,3.65
Tamarillo,21.6,44.6,pantry,sealed_container,86.6,0.27
Tamarillo,6.0,91.7,fridge,perforated_bag,67.9,5.6
Tamarillo,19.0,36.4,counter,plastic_wrap,66.7,0.21
Tamarillo,4.7,80.0,fridge,plastic_wrap,95.0,5.44
Tamarillo,5.5,84.2,fridge,sealed_container,64.2,4.57
Tamarillo,2.6,86.6,fridge,unpackaged,78.0,7.78
Tamarillo,4.0,88.0,fridge,plastic_wrap,70.8,7.44
Tamarillo,16.9,41.0,counter,plastic_wrap,64.9,0.33
Tamarillo,3.8,95.3,fridge,perforated_bag,86.6,7.34
Tamarillo,2.7,95.7,fridge,unpackaged,67.4,5.51
Tamarillo,21.6,20.0,counter,unpackaged,66.1,0.17
Tamarillo,5.1,85.6,fridge,sealed_container,85.5,7.66
Tamarillo,5.5,78.0,fridge,unpackaged,63.2,2.27
Tamarillo,25.1,46.7,counter,sealed_container,76.9,0.15
Tamarillo,26.0,44.2,counter,unpackaged,66.2,0.12
Tamarillo,5.5,82.6,fridge,perforated_bag,53.3,2.33
Tamarillo,28.7,64.0,pantry,perforated_bag,69.7,0.11
Tamarillo,1.7,89.6,fridge,unpackaged,61.1,4.27
Tamarillo,18.9,69.3,pantry,sealed_container,89.0,0.28
Tamarillo,1.9,96.9,fridge,unpackaged,64.3,5.05
Tamarillo,2.6,90.8,fridge,sealed_container,82.5,10.02
Tamarillo,26.5,57.4,pantry,perforated_bag,85.3,0.17
Tamarillo,23.2,56.4,pantry,perforated_bag,84.0,0.25
Tamarillo,3.9,87.1,fridge,plastic_wrap,91.4,11.0
Tamarillo,0.8,85.1,fridge,plastic_wrap,76.5,8.48
Tamarillo,3.8,89.9,fridge,perforated_bag,89.7,11.54
Tamarillo,6.2,90.7,fridge,sealed_container,68.7,4.45
Tamarillo,22.0,67.8,pantry,sealed_container,87.1,0.27
Tamarillo,21.6,29.6,counter,plastic_wrap,84.1,0.25
Tamarillo,22.1,67.1,pantry,sealed_container,67.4,0.15
Tamarillo,2.7,86.1,fridge,unpackaged,79.0,7.81
Tamarillo,18.6,55.2,pantry,plastic_wrap,68.9,0.2
Tamarillo,5.1,84.3,fridge,sealed_container,91.2,7.33
Tamarillo,2.5,86.2,fridge,unpackaged,56.9,3.64
Tamarillo,4.9,89.5,fridge,perforated_bag,73.9,7.49
Tamarillo,7.1,89.5,fridge,sealed_container,72.3,4.58
Tamarillo,2.8,83.4,fridge,sealed_container,71.6,6.63
Tamarillo,22.7,45.0,counter,unpackaged,79.8,0.22
Tamarillo,19.4,68.5,pantry,unpackaged,66.8,0.2
Tamarillo,17.8,39.7,counter,sealed_container,64.9,0.29
Tamarillo,27.1,47.2,counter,plastic_wrap,84.1,0.2
Tamarillo,6.2,95.1,fridge,sealed_container,85.9,6.6
Tamarillo,0.7,89.3,fridge,unpackaged,81.0,11.78
Tamarillo,7.5,89.9,fridge,sealed_container,87.5,5.19
Tamarillo,5.1,85.4,fridge,perforated_bag,84.3,7.85
Tamarillo,15.1,44.3,pantry,perforated_bag,83.5,0.5
Tamarillo,3.3,95.9,fridge,perforated_bag,77.5,8.77
Tamarillo,2.9,93.8,fridge,unpackaged,71.6,5.61
Tamarillo,4.2,95.5,fridge,unpackaged,77.7,5.81
Tamarillo,1.2,84.7,fridge,unpackaged,76.6,8.62
Tamarillo,22.6,42.8,counter,plastic_wrap,91.7,0.33
Tamarillo,6.1,83.3,fridge,plastic_wrap,53.4,3.12
Tamarillo,3.2,82.8,fridge,unpackaged,80.3,6.83
Tamarillo,4.8,86.6,fridge,sealed_container,82.4,7.63
Tamarillo,25.8,47.6,counter,unpackaged,68.2,0.12
Tamarillo,3.6,91.0,fridge,sealed_container,67.4,5.46
Tamarillo,2.7,81.6,fridge,perforated_bag,54.6,4.14
Tamarillo,21.6,23.3,counter,perforated_bag,98.1,0.32
Tamarillo,23.0,29.9,counter,unpackaged,86.5,0.28
Tamarillo,23.8,53.5,pantry,unpackaged,90.6,0.22
Tamarillo,3.8,92.7,fridge,sealed_container,85.1,8.68
Tamarillo,27.2,56.2,counter,sealed_container,72.7,0.11
Tamarillo,30.0,27.3,counter,sealed_container,80.7,0.12
Tamarillo,16.3,46.3,pantry,perforated_bag,85.7,0.53
Tamarillo,17.9,56.6,pantry,perforated_bag,80.8,0.38
Tamarillo,22.7,20.0,counter,sealed_container,72.9,0.19
Tamarillo,24.0,48.6,counter,plastic_wrap,83.3,0.2
Tamarillo,2.7,82.3,fridge,sealed_container,51.7,2.72
Tamarillo,18.1,38.0,pantry,unpackaged,67.5,0.27
Tamarillo,25.8,41.8,counter,plastic_wrap,80.4,0.21
Tamarillo,5.7,95.7,fridge,plastic_wrap,80.2,4.46
Tamarillo,4.3,78.2,fridge,unpackaged,69.4,2.05
Tamarillo,4.3,95.7,fridge,sealed_container,89.3,7.47
Tamarillo,21.4,55.7,pantry,perforated_bag,95.0,0.29
Tamarillo,6.7,86.2,fridge,plastic_wrap,86.9,9.23
Tamarillo,2.1,93.5,fridge,sealed_container,76.0,8.75
Tamarillo,26.1,57.2,pantry,sealed_container,96.2,0.18
Tamarillo,3.7,85.4,fridge,unpackaged,66.2,4.65
Tamarillo,3.8,84.9,fridge,unpackaged,79.0,7.99
Tamarillo,24.2,50.8,counter,perforated_bag,78.3,0.16
Tamarillo,1.7,80.5,fridge,unpackaged,53.0,2.07
Tamarillo,25.5,44.7,counter,unpackaged,89.8,0.16
Tamarillo,5.2,81.4,fridge,perforated_bag,87.4,6.63
Tamarillo,23.8,59.7,counter,perforated_bag,82.1,0.24
Tamarillo,1.6,90.5,fridge,unpackaged,88.7,7.99
Tamarillo,0.6,82.9,fridge,sealed_container,82.8,9.87
Tamarillo,25.0,60.4,counter,sealed_container,86.3,0.19
Tamarillo,16.8,38.1,counter,sealed_container,87.4,0.32
Tamarillo,24.2,72.8,counter,unpackaged,82.0,0.31
Tamarillo,3.2,88.3,fridge,perforated_bag,79.4,10.39
Tamarillo,5.4,91.3,fridge,perforated_bag,66.0,5.42
Tamarillo,18.2,41.3,pantry,sealed_container,81.4,0.33
Tamarillo,26.6,48.6,counter,perforated_bag,72.8,0.13
Tamarillo,21.7,74.2,pantry,sealed_container,54.5,0.2
Tamarillo,3.7,94.4,fridge,plastic_wrap,64.7,6.76
Tamarillo,4.0,88.5,fridge,sealed_container,83.2,8.57
Tamarillo,25.4,57.5,counter,sealed_container,60.3,0.1
Tamarillo,4.4,81.9,fridge,sealed_container,61.4,4.23
Tamarillo,2.9,88.1,fridge,sealed_container,66.3,6.31
Tamarillo,3.1,80.4,fridge,unpackaged,85.5,6.18
Tamarillo,24.4,43.7,counter,sealed_container,81.4,0.18
Tamarillo,4.0,96.5,fridge,unpackaged,86.4,6.04
Tamarillo,1.9,88.8,fridge,sealed_container,74.3,8.0
Tamarillo,4.9,91.7,fridge,unpackaged,85.2,8.25
Tamarillo,3.1,89.7,fridge,sealed_container,60.0,4.36
Tamarillo,24.9,57.6,counter,plastic_wrap,75.7,0.18
Tamarillo,5.2,81.0,fridge,sealed_container,84.5,4.51
Tamarillo,4.0,76.0,fridge,unpackaged,74.3,2.4
Tamarillo,2.1,97.6,fridge,perforated_bag,88.6,9.05
Tamarillo,4.5,84.1,fridge,perforated_bag,78.5,6.17
Tamarillo,4.3,85.7,fridge,perforated_bag,75.7,8.1
Tamarillo,27.6,47.1,counter,perforated_bag,66.0,0.13
Tamarillo,2.4,94.5,fridge,perforated_bag,96.5,12.2
Tamarillo,6.2,85.9,fridge,perforated_bag,80.2,7.48
Tamarillo,19.0,50.8,pantry,perforated_bag,64.7,0.28
Tamarillo,3.7,88.3,fridge,perforated_bag,78.8,6.88
Tamarillo,5.4,94.0,fridge,sealed_container,72.3,4.34
Tamarillo,3.8,86.6,fridge,unpackaged,64.9,5.17
Tamarillo,1.8,88.6,fridge,plastic_wrap,70.3,7.86
Tamarillo,7.0,95.5,fridge,perforated_bag,66.8,5.38
Tamarillo,19.5,44.4,pantry,sealed_container,80.4,0.26
Tamarillo,22.0,53.8,pantry,sealed_container,88.1,0.23
Tamarillo,4.9,95.1,fridge,perforated_bag,92.3,10.31
Tamarillo,5.5,92.1,fridge,unpackaged,61.5,4.22
Tamarillo,3.5,84.7,fridge,plastic_wrap,94.1,7.9
Tamarillo,19.4,59.1,pantry,plastic_wrap,88.4,0.39
Tamarillo,22.2,63.2,pantry,unpackaged,61.2,0.15
Tamarillo,18.6,58.1,pantry,perforated_bag,56.8,0.15
Tamarillo,3.4,86.8,fridge,unpackaged,57.7,4.32
Tamarillo,5.3,89.0,fridge,sealed_container,45.9,1.4
Tamarillo,4.7,87.0,fridge,perforated_bag,88.8,11.78
Tamarillo,6.4,86.8,fridge,plastic_wrap,59.4,4.37
Tamarillo,4.1,82.0,fridge,perforated_bag,89.1,7.77
Tamarillo,22.9,20.0,counter,unpackaged,79.2,0.2
Tamarillo,3.6,88.8,fridge,perforated_bag,84.7,11.03
Tamarillo,4.5,97.0,fridge,plastic_wrap,96.5,8.57
Tamarillo,24.2,34.8,counter,unpackaged,62.6,0.11
Tamarillo,1.3,85.3,fridge,perforated_bag,89.5,11.15
Tamarillo,17.3,71.8,pantry,plastic_wrap,80.9,0.37
Tamarillo,22.7,37.4,counter,plastic_wrap,72.0,0.15
Tamarillo,3.8,86.8,fridge,perforated_bag,47.4,2.31
Tamarillo,25.9,59.6,counter,perforated_bag,85.1,0.2
Tamarillo,5.6,80.7,fridge,plastic_wrap,55.8,2.2
Tamarillo,5.4,80.4,fridge,plastic_wrap,92.4,5.81
Tamarillo,4.5,84.1,fridge,sealed_container,80.7,5.91
Tamarillo,20.9,48.0,pantry,unpackaged,71.9,0.24
Tamarillo,19.2,72.6,pantry,sealed_container,89.4,0.57
Tamarillo,5.0,85.7,fridge,plastic_wrap,52.8,3.64
Tamarillo,4.8,99.7,fridge,perforated_bag,48.6,1.59
Tamarillo,1.2,93.0,fridge,unpackaged,58.2,4.45
Tamarillo,3.7,87.4,fridge,sealed_container,84.5,7.93
Tamarillo,3.8,83.5,fridge,unpackaged,73.8,4.73
Tamarillo,4.2,85.3,fridge,plastic_wrap,71.6,5.75
Tamarillo,4.2,93.2,fridge,perforated_bag,77.8,9.48
Tamarillo,2.2,79.4,fridge,perforated_bag,73.2,6.31
Tamarillo,3.8,88.5,fridge,perforated_bag,67.7,5.51
Tamarillo,18.5,34.7,counter,unpackaged,94.2,0.37
Tamarillo,1.3,88.6,fridge,sealed_container,70.9,8.18
Tamarillo,3.9,94.0,fridge,perforated_bag,84.3,8.2
Tamarillo,22.3,68.0,pantry,unpackaged,60.8,0.16
Tamarillo,5.0,100.0,fridge,unpackaged,87.2,4.48
Tamarillo,18.1,30.2,pantry,unpackaged,84.1,0.35
Tamarillo,25.6,62.7,counter,perforated_bag,91.7,0.25
Tamarillo,23.4,40.9,pantry,sealed_container,80.8,0.23
Tamarillo,5.4,84.8,fridge,sealed_container,62.6,3.39
Tamarillo,4.5,87.7,fridge,unpackaged,52.7,3.09
Tamarillo,3.3,92.1,fridge,perforated_bag,76.8,10.11
Tamarillo,22.6,37.6,counter,plastic_wrap,62.0,0.16
Tamarillo,24.6,49.2,counter,unpackaged,63.6,0.13
Tamarillo,4.2,88.3,fridge,unpackaged,68.6,6.27
Tamarillo,19.2,51.2,counter,perforated_bag,71.6,0.33
Tamarillo,18.9,57.9,pantry,sealed_container,86.2,0.29
Tamarillo,21.0,32.1,counter,sealed_container,75.1,0.18
Tamarillo,18.1,57.7,pantry,plastic_wrap,69.6,0.35
Tamarillo,2.4,77.1,fridge,perforated_bag,86.5,4.05
Tamarillo,20.1,49.4,pantry,perforated_bag,79.2,0.29
Tamarillo,6.6,87.8,fridge,sealed_container,83.3,7.08
Tamarillo,5.6,85.8,fridge,plastic_wrap,92.7,6.81
Tamarillo,4.3,89.8,fridge,sealed_container,73.0,6.89
Tamarillo,3.4,96.3,fridge,perforated_bag,63.8,5.09
Tamarillo,19.7,55.5,counter,sealed_container,71.0,0.18
Tamarillo,17.3,59.8,pantry,plastic_wrap,82.6,0.34
Tamarillo,4.7,89.7,fridge,plastic_wrap,70.4,7.89
Tamarillo,4.4,89.9,fridge,sealed_container,93.0,11.55
Tamarillo,24.1,40.0,counter,perforated_bag,76.4,0.21
Tamarillo,19.5,54.4,pantry,plastic_wrap,79.4,0.27
Tamarillo,6.2,91.7,fridge,unpackaged,77.1,6.08
Tamarillo,3.4,89.9,fridge,unpackaged,64.1,6.0
Tamarillo,4.6,93.9,fridge,plastic_wrap,89.2,8.56
Tamarillo,20.6,37.0,counter,unpackaged,59.2,0.16
Tamarillo,4.4,97.6,fridge,perforated_bag,74.0,5.64
Tamarillo,1.0,94.5,fridge,plastic_wrap,61.1,6.1
Tamarillo,2.2,83.8,fridge,unpackaged,92.7,7.22
Tamarillo,3.3,88.7,fridge,sealed_container,85.7,10.19
Tamarillo,2.7,93.8,fridge,sealed_container,70.8,5.65
Tamarillo,3.1,90.0,fridge,perforated_bag,58.5,7.08
Tamarillo,20.9,27.1,counter,unpackaged,57.1,0.12
Tamarillo,2.2,89.2,fridge,sealed_container,81.8,8.51
Tamarillo,3.4,79.3,fridge,sealed_container,81.1,4.13
Tamarillo,4.1,93.9,fridge,unpackaged,77.3,6.92
Tamarillo,7.0,87.5,fridge,sealed_container,78.9,5.71
Tamarillo,4.9,95.6,fridge,unpackaged,79.9,5.83
Tamarillo,4.7,82.5,fridge,plastic_wrap,69.2,4.47
Tamarillo,1.2,96.0,fridge,plastic_wrap,86.4,7.56
Tamarillo,4.7,95.3,fridge,unpackaged,91.5,9.28
Tamarillo,3.6,90.7,fridge,sealed_container,82.8,9.55
Tamarillo,16.2,50.7,pantry,sealed_container,74.3,0.4
Tamarillo,16.1,51.1,pantry,plastic_wrap,79.8,0.46
Tamarillo,29.7,58.1,counter,unpackaged,90.3,0.13
Tamarillo,21.3,49.5,counter,perforated_bag,71.0,0.28
Tamarillo,4.8,89.0,fridge,perforated_bag,85.0,11.3
Tamarillo,4.4,90.6,fridge,unpackaged,56.1,3.06
Tamarillo,5.3,79.1,fridge,plastic_wrap,69.0,3.64
Tamarillo,21.0,28.2,counter,plastic_wrap,77.0,0.29
Tamarillo,3.0,93.5,fridge,perforated_bag,72.8,7.11
Tamarillo,2.6,90.7,fridge,plastic_wrap,62.7,7.06
Tamarillo,1.1,86.7,fridge,unpackaged,72.0,8.6
Tamarillo,3.8,79.8,fridge,plastic_wrap,90.6,6.6
Tamarillo,4.1,78.6,fridge,unpackaged,75.1,2.89
Tamarillo,3.3,89.1,fridge,sealed_container,82.7,8.97
Tamarillo,3.4,98.6,fridge,sealed_container,93.5,7.09
Tamarillo,3.8,85.9,fridge,perforated_bag,49.7,2.19
Tamarillo,0.0,92.3,fridge,unpackaged,89.3,11.85
Tamarillo,24.5,51.7,counter,perforated_bag,69.3,0.14
Tamarillo,4.0,83.0,fridge,sealed_container,60.3,3.98
Tamarillo,19.7,61.9,pantry,perforated_bag,59.5,0.2
Tamarillo,16.9,54.0,pantry,sealed_container,92.5,0.39
Tamarillo,5.6,95.8,fridge,perforated_bag,72.0,6.82
Tamarillo,4.0,81.5,fridge,sealed_container,69.6,3.65
Tamarillo,3.2,71.0,fridge,unpackaged,75.2,1.32
Tamarillo,5.4,85.8,fridge,unpackaged,56.4,2.92
Tamarillo,24.7,42.1,counter,plastic_wrap,90.8,0.21
Tamarillo,13.3,63.0,pantry,unpackaged,64.4,0.28
Tamarillo,21.8,20.0,counter,perforated_bag,75.3,0.22
Tamarillo,22.5,45.1,pantry,perforated_bag,71.3,0.25
Tamarillo,4.0,81.8,fridge,plastic_wrap,75.8,6.51
Tamarillo,20.5,60.9,pantry,perforated_bag,70.5,0.26
Tamarillo,19.7,62.7,pantry,perforated_bag,54.5,0.17
Tamarillo,5.0,92.7,fridge,unpackaged,78.7,6.87
Tamarillo,16.6,57.5,pantry,plastic_wrap,78.4,0.45
Tamarillo,4.2,89.4,fridge,unpackaged,84.9,6.88
Tamarillo,3.7,91.2,fridge,unpackaged,58.4,2.94
Tamarillo,19.6,46.4,pantry,unpackaged,67.4,0.22
Tamarillo,5.8,91.5,fridge,sealed_container,63.0,2.95
Tamarillo,3.9,87.9,fridge,sealed_container,85.1,7.31
Tamarillo,19.0,50.3,pantry,perforated_bag,65.7,0.3
Tamarillo,5.6,95.3,fridge,perforated_bag,82.4,6.83
Tamarillo,7.0,86.9,fridge,sealed_container,67.8,4.56
Tamarillo,3.6,93.9,fridge,unpackaged,70.3,5.18
Tamarillo,3.2,91.0,fridge,sealed_container,68.3,6.8
Tamarillo,2.9,91.4,fridge,unpackaged,97.7,12.69
Tamarillo,5.3,82.9,fridge,sealed_container,67.8,3.44
Tamarillo,28.2,57.4,counter,plastic_wrap,77.3,0.11
Tamarillo,1.2,87.5,fridge,unpackaged,64.5,7.19
Tamarillo,17.6,60.0,pantry,unpackaged,89.9,0.49
Tamarillo,5.0,89.7,fridge,sealed_container,92.3,10.07
Tamarillo,15.7,43.5,counter,perforated_bag,70.6,0.32
Tamarillo,4.6,89.6,fridge,perforated_bag,75.9,8.22
Tamarillo,4.7,87.5,fridge,plastic_wrap,74.6,6.85
Tamarillo,22.7,47.2,counter,plastic_wrap,87.1,0.3
Tamarillo,0.4,80.8,fridge,unpackaged,86.2,7.25
Tamarillo,22.5,54.6,pantry,plastic_wrap,75.3,0.22
Tamarillo,18.1,56.5,counter,unpackaged,81.4,0.26
Tamarillo,2.6,90.0,fridge,sealed_container,82.0,9.41
Tamarillo,5.3,85.7,fridge,sealed_container,84.9,5.66
Tamarillo,1.9,83.2,fridge,unpackaged,52.2,2.08
Tamarillo,23.2,57.2,pantry,sealed_container,83.7,0.21
Tamarillo,21.4,39.1,counter,plastic_wrap,93.0,0.28
Tamarillo,16.8,20.0,counter,perforated_bag,71.8,0.34
Tamarillo,4.9,81.9,fridge,plastic_wrap,74.8,4.95
Tamarillo,4.0,80.5,fridge,sealed_container,67.9,3.83
Tamarillo,2.9,87.4,fridge,plastic_wrap,95.4,13.82
Tamarillo,3.5,81.5,fridge,plastic_wrap,85.2,4.83
Tamarillo,6.4,88.6,fridge,perforated_bag,87.5,8.4
Tamarillo,6.9,92.2,fridge,perforated_bag,78.1,8.18
Tamarillo,4.0,99.8,fridge,unpackaged,87.7,5.15
Tamarillo,1.3,83.6,fridge,perforated_bag,92.1,13.0
Tamarillo,5.5,88.8,fridge,unpackaged,86.6,6.97
Tamarillo,22.3,56.0,counter,plastic_wrap,79.0,0.31
Tamarillo,1.9,82.8,fridge,unpackaged,72.9,6.22
Tamarillo,2.8,86.4,fridge,plastic_wrap,67.3,6.2
Tamarillo,2.4,83.3,fridge,unpackaged,82.1,7.28
Tamarillo,4.7,89.1,fridge,sealed_container,83.7,6.97
Tamarillo,7.1,87.7,fridge,perforated_bag,80.0,8.35
Tamarillo,6.8,85.7,fridge,unpackaged,77.7,5.37
Tamarillo,4.0,87.5,fridge,unpackaged,82.0,8.78
Tamarillo,3.8,91.0,fridge,sealed_container,77.2,7.74
Tamarillo,5.1,86.6,fridge,perforated_bag,91.6,8.85
Tamarillo,3.2,90.2,fridge,plastic_wrap,76.7,9.81
Tamarillo,27.1,42.4,counter,unpackaged,79.9,0.1
Tamarillo,20.5,48.4,counter,sealed_container,76.3,0.17
Tamarillo,5.3,92.8,fridge,unpackaged,89.4,8.63
Tamarillo,26.2,37.7,counter,sealed_container,67.1,0.14
Tamarillo,4.3,77.0,fridge,sealed_container,87.9,4.06
Tamarillo,3.1,88.3,fridge,plastic_wrap,65.4,8.6
Tamarillo,17.2,50.9,pantry,perforated_bag,75.4,0.43
Tamarillo,30.9,41.0,counter,perforated_bag,57.3,0.08
Tamarillo,4.9,82.0,fridge,plastic_wrap,64.2,3.19
Tamarillo,1.8,82.1,fridge,unpackaged,54.3,2.99
Tamarillo,35.0,39.1,counter,perforated_bag,88.3,0.1
Tamarillo,2.8,90.0,fridge,plastic_wrap,82.7,12.44
Tamarillo,26.5,38.7,counter,plastic_wrap,63.1,0.1
Tamarillo,3.4,84.5,fridge,plastic_wrap,76.6,5.2
Tamarillo,26.6,58.7,counter,unpackaged,91.0,0.13
Tamarillo,6.6,79.9,fridge,unpackaged,80.0,2.84
Tamarillo,26.4,50.0,counter,unpackaged,77.7,0.14
Tamarillo,1.8,93.6,fridge,plastic_wrap,52.1,3.9
Tamarillo,20.1,25.4,counter,unpackaged,83.9,0.23
Tamarillo,3.2,89.4,fridge,sealed_container,76.3,8.73
Tamarillo,2.8,90.0,fridge,unpackaged,48.3,2.3
Tamarillo,3.8,92.2,fridge,perforated_bag,96.8,10.35
Tamarillo,20.8,40.8,counter,sealed_container,60.6,0.15
Tamarillo,20.1,57.1,counter,unpackaged,96.3,0.31
Tamarillo,2.4,83.5,fridge,sealed_container,69.8,7.1
Tamarillo,16.9,58.6,pantry,sealed_container,69.8,0.24
Tamarillo,23.4,59.1,pantry,plastic_wrap,88.2,0.25
Tamarillo,4.4,85.4,fridge,plastic_wrap,56.9,4.71
Tamarillo,22.8,42.8,counter,unpackaged,63.0,0.13
Tamarillo,3.2,80.5,fridge,plastic_wrap,79.7,6.83
Tamarillo,3.0,87.8,fridge,unpackaged,66.8,4.17
Tamarillo,26.0,41.8,counter,sealed_container,87.7,0.15
Tamarillo,25.3,36.5,counter,plastic_wrap,57.1,0.12
Tamarillo,2.9,90.2,fridge,plastic_wrap,96.9,15.56
Tamarillo,19.3,59.4,pantry,plastic_wrap,96.3,0.38
Tamarillo,4.7,98.4,fridge,sealed_container,67.6,4.01
Tamarillo,18.2,36.7,pantry,perforated_bag,79.2,0.35
Tamarillo,4.3,91.1,fridge,sealed_container,84.3,9.5
Tamarillo,4.6,86.2,fridge,plastic_wrap,69.3,6.48
Tamarillo,4.7,90.2,fridge,unpackaged,87.5,7.7
Tamarillo,17.8,42.3,counter,perforated_bag,48.8,0.11
Tamarillo,28.9,50.0,counter,perforated_bag,84.1,0.16
Tamarillo,18.8,58.8,pantry,unpackaged,81.2,0.23
Tamarillo,5.5,75.1,fridge,sealed_container,70.3,1.73
Tamarillo,27.8,45.4,counter,plastic_wrap,78.0,0.16
Tamarillo,16.7,54.0,pantry,perforated_bag,75.9,0.38
Tamarillo,26.6,29.8,counter,unpackaged,68.9,0.11
Tamarillo,4.4,97.1,fridge,plastic_wrap,94.1,9.69
Tamarillo,1.2,86.8,fridge,plastic_wrap,89.1,15.99
Tamarillo,1.8,74.1,fridge,unpackaged,62.6,1.99
Tamarillo,5.8,87.7,fridge,perforated_bag,87.6,9.09
Tamarillo,24.2,31.7,counter,perforated_bag,63.0,0.14
Tamarillo,14.8,49.3,counter,sealed_container,66.3,0.24
Tamarillo,5.5,93.9,fridge,plastic_wrap,71.6,6.09
Tamarillo,1.4,88.8,fridge,plastic_wrap,74.3,10.85
Tamarillo,23.8,55.8,pantry,sealed_container,87.6,0.22
Tamarillo,18.7,64.2,counter,plastic_wrap,71.0,0.27
Tamarillo,4.3,81.3,fridge,sealed_container,93.2,6.89
Tamarillo,6.4,93.2,fridge,plastic_wrap,91.9,6.43
Tamarillo,18.6,48.6,pantry,plastic_wrap,58.3,0.21
Tamarillo,14.8,56.5,counter,sealed_container,64.4,0.31
Tamarillo,7.4,98.3,fridge,sealed_container,80.2,3.24
Tamarillo,21.8,31.7,counter,plastic_wrap,60.5,0.16
Tamarillo,3.3,86.2,fridge,sealed_container,69.0,6.24
Tamarillo,20.5,51.4,pantry,plastic_wrap,73.2,0.24
Tamarillo,27.2,46.2,counter,perforated_bag,81.1,0.15
Tamarillo,4.0,84.7,fridge,sealed_container,92.9,8.54
Tamarillo,4.2,91.8,fridge,perforated_bag,63.7,5.91
Tamarillo,3.9,88.9,fridge,sealed_container,79.7,8.87
Tamarillo,18.4,43.3,pantry,sealed_container,55.2,0.16
Tamarillo,26.0,38.2,counter,perforated_bag,97.3,0.22
Tomato,20.8,59.2,pantry,unpackaged,68.4,0.09
Tomato,24.9,51.1,counter,unpackaged,83.3,0.09
Tomato,22.4,24.3,counter,plastic_wrap,93.4,0.15
Tomato,24.2,59.7,counter,unpackaged,73.8,0.06
Tomato,24.1,47.6,counter,perforated_bag,69.5,0.09
Tomato,20.6,56.7,pantry,sealed_container,86.1,0.15
Tomato,20.4,61.0,pantry,perforated_bag,58.9,0.07
Tomato,6.5,85.0,fridge,unpackaged,78.9,1.81
Tomato,19.6,40.3,counter,plastic_wrap,85.1,0.22
Tomato,26.4,62.9,counter,plastic_wrap,70.1,0.06
Tomato,1.2,86.3,fridge,perforated_bag,56.7,2.51
Tomato,23.3,34.3,counter,unpackaged,52.9,0.04
Tomato,2.0,98.3,fridge,sealed_container,80.8,2.81
Tomato,19.5,49.5,pantry,plastic_wrap,82.9,0.14
Tomato,4.7,87.1,fridge,perforated_bag,78.8,3.08
Tomato,3.7,86.2,fridge,plastic_wrap,94.5,5.58
Tomato,2.6,91.8,fridge,unpackaged,82.9,3.7
Tomato,25.6,65.2,counter,sealed_container,90.8,0.08
Tomato,18.9,47.1,pantry,perforated_bag,64.8,0.15
Tomato,21.8,54.9,pantry,plastic_wrap,83.9,0.13
Tomato,4.1,85.7,fridge,unpackaged,87.5,5.01
Tomato,4.7,85.8,fridge,unpackaged,72.4,2.9
Tomato,3.2,89.4,fridge,perforated_bag,62.1,3.09
Tomato,4.1,85.3,fridge,plastic_wrap,83.7,4.61
Tomato,7.4,90.3,fridge,unpackaged,94.4,2.96
Tomato,23.1,65.2,pantry,unpackaged,76.9,0.08
Tomato,3.7,82.4,fridge,unpackaged,87.6,3.58
Tomato,23.0,60.8,pantry,plastic_wrap,79.5,0.08
Tomato,24.2,45.6,counter,sealed_container,87.5,0.09
Tomato,25.7,58.1,counter,unpackaged,65.0,0.05
Tomato,19.4,62.2,pantry,plastic_wrap,84.3,0.16
Tomato,3.6,86.7,fridge,plastic_wrap,79.8,4.06
Tomato,3.4,87.1,fridge,unpackaged,88.2,4.29
Tomato,18.8,58.4,pantry,sealed_container,79.4,0.16
Tomato,0.8,94.0,fridge,sealed_container,65.9,3.19
Tomato,4.3,91.3,fridge,unpackaged,92.3,3.8
Tomato,5.8,93.5,fridge,perforated_bag,67.9,3.28
Tomato,20.3,51.5,pantry,unpackaged,87.2,0.12
Tomato,3.1,89.7,fridge,sealed_container,72.5,3.82
Tomato,21.6,61.9,pantry,sealed_container,76.6,0.11
Tomato,4.3,85.9,fridge,unpackaged,52.5,1.52
Tomato,3.6,84.9,fridge,unpackaged,80.3,2.86
Tomato,3.1,90.8,fridge,unpackaged,86.0,4.1
Tomato,5.3,91.2,fridge,unpackaged,90.0,3.93
Tomato,2.5,94.5,fridge,unpackaged,80.8,3.69
Tomato,28.6,47.0,counter,perforated_bag,91.3,0.1
Tomato,5.6,89.6,fridge,perforated_bag,91.3,5.51
Tomato,4.8,99.5,fridge,unpackaged,52.1,0.7
Tomato,21.9,48.3,pantry,sealed_container,66.5,0.08
Tomato,3.2,92.4,fridge,sealed_container,74.7,3.4
Tomato,1.7,96.3,fridge,perforated_bag,83.8,4.9
Tomato,5.4,87.5,fridge,plastic_wrap,87.2,3.58
Tomato,4.3,87.2,fridge,perforated_bag,70.1,3.32
Tomato,27.8,51.6,counter,unpackaged,59.2,0.03
Tomato,4.0,93.9,fridge,plastic_wrap,68.3,4.02
Tomato,23.3,49.3,pantry,plastic_wrap,89.0,0.12
Tomato,27.8,55.0,pantry,plastic_wrap,66.7,0.05
Tomato,27.5,33.8,counter,unpackaged,61.2,0.05
Tomato,6.6,86.1,fridge,perforated_bag,80.9,3.16
Tomato,7.0,93.3,fridge,unpackaged,55.0,1.13
Tomato,3.4,96.5,fridge,unpackaged,64.4,2.49
Tomato,21.5,70.4,pantry,unpackaged,81.0,0.1
Tomato,3.0,87.9,fridge,perforated_bag,81.6,5.36
Tomato,4.5,100.0,fridge,plastic_wrap,90.9,3.09
Tomato,24.2,49.4,counter,sealed_container,58.0,0.05
Tomato,5.9,77.2,fridge,sealed_container,77.0,1.35
Tomato,3.3,91.3,fridge,sealed_container,89.9,4.57
Tomato,4.3,89.3,fridge,perforated_bag,86.0,4.88
Tomato,4.9,82.8,fridge,perforated_bag,87.7,3.61
Tomato,2.4,86.7,fridge,perforated_bag,74.8,3.6
Tomato,6.7,84.5,fridge,unpackaged,86.3,2.89
Tomato,16.4,39.7,counter,perforated_bag,87.0,0.28
Tomato,2.8,92.6,fridge,perforated_bag,92.0,5.21
Tomato,3.6,89.5,fridge,unpackaged,85.6,4.02
Tomato,25.7,48.6,counter,unpackaged,87.1,0.09
Tomato,21.4,52.1,counter,unpackaged,72.0,0.1
Tomato,4.7,96.8,fridge,perforated_bag,78.0,3.96
Tomato,25.0,37.1,counter,perforated_bag,59.8,0.05
Tomato,4.7,81.2,fridge,unpackaged,72.1,2.41
Tomato,4.8,88.0,fridge,sealed_container,56.8,1.67
Tomato,4.4,82.2,fridge,unpackaged,56.8,1.42
Tomato,20.3,54.1,pantry,unpackaged,52.2,0.05
Tomato,6.3,86.9,fridge,sealed_container,87.1,3.95
Tomato,19.8,64.8,pantry,plastic_wrap,56.5,0.09
Tomato,16.7,54.1,pantry,unpackaged,82.5,0.19
Tomato,2.4,72.8,fridge,perforated_bag,60.6,0.82
Tomato,24.2,57.6,counter,plastic_wrap,83.1,0.14
Tomato,21.6,42.8,pantry,sealed_container,67.9,0.09
Tomato,1.7,86.2,fridge,unpackaged,81.6,3.72
Tomato,22.0,35.7,counter,unpackaged,73.1,0.08
Tomato,3.3,88.1,fridge,sealed_container,88.2,4.99
Tomato,4.3,87.3,fridge,unpackaged,57.3,1.86
Tomato,2.2,95.9,fridge,unpackaged,90.5,5.18
Tomato,4.4,77.0,fridge,unpackaged,68.4,1.22
Tomato,23.3,63.0,pantry,plastic_wrap,61.3,0.06
Tomato,3.3,100.0,fridge,plastic_wrap,76.8,2.61
Tomato,19.3,45.0,pantry,unpackaged,81.3,0.13
Tomato,24.8,36.8,counter,plastic_wrap,72.2,0.08
Tomato,26.2,34.8,counter,perforated_bag,68.6,0.08
Tomato,19.0,33.9,pantry,sealed_container,75.1,0.1
Tomato,25.5,84.8,counter,sealed_container,87.9,0.55
Tomato,21.0,32.4,counter,sealed_container,85.2,0.12
Tomato,25.0,39.8,counter,unpackaged,72.6,0.08
Tomato,5.0,100.0,fridge,unpackaged,72.7,1.72
Tomato,31.1,53.3,counter,sealed_container,65.1,0.03
Tomato,22.7,68.9,pantry,plastic_wrap,88.1,0.13
Tomato,4.7,87.9,fridge,unpackaged,89.7,2.97
Tomato,5.4,91.3,fridge,unpackaged,81.2,2.97
Tomato,4.6,84.5,fridge,sealed_container,86.9,4.19
Tomato,5.2,86.9,fridge,unpackaged,92.8,4.12
Tomato,21.6,36.1,pantry,perforated_bag,82.2,0.16
Tomato,21.6,48.0,pantry,sealed_container,85.4,0.11
Tomato,24.0,54.9,pantry,unpackaged,58.4,0.04
Tomato,3.7,85.2,fridge,perforated_bag,73.2,3.49
Tomato,3.5,83.5,fridge,sealed_container,94.7,4.02
Tomato,24.7,51.0,counter,perforated_bag,90.3,0.13
Tomato,5.5,94.9,fridge,sealed_container,91.2,2.68
Tomato,3.7,91.7,fridge,plastic_wrap,51.2,1.73
Tomato,3.1,84.0,fridge,sealed_container,63.1,1.59
Tomato,17.2,56.9,pantry,sealed_container,66.7,0.13
Tomato,23.9,34.5,counter,sealed_container,92.9,0.11
Tomato,17.8,63.9,pantry,sealed_container,77.9,0.19
Tomato,6.1,92.8,fridge,plastic_wrap,78.4,3.23
Tomato,4.0,86.8,fridge,plastic_wrap,84.3,4.23
Tomato,3.4,93.4,fridge,perforated_bag,77.9,4.7
Tomato,16.8,52.2,pantry,sealed_container,86.2,0.17
Tomato,3.5,94.6,fridge,perforated_bag,78.0,5.39
Tomato,3.4,80.5,fridge,plastic_wrap,63.3,1.9
Tomato,5.1,81.6,fridge,unpackaged,69.6,1.77
Tomato,5.8,79.2,fridge,perforated_bag,81.7,2.53
Tomato,29.2,32.9,counter,sealed_container,75.4,0.04
Tomato,27.2,32.6,counter,sealed_container,83.8,0.07
Tomato,18.9,55.2,pantry,plastic_wrap,87.0,0.23
Tomato,22.1,67.8,pantry,plastic_wrap,78.5,0.12
Tomato,3.4,78.5,fridge,plastic_wrap,67.5,1.94
Tomato,22.3,53.6,pantry,sealed_container,85.8,0.11
Tomato,3.2,86.4,fridge,unpackaged,87.0,4.65
Tomato,19.8,51.5,pantry,plastic_wrap,73.2,0.11
Tomato,4.9,83.1,fridge,plastic_wrap,83.1,3.79
Tomato,26.3,36.7,counter,perforated_bag,87.5,0.09
Tomato,2.2,90.2,fridge,plastic_wrap,87.6,5.41
Tomato,4.8,87.2,fridge,sealed_container,59.7,1.94
Tomato,16.0,42.1,pantry,unpackaged,75.4,0.23
Tomato,5.0,86.8,fridge,sealed_container,70.7,3.04
Tomato,17.8,51.6,pantry,sealed_container,80.6,0.11
Tomato,22.7,63.8,pantry,sealed_container,96.7,0.14
Tomato,3.4,91.8,fridge,plastic_wrap,92.3,4.64
Tomato,4.4,90.3,fridge,unpackaged,71.6,3.47
Tomato,18.0,43.9,pantry,perforated_bag,77.9,0.15
Tomato,4.6,87.1,fridge,perforated_bag,78.5,4.23
Tomato,5.1,100.0,fridge,perforated_bag,70.4,1.51
Tomato,21.0,53.3,counter,plastic_wrap,67.6,0.11
Tomato,25.8,55.5,counter,unpackaged,84.9,0.08
Tomato,4.8,90.1,fridge,perforated_bag,57.9,2.67
Tomato,19.5,52.2,pantry,plastic_wrap,63.1,0.11
Tomato,16.9,45.9,pantry,unpackaged,52.2,0.07
Tomato,5.0,95.3,fridge,sealed_container,80.0,3.47
Tomato,3.7,93.1,fridge,plastic_wrap,89.8,4.68
Tomato,25.6,46.9,counter,plastic_wrap,62.2,0.07
Tomato,4.7,87.0,fridge,plastic_wrap,83.9,4.12
Tomato,2.9,84.0,fridge,perforated_bag,79.5,3.93
Tomato,22.4,77.0,pantry,unpackaged,88.7,0.41
Tomato,23.0,36.2,counter,unpackaged,76.0,0.12
Tomato,4.0,85.0,fridge,perforated_bag,83.2,5.52
Tomato,1.6,89.0,fridge,plastic_wrap,82.9,5.1
Tomato,2.0,90.1,fridge,unpackaged,90.6,6.49
Tomato,3.8,86.9,fridge,unpackaged,74.0,3.17
Tomato,3.7,95.1,fridge,unpackaged,78.8,2.91
Tomato,3.3,82.8,fridge,perforated_bag,67.4,3.41
Tomato,2.1,88.2,fridge,plastic_wrap,83.0,5.85
Tomato,2.2,83.6,fridge,perforated_bag,63.4,2.1
Tomato,1.3,88.0,fridge,perforated_bag,81.8,6.94
Tomato,22.3,34.3,counter,sealed_container,73.6,0.09
Tomato,19.3,64.9,counter,perforated_bag,66.6,0.11
Tomato,3.9,87.1,fridge,plastic_wrap,68.5,3.07
Tomato,18.4,45.5,counter,perforated_bag,93.2,0.22
Tomato,22.0,43.7,counter,unpackaged,74.6,0.09
Tomato,23.5,54.5,counter,perforated_bag,84.4,0.13
Tomato,3.4,81.6,fridge,sealed_container,90.3,4.06
Tomato,17.7,68.9,pantry,sealed_container,52.5,0.07
Tomato,4.1,83.3,fridge,unpackaged,51.2,1.11
Tomato,5.3,90.2,fridge,plastic_wrap,67.0,2.65
Tomato,23.0,53.1,pantry,perforated_bag,81.9,0.15
Tomato,19.4,55.5,pantry,unpackaged,69.0,0.11
Tomato,28.7,45.3,counter,sealed_container,69.6,0.04
Tomato,24.5,61.5,pantry,plastic_wrap,58.5,0.05
Tomato,2.6,86.1,fridge,sealed_container,79.5,4.72
Tomato,21.4,40.6,counter,perforated_bag,57.2,0.08
Tomato,19.2,48.7,pantry,perforated_bag,52.8,0.07
Tomato,2.2,93.9,fridge,unpackaged,75.8,3.74
Tomato,5.4,93.0,fridge,sealed_container,69.5,3.23
Tomato,0.0,88.0,fridge,plastic_wrap,53.4,2.43
Tomato,20.8,47.8,pantry,plastic_wrap,84.3,0.12
Tomato,25.6,48.9,counter,perforated_bag,72.1,0.08
Tomato,2.3,91.8,fridge,plastic_wrap,75.0,4.73
Tomato,6.0,97.5,fridge,plastic_wrap,85.3,2.98
Tomato,20.9,45.5,pantry,plastic_wrap,79.7,0.14
Tomato,19.6,37.6,counter,perforated_bag,96.2,0.18
Tomato,3.2,97.6,fridge,plastic_wrap,70.9,2.92
Tomato,23.2,64.8,pantry,sealed_container,80.5,0.1
Tomato,3.3,92.9,fridge,perforated_bag,89.0,5.97
Tomato,11.7,55.5,pantry,perforated_bag,64.5,0.26
Tomato,26.3,30.0,counter,plastic_wrap,88.6,0.09
Tomato,27.0,44.7,counter,unpackaged,76.7,0.07
Tomato,24.1,39.9,counter,perforated_bag,90.9,0.11
Tomato,4.8,90.1,fridge,plastic_wrap,92.5,4.13
Tomato,0.6,93.8,fridge,perforated_bag,78.6,5.74
Tomato,5.6,86.5,fridge,perforated_bag,91.1,4.86
Tomato,17.9,59.4,pantry,plastic_wrap,78.0,0.14
Tomato,23.1,59.1,pantry,unpackaged,85.3,0.1
Tomato,3.6,77.2,fridge,perforated_bag,71.2,1.94
Tomato,4.8,86.2,fridge,sealed_container,82.1,3.39
Tomato,3.2,84.2,fridge,plastic_wrap,95.1,5.29
Tomato,7.1,94.2,fridge,plastic_wrap,64.2,2.3
Tomato,3.2,84.3,fridge,unpackaged,80.5,4.23
Tomato,26.3,42.5,counter,sealed_container,86.1,0.06
Tomato,4.6,97.6,fridge,unpackaged,85.0,2.7
Tomato,6.2,93.7,fridge,unpackaged,85.8,3.09
Tomato,17.1,59.7,pantry,perforated_bag,86.9,0.25
Tomato,28.2,46.2,counter,unpackaged,83.5,0.05
Tomato,3.4,89.2,fridge,perforated_bag,84.6,6.21
Tomato,8.4,87.6,fridge,plastic_wrap,76.7,2.53
Tomato,5.4,80.5,fridge,perforated_bag,92.6,3.03
Tomato,3.1,85.4,fridge,plastic_wrap,75.7,4.33
Tomato,3.8,93.1,fridge,plastic_wrap,96.7,6.69
Tomato,2.0,90.1,fridge,unpackaged,85.9,5.67
Tomato,4.5,85.8,fridge,plastic_wrap,96.3,4.43
Tomato,24.5,53.4,pantry,sealed_container,77.8,0.08
Tomato,15.3,54.6,pantry,sealed_container,88.2,0.16
Tomato,6.7,88.2,fridge,sealed_container,59.2,1.52
Tomato,4.7,86.8,fridge,sealed_container,84.4,3.9
Tomato,21.1,41.7,pantry,sealed_container,65.1,0.09
Tomato,3.1,90.9,fridge,perforated_bag,77.7,4.54
Tomato,6.6,89.9,fridge,unpackaged,85.3,2.72
Tomato,4.6,88.8,fridge,perforated_bag,85.3,3.88
Tomato,2.3,99.0,fridge,sealed_container,72.5,2.34
Tomato,21.8,50.8,counter,unpackaged,74.5,0.08
Tomato,3.4,90.9,fridge,sealed_container,92.8,5.03
Tomato,3.3,80.0,fridge,plastic_wrap,82.3,3.16
Tomato,2.4,87.5,fridge,perforated_bag,66.7,4.08
Tomato,20.6,30.4,counter,unpackaged,64.9,0.08
Tomato,4.6,85.0,fridge,plastic_wrap,92.2,3.78
Tomato,4.3,86.3,fridge,perforated_bag,78.4,4.78
Tomato,2.1,91.8,fridge,perforated_bag,68.1,4.71
Tomato,25.1,61.6,counter,unpackaged,89.7,0.07
Tomato,26.9,47.1,counter,sealed_container,90.2,0.07
Tomato,4.9,77.4,fridge,plastic_wrap,73.9,1.75
Tomato,31.2,69.0,pantry,sealed_container,76.1,0.06
Tomato,3.3,88.9,fridge,unpackaged,86.8,4.35
Tomato,3.3,87.4,fridge,perforated_bag,73.3,4.89
Tomato,4.7,97.4,fridge,perforated_bag,67.1,2.3
Tomato,5.5,84.2,fridge,sealed_container,73.7,2.0
Tomato,3.0,77.2,fridge,unpackaged,88.7,2.04
Tomato,1.6,93.1,fridge,perforated_bag,92.9,7.82
Tomato,6.0,91.2,fridge,plastic_wrap,68.7,2.37
Tomato,7.9,86.3,fridge,sealed_container,68.7,1.98
Tomato,2.7,89.5,fridge,unpackaged,78.3,4.13
Tomato,2.9,90.2,fridge,sealed_container,54.5,1.65
Tomato,3.1,91.3,fridge,perforated_bag,87.4,5.91
Tomato,4.5,92.2,fridge,unpackaged,90.3,4.21
Tomato,14.5,55.3,pantry,sealed_container,81.3,0.19
Tomato,3.0,90.4,fridge,perforated_bag,64.9,3.67
Tomato,36.2,51.1,counter,plastic_wrap,76.5,0.03
Tomato,0.0,77.4,fridge,plastic_wrap,53.7,1.46
Tomato,3.4,90.8,fridge,perforated_bag,66.1,3.86
Tomato,7.2,87.6,fridge,perforated_bag,85.6,3.55
Tomato,3.1,91.2,fridge,plastic_wrap,66.5,4.13
Tomato,22.7,70.5,counter,sealed_container,62.9,0.08
Tomato,3.6,84.5,fridge,unpackaged,86.6,4.43
Tomato,4.8,88.1,fridge,plastic_wrap,97.9,5.47
Tomato,6.4,87.8,fridge,plastic_wrap,66.9,2.25
Tomato,3.9,86.8,fridge,sealed_container,82.3,3.58
Tomato,16.8,70.2,pantry,unpackaged,79.3,0.17
Tomato,2.7,80.4,fridge,unpackaged,51.1,0.92
Tomato,15.1,72.2,pantry,plastic_wrap,78.1,0.35
Tomato,3.3,82.3,fridge,unpackaged,85.1,3.73
Tomato,20.2,60.0,pantry,plastic_wrap,63.8,0.12
Tomato,19.8,47.2,counter,unpackaged,98.0,0.18
Tomato,2.7,89.8,fridge,plastic_wrap,93.8,6.34
Tomato,3.5,80.3,fridge,plastic_wrap,84.4,3.6
Tomato,2.9,92.3,fridge,unpackaged,91.4,5.59
Tomato,24.2,45.1,counter,plastic_wrap,86.8,0.13
Tomato,17.3,50.1,pantry,sealed_container,90.4,0.21
Tomato,3.4,94.7,fridge,perforated_bag,90.6,5.15
Tomato,5.1,89.1,fridge,unpackaged,77.2,3.45
Tomato,1.3,91.4,fridge,sealed_container,76.1,4.82
Tomato,5.0,88.0,fridge,plastic_wrap,88.2,4.99
Tomato,3.7,85.3,fridge,plastic_wrap,63.0,2.49
Tomato,4.2,84.1,fridge,plastic_wrap,86.1,4.26
Tomato,6.3,90.7,fridge,plastic_wrap,52.4,1.45
Tomato,3.9,88.8,fridge,unpackaged,73.1,3.33
Tomato,4.8,95.6,fridge,sealed_container,81.3,3.37
Tomato,4.5,86.6,fridge,unpackaged,81.7,4.34
Tomato,2.4,86.2,fridge,perforated_bag,84.8,5.55
Tomato,7.1,92.2,fridge,plastic_wrap,80.2,3.51
Tomato,5.0,87.8,fridge,plastic_wrap,86.5,4.89
Tomato,4.2,87.9,fridge,sealed_container,75.0,3.41
Tomato,2.3,80.1,fridge,unpackaged,90.9,3.45
Tomato,5.2,87.4,fridge,plastic_wrap,67.3,2.63
Tomato,29.6,42.7,counter,plastic_wrap,67.3,0.06
Tomato,21.0,56.9,pantry,plastic_wrap,66.4,0.11
Tomato,25.7,59.7,counter,sealed_container,72.5,0.08
Tomato,3.3,93.0,fridge,perforated_bag,91.2,4.94
Tomato,32.1,21.8,counter,sealed_container,57.5,0.02
Tomato,4.6,91.0,fridge,plastic_wrap,59.6,1.66
Tomato,25.0,55.1,pantry,sealed_container,81.9,0.08
Tomato,1.4,86.3,fridge,sealed_container,63.9,3.32
Tomato,3.8,89.2,fridge,sealed_container,68.5,2.71
Tomato,3.6,96.3,fridge,unpackaged,79.2,2.58
Tomato,2.0,88.0,fridge,unpackaged,88.0,4.31
Tomato,22.2,54.1,pantry,plastic_wrap,74.9,0.1
Tomato,2.4,86.6,fridge,plastic_wrap,62.2,3.29
Tomato,5.5,89.8,fridge,unpackaged,77.3,2.65
Tomato,4.6,87.5,fridge,sealed_container,62.0,2.67
Tomato,4.5,96.0,fridge,sealed_container,98.3,2.77
Tomato,18.3,38.7,pantry,perforated_bag,82.6,0.2
Tomato,5.1,88.9,fridge,unpackaged,67.3,2.43
Tomato,18.1,42.7,pantry,sealed_container,70.8,0.1
Tomato,13.1,55.7,pantry,sealed_container,87.8,0.27
Tomato,20.2,48.9,pantry,plastic_wrap,79.3,0.13
Tomato,3.2,90.3,fridge,plastic_wrap,84.2,6.47
Tomato,2.5,87.9,fridge,perforated_bag,65.0,4.08
Tomato,18.5,51.7,pantry,unpackaged,74.0,0.12
Tomato,3.6,95.4,fridge,unpackaged,90.5,5.19
Tomato,1.5,89.8,fridge,unpackaged,92.8,5.96
Tomato,19.1,31.7,pantry,unpackaged,60.5,0.08
Tomato,18.4,54.5,pantry,sealed_container,77.8,0.17
Tomato,2.1,91.5,fridge,sealed_container,61.1,2.79
Tomato,4.4,82.7,fridge,unpackaged,92.2,3.68
Tomato,6.9,95.2,fridge,plastic_wrap,73.3,3.17
Tomato,21.9,31.4,counter,sealed_container,61.7,0.07
Tomato,4.5,86.1,fridge,plastic_wrap,93.1,4.79
Tomato,1.9,84.1,fridge,plastic_wrap,68.8,2.46
Tomato,23.8,32.3,counter,sealed_container,84.1,0.1
Tomato,4.6,92.9,fridge,plastic_wrap,72.6,2.99
Tomato,4.4,83.8,fridge,sealed_container,87.8,3.68
Tomato,23.6,48.1,pantry,sealed_container,77.1,0.09
Tomato,31.0,37.5,counter,plastic_wrap,95.7,0.05
Tomato,5.1,82.7,fridge,plastic_wrap,55.3,1.04
Tomato,29.9,63.3,counter,perforated_bag,69.5,0.05
Tomato,4.4,88.6,fridge,sealed_container,77.3,3.34
Tomato,4.1,88.2,fridge,perforated_bag,57.3,2.56
Tomato,21.7,61.9,pantry,perforated_bag,85.8,0.14
Tomato,27.1,36.2,pantry,sealed_container,59.6,0.04
Tomato,27.3,53.8,counter,plastic_wrap,80.2,0.06
Tomato,6.4,81.5,fridge,plastic_wrap,69.1,2.38
Tomato,3.5,92.7,fridge,plastic_wrap,90.0,5.28
Tomato,23.9,35.3,counter,perforated_bag,76.2,0.11
Tomato,3.3,80.9,fridge,perforated_bag,86.6,3.84
Tomato,4.2,91.8,fridge,plastic_wrap,49.0,1.36
Tomato,1.9,88.4,fridge,unpackaged,78.8,4.85
Tomato,0.9,99.6,fridge,sealed_container,59.5,1.57
Tomato,24.1,35.8,counter,unpackaged,66.0,0.06
Tomato,18.5,44.3,pantry,plastic_wrap,84.2,0.18
Tomato,3.5,89.7,fridge,plastic_wrap,78.1,3.92
Tomato,26.5,55.5,pantry,plastic_wrap,95.8,0.09
Tomato,4.7,76.2,fridge,perforated_bag,79.5,1.42
Tomato,6.2,86.4,fridge,sealed_container,63.5,2.1
Tomato,17.0,57.2,pantry,perforated_bag,85.2,0.26
Tomato,20.4,70.2,pantry,perforated_bag,50.1,0.04
Tomato,6.1,82.5,fridge,plastic_wrap,73.7,2.8
Tomato,25.5,23.4,counter,sealed_container,63.5,0.06
Tomato,22.9,46.9,counter,plastic_wrap,88.4,0.15
Tomato,23.6,47.2,pantry,perforated_bag,78.8,0.11
Tomato,5.7,89.6,fridge,perforated_bag,79.1,3.78
Tomato,3.3,90.1,fridge,sealed_container,83.8,4.96
Tomato,7.1,87.4,fridge,perforated_bag,80.8,3.33
Tomato,21.1,47.5,pantry,unpackaged,76.5,0.11
Tomato,3.9,87.1,fridge,plastic_wrap,69.5,3.76
Tomato,24.6,37.8,counter,plastic_wrap,71.9,0.09
Tomato,2.7,79.6,fridge,sealed_container,86.0,2.89
Tomato,3.6,88.6,fridge,unpackaged,81.7,3.89
Tomato,17.9,73.1,pantry,plastic_wrap,75.8,0.3
Tomato,3.6,92.3,fridge,perforated_bag,73.1,4.66
Tomato,3.5,84.8,fridge,unpackaged,86.0,4.04
Tomato,1.9,92.4,fridge,perforated_bag,86.7,5.8
Tomato,24.3,44.2,counter,perforated_bag,60.0,0.06
Tomato,5.1,93.0,fridge,perforated_bag,70.2,3.15
Tomato,4.8,92.0,fridge,unpackaged,84.4,3.57
Tomato,3.6,85.1,fridge,perforated_bag,74.1,3.41
Tomato,6.2,86.6,fridge,plastic_wrap,74.1,2.67
Tomato,2.6,91.1,fridge,perforated_bag,79.0,4.92
Tomato,20.5,57.4,counter,unpackaged,65.3,0.09
Tomato,4.5,90.6,fridge,unpackaged,79.7,3.49
Tomato,18.2,51.9,pantry,perforated_bag,77.2,0.2
Tomato,3.1,83.4,fridge,unpackaged,87.4,2.98
Tomato,23.3,56.0,counter,perforated_bag,68.2,0.09
Tomato,6.6,86.4,fridge,unpackaged,81.4,2.96
Tomato,3.9,85.6,fridge,sealed_container,92.7,4.06
Tomato,22.3,47.3,pantry,sealed_container,85.8,0.13
Tomato,19.1,56.0,pantry,unpackaged,85.1,0.15
Tomato,5.5,86.6,fridge,perforated_bag,82.3,4.35
Tomato,6.1,93.7,fridge,unpackaged,82.0,2.78
Tomato,6.0,80.5,fridge,unpackaged,54.3,0.77
Tomato,23.5,49.2,pantry,plastic_wrap,84.7,0.12
Tomato,19.0,77.9,pantry,perforated_bag,66.3,0.41
Tomato,22.7,58.7,pantry,plastic_wrap,87.8,0.16
Tomato,1.6,83.1,fridge,unpackaged,80.1,3.69
Tomato,7.1,90.0,fridge,sealed_container,68.4,2.09
Tomato,3.0,90.9,fridge,sealed_container,69.6,2.38
Watermelon,5.8,89.4,fridge,perforated_bag,59.9,1.22
Watermelon,21.0,69.2,counter,perforated_bag,58.2,0.1
Watermelon,5.9,85.8,fridge,plastic_wrap,71.0,1.76
Watermelon,19.5,47.8,counter,perforated_bag,83.9,0.14
Watermelon,21.8,36.5,pantry,unpackaged,80.2,0.07
Watermelon,3.6,80.6,fridge,plastic_wrap,92.1,2.3
Watermelon,5.8,86.2,fridge,plastic_wrap,75.0,2.09
Watermelon,28.0,21.1,counter,plastic_wrap,80.3,0.05
Watermelon,19.4,66.0,pantry,perforated_bag,69.3,0.09
Watermelon,5.3,88.0,fridge,plastic_wrap,85.3,2.84
Watermelon,2.8,79.7,fridge,sealed_container,79.2,2.69
Watermelon,5.2,91.5,fridge,unpackaged,76.7,1.75
Watermelon,3.0,86.0,fridge,plastic_wrap,71.0,1.98
Watermelon,26.1,47.4,counter,sealed_container,55.1,0.02
Watermelon,22.6,57.2,counter,unpackaged,81.4,0.08
Watermelon,25.8,20.0,counter,plastic_wrap,61.8,0.04
Watermelon,23.6,42.5,counter,sealed_container,84.0,0.08
Watermelon,18.1,43.7,counter,unpackaged,65.5,0.07
Watermelon,20.2,45.3,counter,unpackaged,79.8,0.07
Watermelon,0.6,92.6,fridge,perforated_bag,87.6,3.01
Watermelon,4.6,82.5,fridge,perforated_bag,79.8,2.74
Watermelon,26.4,66.6,pantry,plastic_wrap,85.2,0.09
Watermelon,3.8,91.4,fridge,sealed_container,71.7,2.85
Watermelon,27.3,43.4,counter,unpackaged,77.8,0.04
Watermelon,24.6,49.9,counter,perforated_bag,63.3,0.04
Watermelon,4.0,85.3,fridge,perforated_bag,65.9,1.89
Watermelon,7.9,83.1,fridge,unpackaged,81.6,1.42
Watermelon,21.9,37.5,pantry,plastic_wrap,79.7,0.07
Watermelon,17.6,70.7,pantry,unpackaged,83.5,0.24
Watermelon,24.6,56.8,pantry,unpackaged,87.5,0.06
Watermelon,26.1,37.8,counter,sealed_container,82.8,0.07
Watermelon,5.0,93.3,fridge,unpackaged,76.9,2.05
Watermelon,4.7,80.4,fridge,perforated_bag,66.5,1.58
Watermelon,6.6,81.6,fridge,perforated_bag,80.2,2.35
Watermelon,6.0,85.9,fridge,plastic_wrap,69.7,1.89
Watermelon,2.9,84.7,fridge,unpackaged,85.6,2.31
Watermelon,5.8,92.9,fridge,plastic_wrap,79.7,2.54
Watermelon,3.6,88.6,fridge,plastic_wrap,82.5,2.78
Watermelon,20.1,58.6,counter,unpackaged,84.5,0.08
Watermelon,2.3,93.3,fridge,perforated_bag,71.2,2.5
Watermelon,1.7,91.9,fridge,unpackaged,69.3,2.09
Watermelon,24.2,55.5,pantry,perforated_bag,46.7,0.01
Watermelon,28.4,45.0,counter,perforated_bag,77.8,0.05
Watermelon,5.5,89.8,fridge,plastic_wrap,69.8,1.64
Watermelon,22.8,49.0,pantry,perforated_bag,86.8,0.06
Watermelon,26.5,55.1,counter,unpackaged,73.8,0.04
Watermelon,3.7,82.8,fridge,perforated_bag,90.1,3.21
Watermelon,3.6,92.1,fridge,perforated_bag,81.2,3.24
Watermelon,4.2,88.8,fridge,unpackaged,54.1,0.82
Watermelon,4.0,84.9,fridge,sealed_container,90.6,2.76
Watermelon,19.1,60.3,pantry,plastic_wrap,65.3,0.07
Watermelon,18.6,52.5,pantry,perforated_bag,80.0,0.13
Watermelon,16.0,26.0,counter,perforated_bag,68.6,0.11
Watermelon,4.7,95.7,fridge,unpackaged,79.0,1.78
Watermelon,15.4,59.7,pantry,plastic_wrap,63.8,0.12
Watermelon,3.1,91.3,fridge,unpackaged,45.4,0.52
Watermelon,7.0,88.3,fridge,sealed_container,58.9,1.39
Watermelon,13.7,54.8,pantry,sealed_container,73.4,0.15
Watermelon,3.8,89.8,fridge,sealed_container,61.4,1.98
Watermelon,21.3,54.7,pantry,unpackaged,95.3,0.1
Watermelon,6.3,91.4,fridge,plastic_wrap,65.6,1.83
Watermelon,2.2,99.0,fridge,unpackaged,87.4,1.51
Watermelon,25.6,50.5,counter,sealed_container,94.9,0.08
Watermelon,3.1,88.7,fridge,unpackaged,70.2,2.26
Watermelon,2.1,92.4,fridge,unpackaged,84.4,1.96
Watermelon,25.1,51.5,counter,unpackaged,53.1,0.02
Watermelon,23.7,33.3,counter,perforated_bag,98.0,0.09
Watermelon,20.8,57.6,counter,perforated_bag,78.4,0.08
Watermelon,4.5,86.1,fridge,sealed_container,85.5,2.97
Watermelon,2.8,87.2,fridge,sealed_container,81.4,4.09
Watermelon,20.8,46.0,counter,sealed_container,64.9,0.07
Watermelon,18.0,53.8,pantry,sealed_container,66.3,0.09
Watermelon,5.2,85.8,fridge,perforated_bag,92.7,2.36
Watermelon,18.8,50.5,pantry,sealed_container,86.5,0.14
Watermelon,5.4,93.6,fridge,plastic_wrap,86.5,2.78
Watermelon,20.6,42.8,pantry,perforated_bag,87.3,0.11
Watermelon,27.0,57.7,counter,sealed_container,69.6,0.03
Watermelon,5.8,95.0,fridge,sealed_container,78.9,1.56
Watermelon,3.9,90.0,fridge,perforated_bag,50.7,0.82
Watermelon,0.5,93.1,fridge,unpackaged,74.1,1.78
Watermelon,6.0,94.2,fridge,unpackaged,95.2,2.08
Watermelon,3.2,83.7,fridge,unpackaged,81.0,2.4
Watermelon,30.1,55.3,counter,plastic_wrap,73.8,0.03
Watermelon,27.4,44.3,counter,perforated_bag,83.0,0.06
Watermelon,4.4,84.5,fridge,plastic_wrap,86.4,2.64
Watermelon,3.8,81.6,fridge,plastic_wrap,83.5,1.91
Watermelon,15.2,33.5,pantry,plastic_wrap,93.6,0.18
Watermelon,4.2,84.9,fridge,sealed_container,74.0,2.32
Watermelon,3.3,86.8,fridge,plastic_wrap,86.6,2.26
Watermelon,5.6,88.4,fridge,unpackaged,74.8,1.85
Watermelon,13.8,53.7,pantry,plastic_wrap,82.2,0.19
Watermelon,23.1,24.7,counter,unpackaged,84.5,0.06
Watermelon,23.8,51.1,pantry,plastic_wrap,78.9,0.08
Watermelon,3.0,98.9,fridge,perforated_bag,66.6,1.38
Watermelon,5.0,94.9,fridge,plastic_wrap,55.7,1.18
Watermelon,3.0,84.9,fridge,perforated_bag,84.7,3.5
Watermelon,25.5,53.2,counter,perforated_bag,80.8,0.07
Watermelon,3.7,89.6,fridge,plastic_wrap,69.1,2.5
Watermelon,1.9,82.1,fridge,sealed_container,84.6,3.18
Watermelon,20.9,46.9,counter,unpackaged,75.7,0.06
Watermelon,6.4,87.0,fridge,unpackaged,91.5,2.19
Watermelon,3.9,80.2,fridge,plastic_wrap,87.1,2.0
Watermelon,26.8,49.9,counter,plastic_wrap,80.3,0.05
Watermelon,32.3,34.2,counter,sealed_container,84.0,0.05
Watermelon,3.1,85.2,fridge,plastic_wrap,48.8,0.81
Watermelon,6.1,87.8,fridge,sealed_container,73.1,2.69
Watermelon,4.8,91.4,fridge,unpackaged,71.4,1.72
Watermelon,15.8,24.7,counter,unpackaged,68.0,0.1
Watermelon,27.7,51.9,pantry,plastic_wrap,85.1,0.05
Watermelon,3.5,93.5,fridge,plastic_wrap,83.8,3.01
Watermelon,4.1,90.0,fridge,plastic_wrap,86.6,2.79
Watermelon,23.2,51.2,counter,perforated_bag,53.1,0.03
Watermelon,4.0,85.8,fridge,perforated_bag,72.5,2.61
Watermelon,2.7,90.4,fridge,unpackaged,68.0,2.2
Watermelon,22.8,50.0,counter,sealed_container,94.3,0.1
Watermelon,2.9,85.8,fridge,unpackaged,82.9,2.59
Watermelon,17.2,70.7,pantry,perforated_bag,64.1,0.22
Watermelon,4.6,83.6,fridge,unpackaged,75.4,2.37
Watermelon,6.6,85.9,fridge,unpackaged,49.9,0.55
Watermelon,20.0,40.3,pantry,plastic_wrap,64.4,0.06
Watermelon,3.3,91.7,fridge,plastic_wrap,69.4,2.75
Watermelon,22.1,63.4,counter,sealed_container,63.3,0.07
Watermelon,22.8,41.4,counter,plastic_wrap,69.0,0.05
Watermelon,17.7,68.9,pantry,unpackaged,84.9,0.18
Watermelon,27.4,21.4,counter,perforated_bag,84.8,0.07
Watermelon,1.2,86.1,fridge,unpackaged,74.5,1.82
Watermelon,4.7,77.7,fridge,perforated_bag,78.6,2.03
Watermelon,2.4,82.2,fridge,plastic_wrap,82.8,2.74
Watermelon,3.6,80.2,fridge,perforated_bag,67.2,1.88
Watermelon,5.1,86.5,fridge,unpackaged,67.2,1.4
Watermelon,18.5,71.1,pantry,plastic_wrap,86.0,0.25
Watermelon,2.1,82.9,fridge,sealed_container,81.0,3.67
Watermelon,21.4,59.8,counter,perforated_bag,77.1,0.09
Watermelon,16.1,44.1,pantry,plastic_wrap,92.0,0.15
Watermelon,4.7,83.9,fridge,plastic_wrap,85.3,2.53
Watermelon,4.2,93.6,fridge,unpackaged,72.8,2.25
Watermelon,3.7,81.3,fridge,perforated_bag,79.1,2.73
Watermelon,4.6,88.2,fridge,perforated_bag,67.5,2.34
Watermelon,22.3,66.2,pantry,sealed_container,82.7,0.12
Watermelon,20.3,62.3,pantry,plastic_wrap,81.0,0.11
Watermelon,19.0,54.3,pantry,sealed_container,46.0,0.02
Watermelon,1.6,96.9,fridge,unpackaged,81.3,2.29
Watermelon,5.4,88.2,fridge,perforated_bag,51.8,1.11
Watermelon,19.9,50.6,pantry,plastic_wrap,92.2,0.13
Watermelon,5.0,91.5,fridge,perforated_bag,70.0,1.56
Watermelon,1.6,88.8,fridge,unpackaged,85.7,3.46
Watermelon,20.2,51.4,counter,unpackaged,67.9,0.06
Watermelon,4.8,82.1,fridge,perforated_bag,75.1,2.43
Watermelon,19.1,68.0,pantry,unpackaged,86.3,0.15
Watermelon,6.1,94.1,fridge,plastic_wrap,69.6,1.29
Watermelon,5.2,87.9,fridge,perforated_bag,64.9,1.55
Watermelon,20.0,35.7,pantry,perforated_bag,91.9,0.1
Watermelon,2.3,90.1,fridge,unpackaged,86.2,3.09
Watermelon,23.0,45.4,counter,sealed_container,66.0,0.05
Watermelon,3.7,87.9,fridge,sealed_container,79.5,2.87
Watermelon,27.7,27.2,counter,perforated_bag,69.9,0.03
Watermelon,19.8,43.5,pantry,sealed_container,88.8,0.13
Watermelon,23.8,30.7,counter,perforated_bag,74.6,0.06
Watermelon,6.7,87.6,fridge,sealed_container,62.2,1.21
Watermelon,6.3,85.4,fridge,perforated_bag,78.3,2.21
Watermelon,2.7,87.1,fridge,unpackaged,67.7,1.72
Watermelon,26.0,29.6,counter,sealed_container,68.1,0.05
Watermelon,4.4,86.3,fridge,unpackaged,71.9,1.96
Watermelon,3.5,87.4,fridge,plastic_wrap,88.1,2.46
Watermelon,28.3,33.7,counter,plastic_wrap,72.7,0.04
Watermelon,5.1,88.6,fridge,unpackaged,73.9,2.06
Watermelon,6.6,85.3,fridge,plastic_wrap,91.8,2.21
Watermelon,24.5,23.8,counter,unpackaged,68.9,0.03
Watermelon,3.8,92.4,fridge,perforated_bag,66.7,1.68
Watermelon,8.5,98.0,fridge,sealed_container,93.1,1.38
Watermelon,5.2,98.5,fridge,sealed_container,63.3,1.07
Watermelon,24.4,55.6,counter,perforated_bag,92.8,0.08
Watermelon,4.2,86.0,fridge,unpackaged,62.2,1.24
Watermelon,2.7,95.9,fridge,plastic_wrap,52.0,0.89
Watermelon,24.7,58.7,counter,plastic_wrap,72.6,0.06
Watermelon,23.4,58.0,counter,plastic_wrap,85.5,0.07
Watermelon,6.3,84.2,fridge,unpackaged,78.2,1.67
Watermelon,26.0,29.7,counter,perforated_bag,89.4,0.08
Watermelon,2.1,87.8,fridge,plastic_wrap,82.8,3.3
Watermelon,6.5,84.8,fridge,unpackaged,92.8,1.83
Watermelon,4.7,88.7,fridge,plastic_wrap,63.5,1.53
Watermelon,25.3,67.0,counter,plastic_wrap,70.4,0.07
Watermelon,3.3,79.0,fridge,sealed_container,84.7,3.46
Watermelon,28.4,48.1,counter,plastic_wrap,91.9,0.04
Watermelon,26.3,59.7,counter,perforated_bag,89.2,0.06
Watermelon,25.7,68.1,counter,unpackaged,88.2,0.09
Watermelon,4.7,84.5,fridge,unpackaged,91.7,2.35
Watermelon,21.1,61.9,pantry,sealed_container,76.8,0.09
Watermelon,24.8,60.7,counter,plastic_wrap,93.5,0.07
Watermelon,22.4,51.2,pantry,plastic_wrap,84.8,0.05
Watermelon,18.4,56.7,pantry,plastic_wrap,62.4,0.05
Watermelon,3.7,96.7,fridge,sealed_container,60.8,1.1
Watermelon,5.0,88.1,fridge,perforated_bag,64.6,1.88
Watermelon,2.8,93.1,fridge,perforated_bag,95.5,2.79
Watermelon,4.5,81.2,fridge,plastic_wrap,86.9,2.51
Watermelon,3.6,84.5,fridge,plastic_wrap,81.0,2.9
Watermelon,2.8,85.4,fridge,plastic_wrap,75.5,2.24
Watermelon,2.0,87.0,fridge,perforated_bag,72.2,2.94
Watermelon,4.7,85.0,fridge,sealed_container,53.6,1.11
Watermelon,20.6,76.1,counter,sealed_container,72.8,0.26
Watermelon,5.3,89.8,fridge,sealed_container,65.8,1.65
Watermelon,4.6,90.5,fridge,plastic_wrap,84.4,3.1
Watermelon,2.6,85.6,fridge,plastic_wrap,90.0,3.74
Watermelon,1.0,83.8,fridge,sealed_container,93.2,4.79
Watermelon,3.8,83.8,fridge,unpackaged,92.8,2.4
Watermelon,2.7,83.8,fridge,sealed_container,85.7,3.53
Watermelon,15.1,43.6,pantry,perforated_bag,82.8,0.18
Watermelon,24.7,51.3,counter,perforated_bag,53.7,0.02
Watermelon,3.9,90.9,fridge,plastic_wrap,81.0,3.29
Watermelon,5.8,87.9,fridge,sealed_container,86.9,2.85
Watermelon,25.4,40.8,counter,sealed_container,76.0,0.05
Watermelon,5.6,84.8,fridge,perforated_bag,92.5,3.26
Watermelon,1.0,100.0,fridge,unpackaged,68.4,1.48
Watermelon,20.5,44.6,pantry,plastic_wrap,90.7,0.08
Watermelon,16.7,53.0,pantry,perforated_bag,52.9,0.04
Watermelon,1.0,91.1,fridge,perforated_bag,86.9,3.32
Watermelon,4.7,87.5,fridge,unpackaged,64.7,1.3
Watermelon,4.4,82.8,fridge,sealed_container,95.7,3.33
Watermelon,31.9,31.9,counter,unpackaged,73.7,0.02
Watermelon,0.7,88.2,fridge,plastic_wrap,89.6,3.89
Watermelon,2.4,86.7,fridge,plastic_wrap,58.2,1.86
Watermelon,3.6,87.8,fridge,sealed_container,94.6,3.28
Watermelon,23.7,35.5,counter,perforated_bag,74.4,0.07
Watermelon,23.6,56.1,pantry,plastic_wrap,94.7,0.08
Watermelon,5.3,94.9,fridge,unpackaged,76.5,1.87
Watermelon,4.8,92.7,fridge,unpackaged,71.0,1.68
Watermelon,1.8,97.6,fridge,unpackaged,67.3,1.6
Watermelon,16.2,54.0,pantry,sealed_container,84.5,0.18
Watermelon,3.5,86.2,fridge,unpackaged,65.4,2.03
Watermelon,4.4,92.1,fridge,unpackaged,76.2,2.0
Watermelon,27.9,45.1,counter,plastic_wrap,64.8,0.02
Watermelon,6.1,77.2,fridge,sealed_container,81.1,1.36
Watermelon,17.1,52.3,pantry,unpackaged,75.1,0.07
Watermelon,24.5,79.8,pantry,plastic_wrap,66.8,0.29
Watermelon,2.5,86.1,fridge,unpackaged,61.5,1.6
Watermelon,19.0,50.9,pantry,unpackaged,77.7,0.09
Watermelon,18.9,37.9,counter,plastic_wrap,63.7,0.07
Watermelon,30.0,41.6,counter,sealed_container,92.0,0.05
Watermelon,2.6,83.7,fridge,unpackaged,72.5,1.92
Watermelon,4.2,81.4,fridge,perforated_bag,69.5,2.09
Watermelon,6.0,89.8,fridge,plastic_wrap,68.9,1.79
Watermelon,19.7,45.7,pantry,plastic_wrap,94.2,0.12
Watermelon,30.0,47.5,counter,perforated_bag,81.0,0.04
Watermelon,3.7,92.3,fridge,perforated_bag,74.2,2.66
Watermelon,2.3,88.2,fridge,perforated_bag,62.6,2.37
Watermelon,2.9,88.5,fridge,perforated_bag,68.3,2.78
Watermelon,20.3,49.6,pantry,perforated_bag,62.5,0.07
Watermelon,4.1,88.2,fridge,plastic_wrap,78.9,3.07
Watermelon,18.4,40.8,counter,sealed_container,78.1,0.13
Watermelon,27.1,60.3,counter,plastic_wrap,74.8,0.04
Watermelon,18.5,45.7,pantry,perforated_bag,64.3,0.09
Watermelon,3.7,87.7,fridge,plastic_wrap,95.6,3.59
Watermelon,2.6,85.6,fridge,perforated_bag,87.5,3.76
Watermelon,23.3,60.5,pantry,plastic_wrap,55.8,0.04
Watermelon,22.2,30.6,pantry,perforated_bag,81.9,0.08
Watermelon,4.0,90.3,fridge,plastic_wrap,76.2,2.26
Watermelon,23.8,61.2,counter,sealed_container,93.5,0.1
Watermelon,4.1,87.6,fridge,plastic_wrap,87.3,3.67
Watermelon,2.9,91.2,fridge,unpackaged,62.4,1.3
Watermelon,26.1,51.1,counter,perforated_bag,51.4,0.02
Watermelon,24.4,69.9,pantry,unpackaged,80.0,0.11
Watermelon,3.1,86.1,fridge,perforated_bag,83.7,3.6
Watermelon,7.6,89.2,fridge,perforated_bag,82.2,2.54
Watermelon,23.0,59.4,counter,plastic_wrap,51.6,0.02
Watermelon,25.1,62.2,pantry,perforated_bag,84.3,0.06
Watermelon,5.1,86.5,fridge,perforated_bag,66.4,1.56
Watermelon,18.0,53.2,pantry,perforated_bag,80.0,0.12
Watermelon,25.2,25.3,counter,unpackaged,68.2,0.04
Watermelon,5.2,93.1,fridge,sealed_container,90.4,2.36
Watermelon,2.5,83.0,fridge,unpackaged,71.3,1.4
Watermelon,4.3,93.8,fridge,sealed_container,81.5,3.04
Watermelon,6.0,85.5,fridge,sealed_container,85.8,2.64
Watermelon,18.1,67.9,pantry,unpackaged,94.9,0.2
Watermelon,3.7,82.9,fridge,unpackaged,64.8,1.59
Watermelon,2.6,92.5,fridge,perforated_bag,50.8,1.21
Watermelon,14.9,43.7,counter,plastic_wrap,94.1,0.23
Watermelon,5.5,84.9,fridge,plastic_wrap,80.6,2.4
Watermelon,20.7,42.4,counter,unpackaged,86.7,0.09
Watermelon,16.0,45.6,pantry,plastic_wrap,89.1,0.13
Watermelon,17.7,57.3,pantry,plastic_wrap,85.9,0.11
Watermelon,23.8,58.8,pantry,perforated_bag,47.7,0.02
Watermelon,0.4,84.8,fridge,sealed_container,85.1,4.85
Watermelon,27.1,41.9,counter,unpackaged,74.1,0.04
Watermelon,2.5,96.8,fridge,unpackaged,80.1,1.93
Watermelon,6.3,82.7,fridge,perforated_bag,77.9,2.26
Watermelon,3.4,84.5,fridge,unpackaged,82.7,2.27
Watermelon,20.9,54.6,counter,unpackaged,71.1,0.06
Watermelon,5.0,89.7,fridge,unpackaged,77.9,1.99
Watermelon,5.3,84.5,fridge,unpackaged,61.5,1.52
Watermelon,23.3,54.2,counter,sealed_container,75.6,0.07
Watermelon,18.9,42.8,counter,sealed_container,58.2,0.05
Watermelon,3.3,89.8,fridge,sealed_container,64.9,2.08
Watermelon,4.2,85.0,fridge,sealed_container,57.4,1.32
Watermelon,27.0,24.8,counter,perforated_bag,93.6,0.05
Watermelon,2.5,88.1,fridge,unpackaged,61.2,1.21
Watermelon,21.4,61.7,pantry,perforated_bag,66.1,0.06
Watermelon,20.0,55.0,pantry,plastic_wrap,81.5,0.09
Watermelon,18.8,62.8,pantry,unpackaged,93.3,0.13
Watermelon,2.2,85.3,fridge,plastic_wrap,59.0,1.44
Watermelon,1.9,92.7,fridge,unpackaged,79.5,2.51
Watermelon,4.5,84.3,fridge,plastic_wrap,82.0,1.85
Watermelon,4.8,86.5,fridge,perforated_bag,80.6,2.7
Watermelon,18.2,56.5,pantry,plastic_wrap,73.2,0.1
Watermelon,23.3,30.1,counter,sealed_container,60.1,0.04
Watermelon,3.0,78.1,fridge,sealed_container,86.1,2.88
Watermelon,16.0,58.1,pantry,sealed_container,70.7,0.14
Watermelon,4.1,88.8,fridge,plastic_wrap,60.0,1.66
Watermelon,4.0,88.4,fridge,plastic_wrap,69.2,1.91
Watermelon,2.8,94.5,fridge,unpackaged,83.3,2.2
Watermelon,3.5,94.9,fridge,sealed_container,82.7,2.41
Watermelon,18.6,62.2,pantry,plastic_wrap,66.5,0.07
Watermelon,22.9,56.5,counter,plastic_wrap,78.8,0.07
Watermelon,3.1,81.6,fridge,plastic_wrap,57.5,1.4
Watermelon,5.4,88.7,fridge,perforated_bag,86.3,2.11
Watermelon,3.9,85.7,fridge,plastic_wrap,67.6,2.26
Watermelon,4.7,94.1,fridge,unpackaged,70.2,1.54
Watermelon,29.0,32.7,counter,unpackaged,78.0,0.03
Watermelon,5.7,89.7,fridge,sealed_container,67.9,1.85
Watermelon,16.5,38.1,counter,perforated_bag,81.4,0.15
Watermelon,1.6,79.2,fridge,perforated_bag,85.6,2.96
Watermelon,19.8,64.4,pantry,perforated_bag,79.8,0.09
Watermelon,3.5,87.9,fridge,sealed_container,77.0,2.63
Watermelon,1.2,89.5,fridge,unpackaged,79.1,2.28
Watermelon,5.2,87.2,fridge,unpackaged,69.6,1.98
Watermelon,3.2,91.2,fridge,perforated_bag,62.8,1.57
Watermelon,2.1,99.4,fridge,unpackaged,84.5,1.54
Watermelon,4.8,83.1,fridge,sealed_container,79.1,2.48
Watermelon,5.8,96.0,fridge,plastic_wrap,78.8,1.4
Watermelon,1.9,84.8,fridge,unpackaged,82.4,3.24
Watermelon,4.0,90.3,fridge,plastic_wrap,97.6,3.53
Watermelon,5.2,89.5,fridge,sealed_container,82.9,3.54
Watermelon,5.8,90.3,fridge,sealed_container,77.2,2.82
Watermelon,20.4,51.9,pantry,perforated_bag,97.9,0.14
Watermelon,4.2,87.0,fridge,perforated_bag,84.8,3.12
Watermelon,3.3,91.3,fridge,unpackaged,50.9,0.7
Watermelon,2.7,91.5,fridge,plastic_wrap,72.7,1.88
Watermelon,18.5,57.7,pantry,plastic_wrap,67.1,0.08
Watermelon,19.6,63.9,pantry,sealed_container,95.4,0.14
Watermelon,4.0,85.1,fridge,perforated_bag,86.3,3.96
Watermelon,17.8,47.7,pantry,unpackaged,84.5,0.09
Watermelon,1.5,89.0,fridge,perforated_bag,92.9,4.75
Watermelon,5.7,83.0,fridge,perforated_bag,83.3,2.21
Watermelon,21.4,61.8,pantry,sealed_container,65.6,0.05
Watermelon,3.7,85.6,fridge,plastic_wrap,83.1,3.01
Watermelon,23.6,34.1,pantry,perforated_bag,65.6,0.06
Watermelon,4.6,82.6,fridge,perforated_bag,59.7,1.53
Watermelon,19.1,54.2,counter,unpackaged,76.9,0.1
Watermelon,24.0,60.3,counter,sealed_container,93.9,0.09
Watermelon,4.1,80.7,fridge,plastic_wrap,83.6,2.3
Watermelon,5.0,83.8,fridge,unpackaged,61.9,0.98
Watermelon,2.3,83.6,fridge,sealed_container,91.2,4.26
Watermelon,5.6,83.2,fridge,plastic_wrap,78.9,2.32
Watermelon,20.6,76.1,pantry,unpackaged,71.2,0.22
Watermelon,23.1,60.7,pantry,perforated_bag,77.1,0.07
Watermelon,26.5,46.3,counter,sealed_container,94.6,0.07
Watermelon,2.4,80.4,fridge,sealed_container,84.7,3.0
Watermelon,2.4,95.5,fridge,sealed_container,90.1,3.43
Watermelon,4.7,99.3,fridge,perforated_bag,91.4,2.13
Watermelon,22.9,59.5,pantry,perforated_bag,93.0,0.09
Watermelon,22.2,35.1,counter,plastic_wrap,65.0,0.05
Watermelon,19.1,45.7,pantry,perforated_bag,96.3,0.12
Watermelon,12.3,79.9,pantry,unpackaged,82.8,0.93
Watermelon,4.1,82.0,fridge,unpackaged,84.8,1.73
Watermelon,6.3,82.5,fridge,perforated_bag,76.0,1.34
Watermelon,6.6,90.5,fridge,perforated_bag,78.2,1.97
Watermelon,23.6,27.7,counter,unpackaged,74.1,0.04
Watermelon,3.7,88.0,fridge,unpackaged,55.8,1.07
Watermelon,2.7,87.9,fridge,perforated_bag,80.3,3.2
Watermelon,19.3,54.9,pantry,sealed_container,68.9,0.09
Watermelon,18.0,39.4,pantry,sealed_container,88.1,0.13
Watermelon,23.5,43.8,pantry,sealed_container,63.6,0.05
Watermelon,22.3,58.6,pantry,sealed_container,85.8,0.07
Watermelon,21.7,59.1,pantry,plastic_wrap,80.3,0.08
Watermelon,25.2,47.6,pantry,perforated_bag,82.4,0.04
Watermelon,4.8,83.7,fridge,plastic_wrap,57.5,1.26
Watermelon,1.5,94.2,fridge,perforated_bag,81.8,3.34
Watermelon,20.0,45.6,pantry,plastic_wrap,62.4,0.06
Watermelon,28.4,39.3,counter,sealed_container,97.4,0.06
Watermelon,1.9,94.5,fridge,unpackaged,61.2,1.55
Watermelon,19.5,61.8,pantry,unpackaged,79.3,0.08
Watermelon,0.0,84.8,fridge,plastic_wrap,83.5,4.42
Watermelon,3.4,92.4,fridge,sealed_container,80.8,3.41
Watermelon,7.8,88.4,fridge,unpackaged,72.4,1.68
Watermelon,2.6,88.6,fridge,perforated_bag,63.4,2.76
Watermelon,18.2,63.5,pantry,plastic_wrap,78.7,0.09
Watermelon,4.4,89.5,fridge,unpackaged,78.3,2.23
Watermelon,3.0,79.6,fridge,perforated_bag,66.8,1.85
Watermelon,22.9,57.4,pantry,perforated_bag,88.7,0.08
Watermelon,2.3,85.5,fridge,sealed_container,89.5,4.54
Watermelon,24.3,45.3,pantry,unpackaged,87.0,0.07
Watermelon,5.0,89.5,fridge,unpackaged,72.9,1.9
Watermelon,15.5,57.1,pantry,plastic_wrap,55.0,0.06
Watermelon,4.7,83.0,fridge,sealed_container,77.9,1.85
Watermelon,25.9,35.7,counter,plastic_wrap,80.1,0.05
Watermelon,26.2,37.2,counter,plastic_wrap,72.6,0.04
Watermelon,25.4,55.7,counter,sealed_container,66.2,0.05
Watermelon,3.4,90.6,fridge,perforated_bag,81.8,3.14
Watermelon,25.0,33.6,counter,perforated_bag,84.8,0.07
Watermelon,2.4,88.7,fridge,sealed_container,71.5,2.73
Watermelon,1.8,84.2,fridge,unpackaged,68.3,2.64
