tree
version=v4
num_class=1
num_tree_per_iteration=1
label_index=0
max_feature_idx=5
objective=regression
feature_names=produce_type temperature_c humidity_pct storage_area packaging_material freshness_pct
feature_infos=-1:9:23:2:13:6:24:17:4:5:10:11:15:22:8:14:3:16:19:21:12:18:1:0:7:20 [0:36.200000000000003] [20:100] -1:1:2:0 -1:1:0:3:2 [45.200000000000003:99.799999999999997]
tree_sizes=1362 1377 1388 1382 1384 1411 1419 1398 1363 1443 1418 1430 1393 1400 1401 1387 1396 1424 1411 1417 1423 1405 1409 1397 1430 1466 1430 1440 1438 1447 1397 1435 1450 1439 1432 1414 1441 1475 1488 1477 1453 1394 1455 1504 1490 1471 1471 1481 1503 1450 1456 1452 1437 1411 1555 1534 1475 1439 1451 1518 1521 1451 1508 1437 1453 1553 1478 1539 1494 1546 1512 1530 1499 1456 1522 1536 1457 1562 1470 1524 1524 1530 1473 1486 1494 1455 1443 1448 1458 1455 1566 1512 1424 1486 1556 1530 1495 1468 1549 1459 1473 1466 1464 1570 1571 1576 1515 1479 1529 1493 1579 1479 1417 1566 1503 1593 1474 1499 1502 1520 1480 1485 1487 1469 1516 1473 1567 1536 1470 1463 1515 1534 1503 1474 1441 1497 1450 1461 1504 1497 1500 1497 1532 1497 1507 1504 1474 1542 1503 1487

Tree=0
num_leaves=15
num_cat=3
split_feature=1 0 0 5 1 5 5 0 5 5 1 1 5 5
split_gain=98825.5 148042 18009.2 16846.4 5065.1 3730.16 3146.08 3145.79 1462.42 1195.88 1379.55 923.477 906.736 761.293
threshold=8.5500000000000025 0 1 73.850000000000009 2.9500000000000006 75.850000000000009 60.95000000000001 2 83.15000000000002 84.850000000000009 4.2500000000000009 2.9500000000000006 69.750000000000014 63.45000000000001
decision_type=2 1 1 2 2 2 2 1 2 2 2 2 2 2
left_child=1 3 5 6 8 13 -1 12 -5 -6 -11 -7 -4 -3
right_child=-2 2 7 4 9 11 -8 -9 -10 10 -12 -13 -14 -15
leaf_value=5.1561532332355755 3.8035847652853789 4.3397336119149239 4.1950922182048176 7.2544990029543204 6.5174249779909417 5.3568459180703387 6.0432001573826897 4.080044611204932 8.176471542498426 7.4361383428159833 6.6440010430152014 4.9865981419863621 4.5103848476864972 4.700882357562806
leaf_weight=139 3435 193 289 75 250 199 255 1631 80 92 107 636 708 411
leaf_count=139 3435 193 289 75 250 199 255 1631 80 92 107 636 708 411
internal_value=4.42466 4.84586 4.44155 6.47278 6.99105 4.86637 5.73026 4.20815 7.73036 6.73583 7.01022 5.07484 4.41905 4.58548
internal_weight=8500 5065 4067 998 604 1439 394 2628 155 449 199 835 997 604
internal_count=8500 5065 4067 998 604 1439 394 2628 155 449 199 835 997 604
cat_boundaries=0 1 2 3
cat_threshold=534017 5281816 8470720
is_linear=0
shrinkage=1


Tree=1
num_leaves=15
num_cat=5
split_feature=2 0 0 5 0 0 1 5 5 0 5 1 1 5
split_gain=72185 105101 13049 12376.5 6394.74 2988.54 2886.04 2513.5 2501.24 1167.97 1156.21 823.022 815.576 796.734
threshold=78.550000000000011 0 1 73.850000000000009 2 3 2.8500000000000001 72.65000000000002 56.150000000000013 4 84.550000000000011 1.6500000000000001 6.3500000000000005 69.750000000000014
decision_type=2 1 1 2 1 1 2 2 2 1 2 2 2 2
left_child=12 3 7 8 6 13 -5 -3 -2 -10 -8 -9 -1 -4
right_child=1 2 5 4 -6 -7 10 11 9 -11 -12 -13 -14 -15
leaf_value=-0.17096414957570549 0.30083966016769409 0.12327028064114988 -0.15610957410916845 3.4406111831250397 1.3714020101398956 -0.26974869035637611 2.1871009667177455 1.0951178355650468 0.70627955104321682 1.5523638589842486 2.8195881761096677 0.54266817316956606 -0.52947635626286749 0.14485187296490373
leaf_weight=149 70 387 278 92 236 1788 148 66 124 192 116 752 3415 687
leaf_count=149 70 387 278 92 236 1788 148 66 124 192 116 752 3415 687
internal_value=-6.08133e-05 0.371377 0.0249941 1.755 2.20382 -0.155227 2.64289 0.434625 1.11212 1.29183 2.46501 0.587242 -0.514488 0.0575536
internal_weight=8500 4936 3958 978 592 2753 356 1205 386 316 264 818 3564 965
internal_count=8500 4936 3958 978 592 2753 356 1205 386 316 264 818 3564 965
cat_boundaries=0 1 2 3 4 5
cat_threshold=534017 4233240 525313 1130688 8704
is_linear=0
shrinkage=0.15


Tree=2
num_leaves=15
num_cat=4
split_feature=2 0 0 5 0 1 0 5 5 5 5 2 5 1
split_gain=52295.2 76516.4 9433.45 9113.74 4909.02 2683.92 2266.2 1893.75 1379.94 1082.64 815.9 758.941 758.744 724.539
threshold=78.550000000000011 0 1 70.350000000000009 2 3.2500000000000004 3 69.550000000000011 56.150000000000013 85.550000000000011 73.450000000000017 84.550000000000011 84.550000000000011 5.5500000000000007
decision_type=2 1 1 2 1 2 1 2 2 2 2 2 2 2
left_child=-1 3 7 8 5 9 -4 -3 -2 -5 -8 -9 -7 -10
right_child=1 2 6 4 -6 12 10 11 13 -11 -12 -13 -14 -15
leaf_value=-0.43731484366114398 0.25571370861559573 0.045892857030034061 -0.29040825393660152 2.4317624596662299 1.1503255249052258 1.7550990838103178 -0.15746696473471941 0.2211978997329645 1.121266380479423 3.2839057965712111 0.066041243110291387 0.55345731265460896 2.2809676282333604 0.39163694656065973
leaf_weight=3564 70 300 1164 86 263 164 577 198 205 55 1012 707 99 36
leaf_count=3564 70 300 1164 86 263 164 577 198 205 55 1012 707 99 36
internal_value=0.000541302 0.316692 0.021143 1.49726 1.82524 2.18212 -0.13209 0.369432 0.841989 2.76416 -0.0150248 0.480764 1.95305 1.01228
internal_weight=8500 4936 3958 978 667 404 2753 1205 311 141 1589 905 263 241
internal_count=8500 4936 3958 978 667 404 2753 1205 311 141 1589 905 263 241
cat_boundaries=0 1 2 3 4
cat_threshold=534017 4233240 525313 19267842
is_linear=0
shrinkage=0.15


Tree=3
num_leaves=15
num_cat=5
split_feature=1 0 0 5 0 5 1 5 5 0 5 0 1 1
split_gain=38022.3 57367.6 7070.1 6499.79 3061.96 1951.45 1608.84 1540.64 1222.15 771.541 598.694 589.677 517.31 468.809
threshold=8.5500000000000025 0 1 73.65000000000002 2 79.350000000000009 4.3500000000000005 62.850000000000001 85.550000000000011 3 59.95000000000001 4 3.2500000000000004 2.4500000000000006
decision_type=2 1 1 2 1 2 2 2 2 1 2 1 2 2
left_child=1 3 5 7 6 10 8 -1 -5 -4 -3 13 -9 -7
right_child=-2 2 9 4 -6 11 -8 12 -10 -11 -12 -13 -14 -15
leaf_value=0.47354516617104547 -0.38462456394230954 -0.16315085002531607 -0.072074384973237246 1.9012881649253162 1.0095604056024932 0.92751020464252243 1.5386365797208701 1.4064833373251096 2.6025718787883187 -0.25100535177764488 0.13973273374680711 0.25831940871171033 0.9111740233090061 0.47549804907009402
leaf_weight=173 3435 180 1034 138 241 61 138 71 94 1198 797 461 143 336
leaf_count=173 3435 180 1034 138 241 61 138 71 94 1198 797 461 143 336
internal_value=0.000611858 0.261873 0.0101922 1.27464 1.59206 0.22765 1.89303 0.806412 2.18543 -0.168805 0.0839302 0.393956 1.07551 0.531561
internal_weight=8500 5065 4067 998 611 1835 370 387 232 2232 977 858 214 397
internal_count=8500 5065 4067 998 611 1835 370 387 232 2232 977 858 214 397
cat_boundaries=0 1 2 3 4 5
cat_threshold=534017 5363736 525313 8388836 38928
is_linear=0
shrinkage=0.15


Tree=4
num_leaves=15
num_cat=5
split_feature=2 0 0 5 1 0 0 5 5 1 2 1 0 2
split_gain=27826.7 39651.4 5281.67 5019.86 1988.57 1781.24 1291.11 1091.26 1082.9 869.892 597.545 536.787 485.16 476.585
threshold=80.250000000000014 0 1 78.050000000000011 3.2500000000000004 2 3 75.750000000000014 62.850000000000001 5.9500000000000011 95.350000000000009 4.4500000000000011 4 92.950000000000017
decision_type=2 1 1 2 2 1 1 2 2 2 2 2 1 2
left_child=9 3 7 5 13 -2 -4 -3 -7 12 -6 -9 -1 -5
right_child=1 2 6 4 10 8 -8 11 -10 -11 -12 -13 -14 -15
leaf_value=0.19062686771249923 0.36684957590052641 0.11492593440253303 0.049588717140513765 2.0528961745421745 1.3269842960412472 0.62928409435726862 -0.16897847869090837 0.5207684966861823 1.2465618412541224 -0.32666719441851416 0.57655100360391842 0.25086899875866631 -0.20095754444153735 1.2256404230992
leaf_weight=107 198 464 933 121 292 94 1731 413 200 3452 26 277 174 18
leaf_count=107 198 464 933 121 292 94 1731 413 200 3452 26 277 174 18
internal_value=0.000686806 0.240857 0.0236323 1.10292 1.4725 0.782052 -0.0925316 0.290287 1.01469 -0.306008 1.26563 0.412418 -0.0522165 1.94577
internal_weight=8500 4767 3818 949 457 492 2664 1154 294 3733 318 690 281 139
internal_count=8500 4767 3818 949 457 492 2664 1154 294 3733 318 690 281 139
cat_boundaries=0 1 2 3 4 5
cat_threshold=534017 4233240 8704 1130688 5099521
is_linear=0
shrinkage=0.15


Tree=5
num_leaves=15
num_cat=4
split_feature=0 1 2 0 5 5 0 1 0 5 2 1 2 5
split_gain=20353.5 21543.8 10310 6940.88 2773.04 1524.62 1337.29 1049.83 1034.47 963.51 581.533 574.235 470.561 466.467
threshold=0 7.9500000000000011 82.050000000000011 1 78.050000000000011 64.550000000000011 2 2.7500000000000004 3 55.650000000000013 96.350000000000009 3.4500000000000006 95.350000000000009 78.450000000000017
decision_type=1 2 2 1 2 2 1 2 1 2 2 2 2 2
left_child=1 4 -2 5 9 -4 -7 -6 13 -1 11 -11 -9 -5
right_child=2 -3 3 8 7 6 -8 12 -10 10 -12 -13 -14 -15
leaf_value=0.18408373323445384 -0.26962491255095161 -0.20559068304713668 0.0002346824375255143 -0.053366566116641 2.058944400221757 0.63026538179830127 0.28447228055330476 1.4404391859093764 -0.15094281462048217 1.3429441236636854 0.21996317178010941 0.88220353362303749 0.47376537360250948 0.1454930307890486
leaf_weight=37 3561 406 238 541 69 428 767 203 1440 99 20 158 11.999999999999998 521
leaf_count=37 3561 406 238 541 69 428 767 203 1440 99 20 158 12 521
internal_value=0.000625634 0.631402 -0.0845888 0.0826456 1.21022 0.344523 0.415976 1.54986 -0.0684461 0.903025 0.999057 1.05969 1.38649 0.0437785
internal_weight=8500 1004 7496 3935 598 1433 1195 284 2502 314 277 257 215 1062
internal_count=8500 1004 7496 3935 598 1433 1195 284 2502 314 277 257 215 1062
cat_boundaries=0 1 2 3 4
cat_threshold=525313 4241944 8720 9519296
is_linear=0
shrinkage=0.15


Tree=6
num_leaves=15
num_cat=4
split_feature=1 0 0 5 1 0 5 2 2 2 5 0 2 5
split_gain=15185 22039.8 3698.61 2423.07 1030.49 897.836 877.585 719.076 653.538 519.831 500.233 454.158 406.845 395.082
threshold=5.9500000000000011 0 1 67.950000000000017 2.7500000000000004 2 82.450000000000017 84.050000000000011 95.950000000000017 84.850000000000009 75.550000000000011 3 84.050000000000011 50.250000000000007
decision_type=2 1 1 2 2 1 2 2 2 2 2 1 2 2
left_child=1 3 6 13 -5 10 -3 -2 9 -6 -4 -9 -8 -1
right_child=7 2 5 4 8 -7 12 11 -10 -11 -12 -13 -14 -15
leaf_value=-0.35192872425541283 -0.23730201903045378 0.16474799643978585 -0.076536842720607345 1.481399639279005 0.7590138254889629 -0.14518835481791409 0.1606586292861624 0.22165936033094025 0.10812783514459927 1.1382734397516168 0.10067299772337897 -0.12470589423331664 0.51245895917587758 0.5376138709115118
leaf_weight=11.999999999999998 3534 667 614 126 113 1263 94 112 18 290 861 273 347 176
leaf_count=12 3534 667 614 126 113 1263 94 112 18 290 861 273 347 176
internal_value=0.000666575 0.186104 0.0408903 0.932708 1.10506 -0.0528162 0.270852 -0.216095 0.992433 1.03193 0.0267245 -0.0214268 0.437472 0.480835
internal_weight=8500 4581 3846 735 547 2738 1108 3919 421 403 1475 385 441 188
internal_count=8500 4581 3846 735 547 2738 1108 3919 421 403 1475 385 441 188
cat_boundaries=0 1 2 3 4
cat_threshold=525825 47128 13713604 538136
is_linear=0
shrinkage=0.15


Tree=7
num_leaves=15
num_cat=5
split_feature=0 1 2 0 5 5 4 1 5 0 0 1 1 5
split_gain=11324.7 11456.9 5673.5 3554.37 1758.09 924.446 701.562 693.68 640.252 639.4 638.39 411.878 355.388 339.288
threshold=0 7.9500000000000011 83.350000000000009 1 82.850000000000009 75.750000000000014 2 1.5500000000000003 60.650000000000013 3 4 5.2500000000000009 4.5500000000000007 56.95000000000001
decision_type=1 2 2 1 2 2 1 2 2 1 1 2 2 2
left_child=1 4 -2 5 6 13 -1 -6 -8 -5 -7 -10 -12 -4
right_child=2 -3 3 9 7 10 8 -9 11 -11 12 -13 -14 -15
leaf_value=0.28730018086919262 -0.19165159598510154 -0.13919837861069537 -0.14056567677210285 0.064423543159286958 2.3191676231530995 0.54687242485862231 0.39577381909928383 1.1854020138129429 1.0631579604540309 -0.099992786421628552 0.35267014811171377 0.55921752389520407 0.096451872435074304 0.16831202716552612
leaf_weight=109 3804 406 97 807 12.999999999999998 290 54 184 193 1528 314 45 199 457
leaf_count=109 3804 406 97 807 13 290 54 184 193 1528 314 45 199 457
internal_value=0.000558077 0.471068 -0.0630056 0.0693724 0.893274 0.261359 0.713004 1.26022 0.83353 -0.0431364 0.36612 0.967875 0.248437 0.114231
internal_weight=8500 1004 7496 3692 598 1357 401 197 292 2335 803 238 513 554
internal_count=8500 1004 7496 3692 598 1357 401 197 292 2335 803 238 513 554
cat_boundaries=0 1 2 3 4 5
cat_threshold=525313 4241944 8 1130688 8720
is_linear=0
shrinkage=0.15


Tree=8
num_leaves=15
num_cat=7
split_feature=1 0 5 0 0 1 5 4 3 0 5 1 2 4
split_gain=8411.17 11397.3 1599.69 1502.57 1252.52 805.153 728.554 542.488 540.856 785.382 515.884 418.152 405.044 389.92
threshold=5.5500000000000007 0 66.450000000000017 1 2 2.8500000000000001 68.15000000000002 3 4 5 80.250000000000014 2.0500000000000003 93.350000000000009 6
decision_type=2 1 2 1 1 2 2 1 1 1 2 2 2 1
left_child=1 2 -1 6 5 10 -3 -8 9 -2 -4 -9 -7 -6
right_child=8 3 4 -5 13 12 7 11 -10 -11 -12 -13 -14 -15
leaf_value=0.25744895906744941 0.30787668832622112 -0.053195029650224067 1.0102370807435364 -0.074925376592956006 0.69311151099818491 0.96501829741617384 0.0039057268991115361 0.47443341130672168 -0.17587195703681635 -0.10110512614620595 1.8056429036827975 0.19407445586719599 0.28256822079420091 0.3226529038455615
leaf_weight=193 116 402 32 1712 208 177 321 139 3432 650 43 862 22 191
leaf_count=193 116 402 32 1712 208 177 321 139 3432 650 43 862 22 191
internal_value=0.000615295 0.148015 0.630861 0.0244125 0.74732 1.01055 0.122922 0.177406 -0.150436 -0.0364712 1.46627 0.230701 0.889572 0.527999
internal_weight=8500 4302 866 3436 673 274 1724 1322 4198 766 75 1001 199 399
internal_count=8500 4302 866 3436 673 274 1724 1322 4198 766 75 1001 199 399
cat_boundaries=0 1 2 3 4 5 6 7
cat_threshold=534017 5363864 525312 8 2 534016 3
is_linear=0
shrinkage=0.15


Tree=9
num_leaves=15
num_cat=3
split_feature=0 1 2 0 5 5 5 2 1 5 5 4 5 1
split_gain=6288.87 6049.76 3173.26 2005.7 1069.2 765.103 432.303 429.916 460.086 401.911 381.824 371.322 347.241 312.586
threshold=0 7.9500000000000011 83.350000000000009 1 78.050000000000011 86.550000000000011 59.95000000000001 92.950000000000017 1.2500000000000002 66.450000000000017 55.650000000000013 2 96.15000000000002 3.4500000000000006
decision_type=1 2 2 1 2 2 2 2 2 2 2 1 2 2
left_child=1 4 -2 5 10 6 -4 8 -6 -5 -1 -8 -10 -12
right_child=2 -3 3 9 7 -7 11 -9 12 -11 13 -13 -14 -15
leaf_value=0.014910175792268804 -0.14285225053310499 -0.092020698035941026 -0.09977894021457441 -0.17533171515031645 1.9402434258162975 0.35771833327386132 -0.0037164180069684388 0.4133273627702147 0.85696846906588797 -0.012975943872688253 0.72576860281715705 0.20227561787330439 1.6546823969254125 0.39959540075755545
leaf_weight=37 3804 406 176 437 9.9999999999999982 394 267 40 221 1596 109 822 12.999999999999998 168
leaf_count=37 3804 406 176 437 10 394 267 40 221 1596 109 822 13 168
internal_value=0.000726209 0.35135 -0.0466421 0.0523603 0.658242 0.174142 0.118342 0.869142 0.943866 -0.0476405 0.467492 0.153594 0.901286 0.527945
internal_weight=8500 1004 7496 3692 598 1659 1265 284 244 2033 314 1089 234 277
internal_count=8500 1004 7496 3692 598 1659 1265 284 244 2033 314 1089 234 277
cat_boundaries=0 1 2 3
cat_threshold=525313 4242136 8
is_linear=0
shrinkage=0.15


Tree=10
num_leaves=15
num_cat=4
split_feature=1 0 0 5 2 1 5 2 0 5 5 5 4 5
split_gain=4882.33 6107.94 907.787 906.082 588.919 469.599 431.964 411.528 566.362 347.683 346.552 254.412 248.751 230.929
threshold=5.1500000000000012 0 1 70.15000000000002 95.550000000000011 1.2500000000000002 85.950000000000017 84.850000000000009 2 93.550000000000011 75.550000000000011 50.250000000000007 3 93.750000000000014
decision_type=2 1 1 2 2 2 2 2 1 2 2 2 1 2
left_child=1 3 6 11 5 -5 12 -2 13 -7 -4 -1 -3 -9
right_child=7 2 10 4 -6 9 -8 8 -10 -11 -12 -13 -14 -15
leaf_value=-0.36493117766720906 -0.12638874503722383 -0.052359611761491766 -0.12550702921443563 1.2380159733550888 -0.042999601140618321 0.57298956931713818 0.2623569326032415 0.14084916151334326 -0.091540918532518833 1.0769627514210613 0.011081036820784597 0.29375947218908882 0.11131517327375259 0.68487220273206106
leaf_weight=13.999999999999998 3733 277 714 28 30 462 347 231 566 33 1008 229 809 19
leaf_count=14 3733 277 714 28 30 462 347 231 566 33 1008 229 809 19
internal_value=0.000652319 0.122635 0.0280365 0.491064 0.603319 0.640393 0.115854 -0.105295 -0.0087976 0.606588 -0.04529 0.25581 0.0701104 0.175187
internal_weight=8500 3951 3155 796 553 523 1433 4549 816 495 1722 243 1086 250
internal_count=8500 3951 3155 796 553 523 1433 4549 816 495 1722 243 1086 250
cat_boundaries=0 1 2 3 4
cat_threshold=534017 5363736 568849 8
is_linear=0
shrinkage=0.15


Tree=11
num_leaves=15
num_cat=4
split_feature=0 1 1 0 4 5 4 5 5 1 2 5 5 2
split_gain=3649.69 3304.46 1791.49 1244.05 1047.14 689.498 355.873 342.605 341.831 329.247 284.579 222.59 219.911 212.654
threshold=0 7.0500000000000007 4.8500000000000005 1 2 78.250000000000014 3 82.250000000000014 80.250000000000014 1.5500000000000003 84.15000000000002 91.950000000000017 57.750000000000007 84.850000000000009
decision_type=1 2 2 1 1 2 1 2 2 2 2 2 2 2
left_child=1 4 3 6 11 12 -2 -5 -8 -7 -11 -1 -6 -4
right_child=2 -3 13 7 5 9 8 -9 -10 10 -12 -13 -14 -15
leaf_value=0.09218703586133134 0.023361236454945974 -0.056554647945853312 -0.11614491655250289 -0.051016636735461453 0.082580051090448137 1.5654638935453618 0.16715695456852822 0.067811115883510242 0.38802314570285507 0.43029704444110395 0.8822202160748942 0.69840219378471369 0.51194312887714477 -0.036293237367088137
leaf_weight=149 197 411 3362 1460 31 12.999999999999998 356 872 283 40 145 14.999999999999998 200 966
leaf_count=149 197 411 3362 1460 31 13 356 872 283 40 145 15 200 966
internal_value=0.00054872 0.267654 -0.0355365 0.0501266 0.496872 0.616022 0.205856 -0.00655551 0.260891 0.835782 0.784507 0.139149 0.454323 -0.0983222
internal_weight=8500 1004 7496 3168 593 429 836 2332 639 198 185 164 231 4328
internal_count=8500 1004 7496 3168 593 429 836 2332 639 198 185 164 231 4328
cat_boundaries=0 1 2 3 4
cat_threshold=525313 47632 8 8
is_linear=0
shrinkage=0.15


Tree=12
num_leaves=15
num_cat=6
split_feature=0 1 2 0 4 0 5 1 5 2 1 1 4 0
split_gain=2697.9 2214.27 1686.47 1354.97 979.761 493.673 445.647 437.85 427.971 383.909 357.551 341.187 305.054 251.582
threshold=0 7.0500000000000007 84.750000000000014 1 2 3 81.15000000000002 3.5500000000000003 90.450000000000017 93.050000000000011 2.3500000000000001 3.3500000000000001 4 5
decision_type=1 2 2 1 1 1 2 2 2 2 2 2 1 1
left_child=1 4 13 8 6 -5 -1 -7 12 11 -6 -8 -4 -2
right_child=2 -3 3 5 10 7 9 -9 -10 -11 -12 -13 -14 -15
leaf_value=0.60062742041977668 -0.030670033785671957 -0.043361117285158894 0.32556540528965283 -0.082683194692002693 0.74290369436144832 0.14233700856083806 1.5512855183333158 -0.0023780691674871305 0.6017966791282634 0.19814483843743799 0.18506528686901383 0.88242362604753388 0.083035465251248525 -0.11001828424998768
leaf_weight=111 1310 270 261 872 30 755 32 1248 74 9.9999999999999982 187 37 247 3056
leaf_count=111 1310 270 261 872 30 755 32 1248 74 10 187 37 247 3056
internal_value=0.000470535 0.285486 -0.0245282 0.0537088 0.510654 0.0109428 0.75471 0.0519109 0.260306 1.06674 0.250636 1.19262 0.215686 -0.0865324
internal_weight=8500 677 7823 3457 407 2875 190 2003 582 79 217 69 508 4366
internal_count=8500 677 7823 3457 407 2875 190 2003 582 79 217 69 508 4366
cat_boundaries=0 1 2 3 4 5 6
cat_threshold=525312 8721 5 19267842 3 1096193
is_linear=0
shrinkage=0.15


Tree=13
num_leaves=15
num_cat=5
split_feature=1 0 2 0 2 0 4 1 5 5 1 0 2 5
split_gain=2107.89 2442.61 536.404 553.604 795.735 443.78 437.375 379.183 420.612 277.009 283.598 252.636 298.559 166.028
threshold=4.8500000000000005 0 95.550000000000011 1 85.65000000000002 2 3 2.7500000000000004 80.250000000000014 58.45000000000001 2.0500000000000003 4 83.050000000000011 70.750000000000014
decision_type=2 1 2 1 2 1 1 2 2 2 2 1 2 2
left_child=1 2 3 7 -5 -3 -6 8 -1 -7 -11 12 -2 -14
right_child=11 5 -4 4 6 9 -8 -9 -10 10 -12 -13 13 -15
leaf_value=0.62743599079549306 -0.045224969777636459 -0.040112694092164107 -0.13346296464271076 0.029935491659368076 0.57865468495182304 -0.14014755064344481 0.2003568390614531 0.49569915379100338 1.4800359425985294 0.25137172344579345 0.068104072598454579 -0.081263987765058721 -0.042804397123221025 0.21812734810308226
leaf_weight=30 743 1302 51 180 180 121 168 94 23 224 1251 3870 78 185
leaf_count=30 743 1302 51 180 180 121 168 94 23 224 1251 3870 78 185
internal_value=0.000432642 0.0870776 0.331045 0.371046 0.280662 0.0247317 0.418414 0.633501 0.997432 0.0775514 0.0959359 -0.0639646 0.00335892 0.140741
internal_weight=8500 3624 726 675 528 2898 348 147 53 1596 1475 4876 1006 263
internal_count=8500 3624 726 675 528 2898 348 147 53 1596 1475 4876 1006 263
cat_boundaries=0 1 2 3 4 5
cat_threshold=534017 524288 27656486 3 534032
is_linear=0
shrinkage=0.15


Tree=14
num_leaves=15
num_cat=5
split_feature=1 0 0 2 5 5 5 5 0 1 4 1 0 2
split_gain=1560.89 1787.53 695.834 524.887 335.573 281.886 259.376 237.621 227.629 307.585 225.796 199.467 174.832 171.347
threshold=4.6500000000000012 0 1 92.950000000000017 62.250000000000007 80.050000000000011 67.950000000000017 89.450000000000017 2 15.15 3 2.3500000000000001 4 82.050000000000011
decision_type=2 1 1 2 2 2 2 2 1 2 1 2 1 2
left_child=1 2 3 5 -4 -1 -3 -6 9 10 -2 -7 -8 -14
right_child=8 6 4 -5 7 11 12 -9 -10 -11 -12 -13 13 -15
leaf_value=0.3978004268234609 -0.066242115647156735 -0.092824631347496689 -0.060731251915190528 -0.021251553595066069 0.16111359317766902 1.0959737721607088 -0.10851341686266962 0.38473684571436023 -0.075331743609948307 -0.055240777455783242 0.12403968566455484 0.60672879872005436 -0.10010024805993048 0.063510382074411759
leaf_weight=137 191 530 132 45 649 25 179 128 3263 1200 486 75 162 1298
leaf_count=137 191 530 132 45 649 25 179 128 3263 1200 486 75 162 1298
internal_value=0.000483799 0.079986 0.226677 0.433035 0.158643 0.537564 -0.00159975 0.197952 -0.0514865 -0.0095813 0.0712098 0.72904 0.0278897 0.0450478
internal_weight=8500 3360 1191 282 909 237 2169 777 5140 1877 677 100 1639 1460
internal_count=8500 3360 1191 282 909 237 2169 777 5140 1877 677 100 1639 1460
cat_boundaries=0 1 2 3 4 5
cat_threshold=572945 525312 572945 8 2097408
is_linear=0
shrinkage=0.15


Tree=15
num_leaves=15
num_cat=6
split_feature=2 0 4 0 5 5 0 1 2 5 2 0 5 4
split_gain=1182.6 1578.34 464.344 462.716 416.675 370.229 229.823 449.561 229.658 229.076 210.709 210.123 177.728 175.042
threshold=82.65000000000002 0 1 2 82.250000000000014 78.050000000000011 3 6.1500000000000012 92.65000000000002 57.750000000000007 95.350000000000009 4 88.750000000000014 5
decision_type=2 1 1 1 2 2 1 2 2 2 2 1 2 1
left_child=6 2 -2 5 9 -4 7 -1 -7 -3 11 -6 -5 -13
right_child=1 4 3 12 10 8 -8 -9 -10 -11 -12 13 -14 -15
leaf_value=0.60729814504875856 0.038713193309237143 -0.15900081929811921 0.3164225390828822 0.14934407756470983 -0.033560889594201532 0.77389892330393195 -0.06363098339455002 -0.0089325200493742783 0.19003429145862658 -0.012227351034705309 -0.12218926674559373 0.0070866231413858737 0.43149402156093364 0.16084915587050377
leaf_weight=34 219 274 138 338 234 96 4008 123 18 1887 110 227 59 735
leaf_count=34 219 274 138 338 234 96 4008 123 18 1887 110 227 59 735
internal_value=0.000388985 0.055231 0.234833 0.29942 0.0095609 0.463287 -0.0566914 0.117062 0.68171 -0.0308372 0.0764797 0.0947519 0.186576 0.125013
internal_weight=8500 4335 868 649 3467 252 4165 157 114 2161 1306 1196 397 962
internal_count=8500 4335 868 649 3467 252 4165 157 114 2161 1306 1196 397 962
cat_boundaries=0 1 2 3 4 5 6
cat_threshold=525841 8 525312 524288 2228482 8
is_linear=0
shrinkage=0.15


Tree=16
num_leaves=15
num_cat=5
split_feature=1 0 0 2 2 5 5 2 0 2 2 0 5 0
split_gain=973.825 945.091 352.448 411.876 375.123 265.054 238.321 223.407 218.677 217.777 212.966 162.628 152.649 135.676
threshold=4.1500000000000012 0 1 92.450000000000017 85.65000000000002 82.250000000000014 59.95000000000001 96.750000000000014 2 83.050000000000011 93.350000000000009 3 76.850000000000009 4
decision_type=2 1 1 2 2 2 2 2 1 2 2 1 2 1
left_child=1 2 3 5 13 -1 -6 -8 9 -2 12 -3 -11 -4
right_child=8 11 4 -5 6 -7 7 -9 -10 10 -12 -13 -14 -15
leaf_value=0.40873115356468287 -0.023043306080115369 -0.082428241397266871 -0.10108682511543686 -0.18453069486116105 -0.022008681430772409 0.91194248301642267 0.29155733630014585 -0.137980976084183 -0.049297642660996392 0.05570445093025659 -0.12138585063405859 0.03091480223877472 0.26173640659827241 0.10198519782882359
leaf_weight=72 766 345 122 19 75 35 450 29 4598 152 71 1434 173 159
leaf_count=72 766 345 122 19 75 35 450 29 4598 152 71 1434 173 159
internal_value=0.000349953 0.0739636 0.192875 0.425298 0.153184 0.573333 0.226622 0.265552 -0.0346676 0.0234453 0.113962 0.00859639 0.165377 0.0138507
internal_weight=8500 2740 961 126 835 107 554 479 5760 1162 396 1779 325 281
internal_count=8500 2740 961 126 835 107 554 479 5760 1162 396 1779 325 281
cat_boundaries=0 1 2 3 4 5
cat_threshold=572945 524288 534017 2228480 1041
is_linear=0
shrinkage=0.15


Tree=17
num_leaves=15
num_cat=4
split_feature=1 0 0 2 4 5 0 5 2 2 5 2 5 5
split_gain=728.288 511.125 294.184 306.594 372.937 260.789 222.899 221.201 186.583 171.889 160.478 115.594 173.177 114.005
threshold=3.2500000000000004 0 1 84.850000000000009 2 91.550000000000011 3 74.850000000000009 92.950000000000017 93.15000000000002 92.350000000000009 85.350000000000009 84.450000000000017 51.850000000000001
decision_type=2 1 1 2 1 2 1 2 2 2 2 2 2 2
left_child=1 5 3 -2 7 8 10 -5 -1 -6 13 -4 -13 -3
right_child=2 6 11 4 9 -7 -8 -9 -10 -11 -12 12 -14 -15
leaf_value=0.39776220855398736 -0.012471069591490238 -0.27096508741378783 -0.052414526875768856 0.12983587240690694 0.10556378793999253 1.0757577164606613 0.011213613637249051 0.5326080041562582 -0.063111616950482119 -0.14321439592167734 0.41540586043681416 -0.036313439036604882 0.061116024780487187 0.12333156916662119
leaf_weight=112 877 17 3569 51 299 10.999999999999998 830 77 24 79 42 1365 587 560
leaf_count=112 877 17 3569 51 299 11 830 77 24 79 42 1365 587 560
internal_value=0.000279829 0.0916001 -0.0208307 0.0408794 0.134154 0.349478 0.0625948 0.345163 0.316432 0.0521898 0.130217 -0.0362973 -0.00701472 0.111715
internal_weight=8500 1596 6904 1383 506 147 1449 128 136 378 619 5521 1952 577
internal_count=8500 1596 6904 1383 506 147 1449 128 136 378 619 5521 1952 577
cat_boundaries=0 1 2 3 4
cat_threshold=525312 534017 1 5306897
is_linear=0
shrinkage=0.15


Tree=18
num_leaves=15
num_cat=4
split_feature=2 0 5 2 4 5 0 0 2 1 5 5 1 1
split_gain=540.509 721 296.814 308.591 291.706 244.398 237.82 212.592 322.196 201.115 148.308 143.598 133.895 113.452
threshold=84.250000000000014 0 62.550000000000004 94.550000000000011 1 86.950000000000017 2 3 75.950000000000017 1.2500000000000002 67.350000000000009 57.750000000000007 4.2500000000000009 5.2500000000000009
decision_type=2 1 2 2 1 2 1 1 2 2 2 2 2 2
left_child=7 4 -3 6 -2 11 9 8 -1 -4 -10 -6 -7 -13
right_child=1 2 3 -5 5 12 -8 -9 10 -11 -12 13 -14 -15
leaf_value=-0.010855660312385721 0.0081495678576175117 -0.098858691554114433 0.44414704662835419 -0.09870946662614645 -0.083467225047449273 0.59163823973674046 0.010231868381074713 -0.041178419726865451 0.013033459186553955 0.092563884052819942 0.56081491367414937 0.27549721735937499 0.19928342380693978 0.049853123544204618
leaf_weight=121 158 458 38 359 36 65 1443 4413 14.999999999999998 999 43 262 28 62
leaf_count=121 158 458 38 359 36 65 1443 4413 15 999 43 262 28 62
internal_value=0.000239833 0.041242 0.0131545 0.0312713 0.189488 0.251194 0.050087 -0.0346549 0.121677 0.10444 0.419147 0.20074 0.47351 0.232318
internal_weight=8500 3908 3297 2839 611 453 2480 4592 179 1037 58 360 93 324
internal_count=8500 3908 3297 2839 611 453 2480 4592 179 1037 58 360 93 324
cat_boundaries=0 1 2 3 4
cat_threshold=525329 8 4303560 524288
is_linear=0
shrinkage=0.15


Tree=19
num_leaves=15
num_cat=5
split_feature=1 0 1 4 4 0 2 5 5 2 0 2 5 2
split_gain=462.217 289.005 275.923 459.953 212.866 183.383 171.743 158.078 151.379 143.964 163.636 102.582 93.2203 89.128
threshold=2.0500000000000003 0 6.1500000000000012 1 2 3 91.65000000000002 71.450000000000017 91.550000000000011 86.850000000000009 4 96.15000000000002 88.950000000000017 87.350000000000009
decision_type=2 1 2 1 1 1 2 2 2 2 1 2 2 2
left_child=5 2 3 7 6 8 -5 -2 13 -3 11 12 -11 -1
right_child=1 9 -4 4 -6 -7 -8 -9 -10 10 -12 -13 -14 -15
leaf_value=0.114170389148322 0.078750090957996816 -0.048218099075794045 -0.019106270407465029 0.11551642632752822 -0.063103166694567545 0.078732940681784339 -0.052781970316585332 0.29480513269311664 0.77387696589742394 0.053953615451387375 -0.034516287022539359 -0.1185624867656522 0.21255619550427918 0.38069798231429963
leaf_weight=55 111 3398 1370 554 387 421 181 243 13.999999999999998 559 985 66 98 58
leaf_count=55 111 3398 1370 554 387 421 181 243 14 559 985 66 98 58
internal_value=0.000199835 -0.00898257 0.0292696 0.0743696 0.0259634 0.133445 0.0730773 0.220821 0.286089 -0.0303017 0.00516496 0.0588888 0.0776112 0.250972
internal_weight=8500 7952 2846 1476 1122 548 735 354 127 5106 1708 723 657 113
internal_count=8500 7952 2846 1476 1122 548 735 354 127 5106 1708 723 657 113
cat_boundaries=0 1 2 3 4 5
cat_threshold=1621505 1 6 533521 4210936
is_linear=0
shrinkage=0.15


Tree=20
num_leaves=15
num_cat=3
split_feature=1 0 4 1 5 0 1 5 5 5 2 5 2 2
split_gain=347.881 296.438 160.732 175.319 149.844 163.506 156.088 118.346 104.436 103.982 85.94 79.5276 78.8412 102.58
threshold=3.5500000000000003 0 1 1.2500000000000002 77.750000000000014 2 15.850000000000003 71.450000000000017 93.550000000000011 60.250000000000007 93.550000000000011 55.150000000000013 97.750000000000014 86.15000000000002
decision_type=2 1 1 2 2 1 2 2 2 2 2 2 2 2
left_child=1 2 -1 -4 11 6 8 -3 -6 -5 -11 -2 13 -9
right_child=4 7 3 9 5 -7 -8 12 -10 10 -12 -13 -14 -15
leaf_value=-0.0012857203974443322 -0.11211763135939116 -0.047476075391160839 0.44319586385455395 -0.03042873012158891 0.10155624817325641 -0.012853090699981936 -0.0015766657131163389 -0.012392017945596721 0.32941997629375414 0.21299274796681072 -0.020585418976843357 -0.032186193942402498 -0.18794285281591358 0.094527099203153317
leaf_weight=143 311 444 54 58 349 2623 397 318 52 311 40 2816 31 553
leaf_count=143 311 444 54 58 349 2623 397 318 52 311 40 2816 31 553
internal_value=0.000166527 0.0557457 0.141864 0.185169 -0.016402 0.00529227 0.0642909 0.0158018 0.131105 0.155629 0.186374 -0.0401359 0.0471248 0.0554912
internal_weight=8500 1952 606 463 6548 3421 798 1346 401 409 351 3127 902 871
internal_count=8500 1952 606 463 6548 3421 798 1346 401 409 351 3127 902 871
cat_boundaries=0 1 2 3
cat_threshold=572929 8 566785
is_linear=0
shrinkage=0.15


Tree=21
num_leaves=15
num_cat=5
split_feature=0 4 2 2 0 2 2 5 5 5 4 5 2 0
split_gain=292.906 430.77 452.065 282.91 374.073 241.321 219.578 168.42 143.003 136.567 116.825 127.053 115.693 115.511
threshold=0 1 76.850000000000009 86.15000000000002 2 85.550000000000011 95.950000000000017 84.050000000000011 67.350000000000009 63.95000000000001 3 92.350000000000009 92.65000000000002 4
decision_type=1 1 2 2 1 2 2 2 2 2 1 2 2 1
left_child=1 2 -1 13 9 8 7 -6 -4 -5 -11 -12 -3 -2
right_child=3 12 5 4 6 -7 -8 -9 -10 10 11 -13 -14 -15
leaf_value=0.0071452157674013767 -0.062291286982844384 0.012176288595670669 0.35020833963697606 -0.019988374959211797 -0.0057967197915389677 0.33180034675330311 -0.12939278131200785 0.080347166977840889 0.98538982981237866 0.32481114093014701 0.09834890734463772 0.41827595361298131 -0.37958961913460182 -0.012637565658483844
leaf_weight=61 1509 158 10.999999999999998 88 1673 58 242 735 29 102 282 31 19 3502
leaf_count=61 1509 158 11 88 1673 58 242 735 29 102 282 31 19 3502
internal_value=0.000139053 0.135319 0.308337 -0.00558338 0.0296115 0.527276 0.00678353 0.0204972 0.810715 0.146824 0.185734 0.126009 -0.0282799 -0.0277397
internal_weight=8500 336 159 8164 3153 98 2650 2408 40 503 415 313 177 5011
internal_count=8500 336 159 8164 3153 98 2650 2408 40 503 415 313 177 5011
cat_boundaries=0 1 2 3 4 5
cat_threshold=524288 5 1105 1 2229712
is_linear=0
shrinkage=0.15


Tree=22
num_leaves=15
num_cat=4
split_feature=1 4 0 2 2 5 2 0 2 0 1 2 1 5
split_gain=249.99 171.97 244.019 182.149 339.691 192.981 151.279 196.96 129.885 114.209 91.8258 83.6016 81.3793 73.5737
threshold=2.0500000000000003 0 1 76.850000000000009 87.950000000000017 80.250000000000014 86.050000000000011 2 94.950000000000017 3 1.2500000000000002 85.750000000000014 5.2500000000000009 89.850000000000009
decision_type=2 1 1 2 2 2 2 1 2 1 2 2 2 2
left_child=9 -2 3 -3 5 -5 -4 12 -9 10 13 -12 -8 -1
right_child=1 2 6 4 -6 -7 7 8 -10 -11 11 -13 -14 -15
leaf_value=0.30746381440879528 -0.044890999206941978 -0.0056550389305422355 -0.018445952933344199 0.33763632882350625 0.0063354113749388994 0.87639979752046715 0.25620604928727486 0.032966788733557656 -0.08220277152699694 0.056941254688601867 -0.10818692164664918 0.24270111286640167 0.01462286563723215 0.76602840185165411
leaf_weight=37 1971 84 3641 52 58 21 124 1706 253 429 22 50 42 9.9999999999999982
leaf_count=37 1971 84 3641 52 58 21 124 1706 253 429 22 50 42 10
internal_value=0.000162292 -0.00659068 0.0060958 0.159351 0.27732 0.492623 0.000115311 0.0319189 0.018001 0.0981544 0.223189 0.135485 0.183998 0.405031
internal_weight=8500 7952 5981 215 131 73 5766 2125 1959 548 119 72 166 47
internal_count=8500 7952 5981 215 131 73 5766 2125 1959 548 119 72 166 47
cat_boundaries=0 1 2 3 4
cat_threshold=8 524288 1040 534032
is_linear=0
shrinkage=0.15


Tree=23
num_leaves=15
num_cat=6
split_feature=5 1 0 1 4 2 4 5 5 0 2 0 1 4
split_gain=201.432 213.172 180.108 119.474 145.169 108.097 103.949 90.9434 89.2937 75.1749 75.6432 73.7655 73.0524 100.372
threshold=63.95000000000001 4.0500000000000007 0 1.2500000000000002 1 85.15000000000002 2 93.750000000000014 51.850000000000001 3 98.350000000000009 4 19.250000000000004 5
decision_type=2 2 1 2 1 2 1 2 2 1 2 1 2 1
left_child=8 2 3 -2 5 -5 11 -6 -1 10 12 -4 13 -3
right_child=1 9 6 4 7 -7 -8 -9 -10 -11 -12 -13 -14 -15
leaf_value=-0.1519935406839191 0.37040707987494942 0.082691071026743154 -0.0050899411317928194 0.052781149148941033 0.033224628179953981 0.37070800007937788 -0.011169327678596113 0.35574420488306452 -0.037810312134137741 -0.023207524390774333 -0.29235827922821045 0.093507627713453501 -0.015058252550134923 -0.0023483791733465253
leaf_weight=177 43 615 250 35 311 77 850 21 1191 2770 18 565 945 632
leaf_count=177 43 615 250 35 311 77 850 21 1191 2770 18 565 945 632
internal_value=0.000140075 0.0102532 0.0497029 0.12902 0.108548 0.249114 0.0255749 0.052057 -0.052584 -0.00679421 0.0138206 0.0635679 0.0163979 0.040236
internal_weight=8500 7132 2152 487 444 112 1665 332 1368 4980 2210 815 2192 1247
internal_count=8500 7132 2152 487 444 112 1665 332 1368 4980 2210 815 2192 1247
cat_boundaries=0 1 2 3 4 5 6
cat_threshold=536065 1 5 1621529 2507010 5
is_linear=0
shrinkage=0.15


Tree=24
num_leaves=15
num_cat=4
split_feature=1 5 0 4 1 2 0 2 0 2 2 5 2 5
split_gain=150.614 128.25 116.394 133.681 216.883 85.2846 88.7871 78.8804 65.2449 76.4752 62.2055 58.6777 57.8655 54.8775
threshold=2.0500000000000003 60.95000000000001 0 1 5.7500000000000009 82.850000000000009 2 97.950000000000017 3 86.850000000000009 93.550000000000011 93.950000000000017 95.950000000000017 84.450000000000017
decision_type=2 2 1 1 2 2 1 2 1 2 2 2 2 2
left_child=5 -2 3 4 10 -1 13 11 -4 -10 -3 -5 -11 -7
right_child=1 2 8 7 -6 6 -8 -9 9 12 -12 -13 -14 -15
leaf_value=-0.065882437593407103 -0.058189621522876718 0.22218673874403497 -0.059796650292479145 0.0063625515324145553 0.0074330100158602917 0.1247806353494525 0.034008165894131075 -0.22863019435035603 -0.019602811320449484 0.032437217398619614 0.0074126314318605831 0.13578730153806329 -0.070337695373318104 0.28676125718199691
leaf_weight=81 907 228 546 1564 303 148 250 31 2803 1316 35 83 136 69
leaf_count=81 907 228 546 1564 303 148 250 31 2803 1316 35 83 136 69
internal_value=0.000142778 -0.00509885 0.00173625 0.0298598 0.0923094 0.0762038 0.100848 0.00837313 -0.0114471 -0.00511729 0.193605 0.0128849 0.0228109 0.16852
internal_weight=8500 7952 7045 2244 566 548 467 1678 4801 4255 263 1647 1452 217
internal_count=8500 7952 7045 2244 566 548 467 1678 4801 4255 263 1647 1452 217
cat_boundaries=0 1 2 3 4
cat_threshold=572929 1 585369 2097408
is_linear=0
shrinkage=0.15


Tree=25
num_leaves=15
num_cat=3
split_feature=0 4 2 2 5 5 2 0 5 2 5 1 1 2
split_gain=132.078 236.916 224.574 150.534 164.782 110.713 133.308 146.367 79.828 75.7089 73.7873 64.9046 64.7634 61.4459
threshold=0 1 76.850000000000009 89.850000000000009 86.15000000000002 86.550000000000011 87.250000000000014 2 51.850000000000001 91.950000000000017 60.95000000000001 2.3500000000000001 0.8500000000000002 95.750000000000014
decision_type=1 1 2 2 2 2 2 1 2 2 2 2 2 2
left_child=1 2 -1 4 10 8 -7 13 -2 11 -4 -3 -10 -8
right_child=5 9 3 -5 -6 6 7 -9 12 -11 -12 -13 -14 -15
leaf_value=0.0068595982965875841 -0.11505418399964193 0.33046888471222841 0.080385404767898405 0.093567875772714609 1.0284773403948002 0.0004542338172161891 0.29453231466561552 0.046962963712682791 0.11824363310789239 -0.26269218275944389 0.48712974893437189 -0.020236739442840108 -0.012093623786101832 -0.052128901991706625
leaf_weight=61 168 12.999999999999998 12.999999999999998 30 10.999999999999998 1208 100 482 87 27 44 137 6106 12.999999999999998
leaf_count=61 168 13 13 30 11 1208 100 482 87 27 44 137 6106 13
internal_value=0.000116811 0.0908914 0.219038 0.373459 0.496941 -0.0037259 0.0290793 0.0871955 -0.0130303 -0.0297809 0.394363 0.0101577 -0.0102626 0.233948
internal_weight=8500 336 159 98 68 8164 1803 595 6361 177 57 150 6193 113
internal_count=8500 336 159 98 68 8164 1803 595 6361 177 57 150 6193 113
cat_boundaries=0 1 2 3
cat_threshold=524288 5 1617
is_linear=0
shrinkage=0.15


Tree=26
num_leaves=15
num_cat=6
split_feature=4 0 2 2 5 2 0 1 2 0 0 1 0 2
split_gain=122.23 165.852 119.153 162.08 137.361 115.944 158.436 92.5689 87.6953 72.7398 67.8886 90.7213 82.4429 82.0077
threshold=0 1 76.850000000000009 89.850000000000009 87.250000000000014 86.050000000000011 2 4.4500000000000011 95.15000000000002 3 4 7.9500000000000011 5 75.950000000000017
decision_type=1 1 2 2 2 2 1 2 2 1 1 2 1 2
left_child=-1 2 -2 4 -4 10 7 8 -7 -8 13 12 -12 -3
right_child=1 5 3 -5 -6 6 9 -9 -10 -11 11 -13 -14 -15
leaf_value=-0.031128642273742561 -0.0047149488768939464 -0.012106315929113804 0.25688097115606068 -0.018526444137096403 0.7784938199015764 0.15238824264734244 -0.080695378862208497 0.020266176003107678 -0.039994888314519257 0.016291402920682728 -0.14625283329834929 -0.0069962480001838027 -0.033589501926605911 0.055088148599416749
leaf_weight=2108 84 1255 90 45 12.999999999999998 423 188 284 61 1428 230 1258 427 606
leaf_count=2108 84 1255 90 45 13 423 188 284 61 1428 230 1258 427 606
internal_value=0.000107577 0.0104412 0.132273 0.21896 0.322716 0.00564585 0.0315543 0.0871159 0.128142 0.0045814 -0.0106967 -0.0304315 -0.0757676 0.00972207
internal_weight=8500 6392 232 148 103 6160 2384 768 484 1616 3776 1915 657 1861
internal_count=8500 6392 232 148 103 6160 2384 768 484 1616 3776 1915 657 1861
cat_boundaries=0 1 2 3 4 5 6
cat_threshold=8 524288 4236504 2097408 22133292 1232
is_linear=0
shrinkage=0.15


Tree=27
num_leaves=15
num_cat=4
split_feature=2 1 5 0 1 2 0 5 2 0 0 5 2 2
split_gain=114.929 102.107 94.0577 77.6248 101.771 69.8687 113.284 59.6099 53.9355 42.099 33.9088 30.8137 28.8816 25.052
threshold=97.750000000000014 1.2500000000000002 79.750000000000014 0 3.5500000000000003 87.250000000000014 1 51.850000000000001 78.550000000000011 2 3 95.050000000000011 85.350000000000009 87.450000000000017
decision_type=2 2 2 1 2 2 1 2 2 1 1 2 2 2
left_child=1 13 7 4 -4 9 -7 8 -3 -5 -9 -6 -12 -1
right_child=-2 2 3 5 11 6 -8 10 -10 -11 12 -13 -14 -15
leaf_value=0.052876915745437139 -0.1287869438887391 0.020090905655683441 0.2784449976682663 0.022140632966038375 0.032753046935683969 0.17374519205133196 0.024105621854394355 -0.034940691351716312 -0.16051116519891048 -0.018899959415447053 -0.015408338497307984 0.22798278232643499 0.013627388459200472 0.15942866955167398
leaf_weight=95 153 55 55 897 201 121 961 1037 115 1471 1933 20 1282 104
leaf_count=95 153 55 55 897 201 121 961 1037 115 1471 1933 20 1282 104
internal_value=4.28445e-05 0.00240429 -0.000188428 0.0173686 0.0925087 0.0110572 0.0426684 -0.0149821 -0.102081 -0.00334007 -0.0114997 0.0504209 -0.0038183 0.108562
internal_weight=8500 8347 8148 3726 276 3450 1082 4422 170 2368 4252 221 3215 199
internal_count=8500 8347 8148 3726 276 3450 1082 4422 170 2368 4252 221 3215 199
cat_boundaries=0 1 2 3 4
cat_threshold=524800 9232 22124577 2491138
is_linear=0
shrinkage=0.15


Tree=28
num_leaves=15
num_cat=4
split_feature=4 0 1 5 1 0 2 2 2 2 5 1 5 0
split_gain=87.6185 107.911 95.962 123.316 73.5336 72.6593 75.0836 73.9487 70.5035 102.221 59.4163 35.5506 34.543 30.5782
threshold=0 1 2.7500000000000004 80.250000000000014 4.4500000000000011 2 97.950000000000017 85.350000000000009 89.250000000000014 69.250000000000014 84.550000000000011 8.5500000000000025 91.750000000000014 3
decision_type=1 1 2 2 2 1 2 2 2 2 2 2 2 1
left_child=11 2 3 -2 5 -3 7 -7 9 -4 -11 12 13 -1
right_child=1 4 8 -5 -6 6 -8 -9 -10 10 -12 -13 -14 -15
leaf_value=-0.087820063714164093 0.089790079661685479 -0.015467596663236004 -0.0073953418978828867 0.61398552333315204 -0.0074997973165063948 -0.00098466410113745031 -0.14931063037365674 0.070659458384633889 -0.11891705542802811 0.17596928517244034 0.52867062538862231 -0.0025963557666190385 0.039592049920597588 -0.032936205991159033
leaf_weight=336 23 658 79 18 3905 461 44 1092 37 62 12.999999999999998 841 106 825
leaf_count=336 23 658 79 18 3905 461 44 1092 37 62 13 841 106 825
internal_value=6.57385e-05 0.00881491 0.107089 0.319925 0.0049461 0.0265207 0.0436444 0.0493923 0.0670086 0.111679 0.237104 -0.0263807 -0.0423763 -0.04986
internal_weight=8500 6392 232 41 6160 2255 1597 1553 191 154 75 2108 1267 1161
internal_count=8500 6392 232 41 6160 2255 1597 1553 191 154 75 2108 1267 1161
cat_boundaries=0 1 2 3 4
cat_threshold=8 524288 2507074 2654520
is_linear=0
shrinkage=0.15


Tree=29
num_leaves=15
num_cat=3
split_feature=5 1 2 0 1 5 4 5 1 2 2 0 2 5
split_gain=81.4514 72.4977 53.9501 61.7104 57.7741 54.1077 49.9834 37.857 39.2014 37.2466 34.633 36.2016 31.5873 41.9927
threshold=68.65000000000002 3.5500000000000003 95.15000000000002 0 0.35000000000000003 91.550000000000011 1 51.150000000000013 6.0500000000000007 81.250000000000014 99.050000000000011 2 82.65000000000002 94.850000000000009
decision_type=2 2 2 1 2 2 1 2 2 2 2 1 2 2
left_child=7 2 3 4 -2 -6 9 8 -1 -5 11 12 -3 -14
right_child=1 10 -4 6 5 -7 -8 -9 -10 -11 -12 -13 13 -15
leaf_value=-0.15725780879297563 0.4488721332186833 0.0056202435646120425 -0.064292841247134955 -0.071764002541418778 0.064735304351498935 0.22230936645896041 -0.013531221840592583 -0.019810728204919536 0.007438468508888036 0.073841377255087978 -0.16352701069915601 -0.0047496540103447431 0.052405005170540163 0.26728115758265958
leaf_weight=93 9.9999999999999982 455 107 44 394 56 441 2022 50 389 29 4095 293 22
leaf_count=93 10 455 107 44 394 56 441 2022 50 389 29 4095 293 22
internal_value=3.18382e-05 0.00861578 0.0381877 0.0464077 0.0903059 0.0843445 0.0220182 -0.0250856 -0.0996717 0.0577126 -9.14488e-05 0.000882782 0.0305026 0.0674122
internal_weight=8500 6335 1441 1334 460 450 874 2165 143 433 4894 4865 770 315
internal_count=8500 6335 1441 1334 460 450 874 2165 143 433 4894 4865 770 315
cat_boundaries=0 1 2 3
cat_threshold=4816384 5 525825
is_linear=0
shrinkage=0.15


Tree=30
num_leaves=15
num_cat=8
split_feature=4 0 1 2 5 0 4 2 0 2 0 1 4 0
split_gain=63.4141 123.832 94.8907 90.6351 64.1403 50.4215 194.665 75.8645 85.7027 68.0664 61.5188 60.0572 70.3019 43.646
threshold=0 1 6.1500000000000012 85.550000000000011 67.350000000000009 2 3 87.350000000000009 4 75.050000000000011 5 5.8500000000000005 6 7
decision_type=1 1 2 2 2 1 1 2 1 2 1 2 1 1
left_child=1 2 3 4 -1 11 7 -7 -9 -8 -11 12 -3 -2
right_child=13 5 -4 -5 -6 6 9 8 -10 10 -12 -13 -14 -15
leaf_value=0.1035334888100624 0.0093914510304307502 0.093004537380246027 0.011853331790493329 0.12441632629118181 0.54824242086874109 0.0098888869563690581 -0.0072071018852633032 0.19449163647852838 0.036948304447708614 -0.17116806965513989 -0.055809835300684695 -0.0018362605007221709 0.010738885018580448 -0.023144090716277741
leaf_weight=9.9999999999999982 1354 469 67 55 27 765 450 115 249 135 524 881 478 2921
leaf_count=10 1354 469 67 55 27 765 450 115 249 135 524 881 478 2921
internal_value=2.38365e-05 0.0130409 0.138905 0.24653 0.428051 0.00779025 -0.00730381 0.0363881 0.0930799 -0.0517114 -0.0828859 0.0262089 0.0525763 -0.0128414
internal_weight=8500 4225 159 92 37 4066 2238 1129 364 1109 659 1828 947 4275
internal_count=8500 4225 159 92 37 4066 2238 1129 364 1109 659 1828 947 4275
cat_boundaries=0 1 2 3 4 5 6 7 8
cat_threshold=5 524288 17864956 1 9729 9217 4 12674561
is_linear=0
shrinkage=0.15


Tree=31
num_leaves=15
num_cat=3
split_feature=2 5 2 5 1 4 0 0 2 1 5 2 5 5
split_gain=63.4093 60.8286 61.1315 50.289 46.7709 43.5207 77.2895 43.7016 37.5694 19.161 16.3092 16.1091 15.9533 40.9965
threshold=96.750000000000014 91.15000000000002 86.850000000000009 55.150000000000013 0.8500000000000002 0 1 2 76.850000000000009 5.0500000000000007 47.650000000000013 99.65000000000002 91.750000000000014 92.350000000000009
decision_type=2 2 2 2 2 1 1 1 2 2 2 2 2 2
left_child=1 3 -3 8 -5 6 -6 -7 -1 12 -10 -2 -4 -14
right_child=11 2 9 4 5 7 -8 -9 10 -11 -12 -13 13 -15
leaf_value=0.0077405755449626978 -0.057716053427327746 0.011435760068532995 0.22519384386417057 0.10326469338245012 0.088344666228901289 0.016822423079467963 0.0054147360969694315 -0.015214996325575152 -0.21172158223661508 0.021790494362970717 -0.076636287953871757 -0.15526950179447171 -0.056919951643794778 0.13435330714594243
leaf_weight=143 171 518 28 99 296 1255 1484 3956 22 57 234 49 30 158
leaf_count=143 171 518 28 99 296 1255 1484 3956 22 57 234 49 30 158
internal_value=3.6929e-05 0.00214874 0.0417085 -0.00202963 0.000886316 -0.000563471 0.0196218 -0.00748177 -0.0538443 0.0991491 -0.0882452 -0.0794439 0.119563 0.103831
internal_weight=8500 8280 791 7489 7090 6991 1780 5211 399 273 256 220 216 188
internal_count=8500 8280 791 7489 7090 6991 1780 5211 399 273 256 220 216 188
cat_boundaries=0 1 2 3
cat_threshold=1 9729 1611784
is_linear=0
shrinkage=0.15


Tree=32
num_leaves=15
num_cat=3
split_feature=5 4 2 0 2 5 2 1 1 5 2 0 5 1
split_gain=51.3508 42.3381 75.5237 59.6171 40.3427 46.8438 37.3302 28.2474 27.8745 25.9928 27.2061 22.5379 22.983 22.0571
threshold=80.050000000000011 0 80.050000000000011 1 92.550000000000011 90.450000000000017 96.750000000000014 0.8500000000000002 0.35000000000000003 54.550000000000004 78.550000000000011 2 89.250000000000014 3.0500000000000003
decision_type=2 1 2 1 2 2 2 2 2 2 2 1 2 2
left_child=6 -2 -3 4 7 -6 8 -4 -1 10 -10 -5 -13 -11
right_child=1 2 3 11 5 -7 -8 -9 9 13 -12 12 -14 -15
leaf_value=0.17306829504668711 -0.014577541228756579 -0.0053725009641398388 0.26311337798833845 -0.040532772452910398 -0.048515688079891588 0.14223955482244491 -0.091648673529421257 0.086049830249856976 0.0073021013148908695 0.020262141278432459 -0.078827743638331255 0.0085034168099693483 0.066231473459551729 -0.010242607161632056
leaf_weight=19 939 1260 21 127 105 40 124 585 129 627 229 500 225 3570
leaf_count=19 939 1260 21 127 105 40 124 585 129 627 229 500 225 3570
internal_value=4.82193e-05 0.0130082 0.0220297 0.043706 0.0741918 0.00410645 -0.0104401 0.0921857 -0.00823853 -0.0089948 -0.0477921 0.0157782 0.0260596 -0.00568543
internal_weight=8500 3802 2863 1603 751 145 4698 606 4574 4555 358 852 725 4197
internal_count=8500 3802 2863 1603 751 145 4698 606 4574 4555 358 852 725 4197
cat_boundaries=0 1 2 3
cat_threshold=8 22654512 2097408
is_linear=0
shrinkage=0.15


Tree=33
num_leaves=15
num_cat=3
split_feature=0 1 2 2 5 0 2 5 5 2 2 1 2 4
split_gain=39.5488 40.7492 54.4827 36.0404 30.9638 30.5704 39.1297 34.1659 27.7545 26.391 24.2933 24.0604 23.8353 50.7428
threshold=0 2.0500000000000003 82.65000000000002 99.350000000000009 81.250000000000014 1 87.450000000000017 86.550000000000011 55.650000000000013 93.450000000000017 83.950000000000017 8.5500000000000025 81.250000000000014 2
decision_type=1 2 2 2 2 1 2 2 2 2 2 2 2 1
left_child=11 2 -2 4 -3 6 10 -8 -7 -10 -4 -1 -6 -14
right_child=1 3 5 -5 12 8 7 -9 9 -11 -12 -13 13 -15
leaf_value=-0.057811282545316783 -0.075649924520147988 -0.0070622970372006206 0.23405333608388901 -0.12422235047001427 -0.00082466788293043553 -0.13055637667753867 0.13962035766361575 0.3634346760077668 0.069230141875164394 -0.049762123264372342 -0.029447974662321644 0.00018221950056338858 0.07410423811837212 0.010165412374457986
leaf_weight=410 73 4287 9.9999999999999982 52 1462 21 57 21 236 51 37 265 363 1155
leaf_count=410 73 4287 10 52 1462 21 57 21 236 51 37 265 363 1155
internal_value=3.1261e-05 0.00305297 0.0442248 0.000210724 0.00110112 0.0644347 0.124751 0.199878 0.034776 0.0480852 0.0266161 -0.0345319 0.0128449 0.0260103
internal_weight=8500 7825 506 7319 7267 433 125 78 308 287 47 675 2980 1518
internal_count=8500 7825 506 7319 7267 433 125 78 308 287 47 675 2980 1518
cat_boundaries=0 1 2 3
cat_threshold=2097408 525401 1
is_linear=0
shrinkage=0.15


Tree=34
num_leaves=15
num_cat=5
split_feature=4 0 1 2 2 5 1 2 0 2 0 1 5 0
split_gain=33.6335 44.6962 51.0706 50.0815 103.689 66.7047 33.727 32.8222 105.1 44.9865 52.4039 41.0742 45.4401 40.0972
threshold=0 1 1.6500000000000001 87.950000000000017 82.65000000000002 70.950000000000017 2.6500000000000008 86.15000000000002 2 93.550000000000011 3 5.2500000000000009 71.450000000000017 4
decision_type=1 1 2 2 2 2 2 2 1 2 1 2 2 1
left_child=-1 2 -2 4 -4 -6 -5 13 11 10 -10 12 -9 -3
right_child=1 7 3 6 5 -7 -8 8 9 -11 -12 -13 -14 -15
leaf_value=-0.01634388354498055 0.37300781328231097 -0.03146605037838892 0.014074232587242655 0.18983526885509489 0.070877438235435297 0.41239661100891328 -0.11193097820878029 0.049965933577802317 0.04664358709293194 -0.036472951363885564 -0.0054775592582012814 -0.0061120299304403903 0.22344293773414245 0.0035261132437941407
leaf_weight=2108 11.999999999999998 989 107 9.9999999999999982 22 31 50 52 774 427 974 41 98 2805
leaf_count=2108 12 989 107 10 22 31 50 52 774 427 974 41 98 2805
internal_value=4.14429e-05 0.00546214 0.0687084 0.0552334 0.0990596 0.270634 -0.0616366 0.00297264 0.0168427 0.00714174 0.0178368 0.120622 0.163304 -0.0056691
internal_weight=8500 6392 232 220 160 53 60 6160 2366 2175 1748 191 150 3794
internal_count=8500 6392 232 220 160 53 60 6160 2366 2175 1748 191 150 3794
cat_boundaries=0 1 2 3 4 5
cat_threshold=8 524288 1040 12692168 2098385
is_linear=0
shrinkage=0.15


Tree=35
num_leaves=15
num_cat=7
split_feature=5 0 1 2 4 0 2 2 0 4 4 0 1 5
split_gain=32.2037 39.2675 70.0732 30.6108 25.4826 55.1585 45.9035 74.556 29.1637 112.899 35.8428 26.0187 44.9458 21.9891
threshold=91.550000000000011 0 3.1500000000000008 99.65000000000002 1 2 76.850000000000009 85.550000000000011 3 4 5 6 8.5500000000000025 96.850000000000009
decision_type=2 1 2 2 1 1 2 2 1 1 1 1 2 2
left_child=3 2 -2 4 5 6 -1 -8 10 -10 -7 12 -6 -4
right_child=1 -3 13 -5 11 8 7 -9 9 -11 -12 -13 -14 -15
leaf_value=-0.0032827800405876976 0.37676925118032251 0.01314040609400903 0.040703077205750893 -0.12757215590046889 -0.044090795467798496 0.039824979249480773 0.327865221174924 0.045311341205849613 0.025609224334363252 -0.044428656973078184 -0.0040654199389398345 0.00033281737206112958 0.0056851389921436114 0.26472444310784338
leaf_weight=56 19 614 95 44 1042 818 38 47 1038 1015 850 2142 671 10.999999999999998
leaf_count=56 19 614 95 44 1042 818 38 47 1038 1015 850 2142 671 11
internal_value=3.46764e-05 0.0299553 0.10324 -0.00281436 -0.00210303 0.00650377 0.0953952 0.17163 0.00288875 -0.00906491 0.0175678 -0.0107145 -0.0244503 0.0639506
internal_weight=8500 739 125 7761 7717 3862 141 85 3721 2053 1668 3855 1713 106
internal_count=8500 739 125 7761 7717 3862 141 85 3721 2053 1668 3855 1713 106
cat_boundaries=0 1 2 3 4 5 6 7
cat_threshold=4726785 5 524288 17864956 1 4 3703292
is_linear=0
shrinkage=0.15


Tree=36
num_leaves=15
num_cat=3
split_feature=5 1 1 0 2 0 0 1 2 1 1 5 2 2
split_gain=30.2477 26.6016 22.231 19.2319 26.1336 149.869 64.9943 193.816 52.7885 34.1998 33.2282 17.1299 16.7024 15.417
threshold=60.95000000000001 1.2500000000000002 7.9500000000000011 0 87.250000000000014 1 2 12.550000000000002 93.450000000000017 19.950000000000003 5.8500000000000005 47.650000000000013 95.15000000000002 87.750000000000014
decision_type=2 2 2 1 2 1 1 2 2 2 2 2 2 2
left_child=2 12 11 -3 6 10 7 -5 -7 -8 -6 -1 13 -2
right_child=1 3 -4 4 5 8 9 -9 -10 -11 -12 -13 -14 -15
leaf_value=-0.16960767988196535 0.030647204131154078 -0.024305933870308546 0.0038350197999611831 -0.13069134587097941 0.18305243930301149 0.019286973332188907 0.018191813353033659 0.017673975542189996 -0.037182178618879368 -0.011000117169967755 -0.0039154662340879437 -0.037610707789119041 -0.081050188351860827 0.12325794980144844
leaf_weight=23 84 572 376 326 148 1553 2185 505 490 1539 25 579 17 78
leaf_count=23 84 572 376 326 148 1553 2185 505 490 1539 25 579 17 78
internal_value=3.4842e-05 0.00326134 -0.0247808 0.0018686 0.0041096 0.0174762 -0.00238421 -0.0400476 0.00571525 0.00611139 0.147508 -0.0426538 0.0603946 0.0752376
internal_weight=8500 7522 978 7343 6771 2216 4555 831 2043 3724 173 602 179 162
internal_count=8500 7522 978 7343 6771 2216 4555 831 2043 3724 173 602 179 162
cat_boundaries=0 1 2 3
cat_threshold=2097408 1040 1232
is_linear=0
shrinkage=0.15


Tree=37
num_leaves=15
num_cat=2
split_feature=5 1 2 0 2 2 5 0 1 2 5 2 1 5
split_gain=23.3685 21.9188 40.43 22.5896 32.9483 29.2009 15.6484 13.1396 18.3307 26.876 60.2445 37.5243 11.8654 17.0476
threshold=66.450000000000017 3.5500000000000003 76.850000000000009 0 92.950000000000017 87.450000000000017 77.850000000000009 1 22.350000000000005 89.450000000000017 94.850000000000009 86.750000000000014 7.9500000000000011 51.150000000000013
decision_type=2 2 2 1 2 2 2 1 2 2 2 2 2 2
left_child=12 2 -2 -4 5 -5 -6 8 9 11 -11 -3 13 -1
right_child=1 7 3 4 6 -7 -8 -9 -10 10 -12 -13 -14 -15
leaf_value=-0.084803475609585413 -0.21022034659981728 0.023875076860085918 -0.01924682972509149 0.017729745608012441 0.026050210458467182 0.067794211252732203 -0.055585651882171912 -0.0043795331224635329 -0.020194175184711553 -0.04876875095232798 0.27487976284963744 0.12211099711822276 -0.00036377453352931614 -0.019379162827676665
leaf_weight=99 17 501 243 551 89 500 130 4173 259 171 13.999999999999998 106 702 945
leaf_count=99 17 501 243 551 89 500 130 4173 259 171 14 106 702 945
internal_value=2.53264e-05 0.00402421 0.0198139 0.0223986 0.0302801 0.0415473 -0.0224094 -0.000600275 0.0143108 0.0257753 -0.0242764 0.0410299 -0.0154434 -0.0255832
internal_weight=8500 6754 1530 1513 1270 1051 219 5224 1051 792 185 607 1746 1044
internal_count=8500 6754 1530 1513 1270 1051 219 5224 1051 792 185 607 1746 1044
cat_boundaries=0 1 2
cat_threshold=2097426 527873
is_linear=0
shrinkage=0.15


Tree=38
num_leaves=15
num_cat=4
split_feature=5 2 0 1 1 2 2 1 1 2 0 0 0 1
split_gain=20.4358 26.8138 55.1385 24.8359 30.3586 21.0845 37.2819 22.1657 19.056 18.3298 73.1731 31.159 22.5588 42.6513
threshold=86.450000000000017 87.250000000000014 0 4.8500000000000005 5.7500000000000009 91.950000000000017 89.950000000000017 3.4500000000000006 7.3500000000000005 93.450000000000017 1 2 3 0.35000000000000003
decision_type=2 2 1 2 2 2 2 2 2 2 1 1 1 2
left_child=9 -2 3 5 -5 6 -3 -7 -4 12 -11 -12 13 -1
right_child=1 2 8 4 -6 7 -8 -9 -10 10 11 -13 -14 -15
leaf_value=0.30442168800668279 0.0011849783494160583 0.23148514320511884 0.021286706442311742 -0.17886208180676802 0.14484900541137904 0.16631871770535198 -0.021254492737352849 0.40506010852754115 -0.15614365866141658 -0.096798353989426086 0.078456195431815437 -0.016544847958627335 -0.0089992893132110324 0.0083787949171342298
leaf_weight=10.999999999999998 1276 29 501 11.000000000000002 15.999999999999998 21 24 14.999999999999998 13.999999999999998 212 104 238 3630 2398
leaf_count=11 1276 29 501 11 16 21 24 15 14 212 104 238 3630 2398
internal_value=1.7358e-05 0.0136929 0.0389862 0.12795 0.0129667 0.177208 0.117037 0.265794 0.0161498 -0.00393823 -0.0300512 0.0137525 -0.00154271 0.00969036
internal_weight=8500 1907 631 116 27 89 53 36 515 6593 554 342 6039 2409
internal_count=8500 1907 631 116 27 89 53 36 515 6593 554 342 6039 2409
cat_boundaries=0 1 2 3 4
cat_threshold=525393 5844488 211 4832776
is_linear=0
shrinkage=0.15


Tree=39
num_leaves=15
num_cat=5
split_feature=4 1 1 0 2 0 2 5 5 2 1 0 1 0
split_gain=20.1495 27.3882 22.2501 20.8762 22.2174 25.6599 25.6525 23.9654 18.3674 28.0207 19.0535 17.5933 16.1515 13.8823
threshold=0 0.8500000000000002 8.5500000000000025 1 81.450000000000017 2 80.550000000000011 92.350000000000009 86.550000000000011 80.250000000000014 2.8500000000000001 3 3.9500000000000006 4
decision_type=1 2 2 1 2 1 2 2 2 2 2 1 2 1
left_child=2 -2 3 4 6 7 -1 -6 13 10 -10 12 -11 -3
right_child=1 8 -4 -5 5 -7 -8 -9 9 11 -12 -13 -14 -15
leaf_value=-0.041499199351916712 0.086371599829678111 0.0070080551901455998 0.006179809681666446 -0.045102203982166321 0.044126772515516242 -0.01407204123160819 -0.28071613604059586 0.27587878825989637 -0.21111636059358715 0.098894613718543689 -0.0023375809302089334 0.01552571165158631 0.033783911956819679 -0.0089024034142579055
leaf_weight=45 90 2369 841 606 115 477 12.999999999999998 10.999999999999998 9.9999999999999982 159 597 427 186 2554
leaf_count=45 90 2369 841 606 115 477 13 11 10 159 597 427 186 2554
internal_value=7.00973e-06 0.00420274 -0.0126753 -0.0252909 -0.00634965 0.00208319 -0.0951168 0.0596268 0.00303594 0.0183365 -0.0057771 0.0372964 0.0619945 -0.00124997
internal_weight=8500 6392 2108 1267 661 603 58 126 6302 1379 607 772 345 4923
internal_count=8500 6392 2108 1267 661 603 58 126 6302 1379 607 772 345 4923
cat_boundaries=0 1 2 3 4 5
cat_threshold=8 25652323 17409 5875909 29988024
is_linear=0
shrinkage=0.15


Tree=40
num_leaves=15
num_cat=2
split_feature=5 1 2 0 2 2 1 1 2 0 2 5 5 2
split_gain=15.522 15.8143 29.8885 18.9329 55.559 25.8926 17.1057 12.5967 12.0856 11.7067 10.9528 8.37195 6.79873 13.7207
threshold=56.550000000000004 3.5500000000000003 76.850000000000009 0 93.450000000000017 81.250000000000014 0.8500000000000002 1.7500000000000002 75.950000000000017 1 98.550000000000011 47.650000000000013 93.950000000000017 80.950000000000017
decision_type=2 2 2 1 2 2 2 2 2 1 2 2 2 2
left_child=8 2 -2 4 6 7 -4 -5 -1 -7 12 -10 -3 -14
right_child=1 10 3 5 -6 9 -8 -9 11 -11 -12 -13 13 -15
leaf_value=0.0051931189906961085 -0.16402026574526515 -0.0025779433168535218 0.17435450123416052 -0.17418243380729109 -0.078114684373408988 0.039003341564407143 0.051462397187982074 -0.041087928276392627 -0.12951874982403672 0.0033231644211678523 -0.072633242975844406 -0.035733668778879249 -0.0092038960693699746 0.054697857491989084
leaf_weight=190 21 5797 27 20 78 263 454 80 23 883 49 311 163 141
leaf_count=190 21 5797 27 20 78 263 454 80 23 883 49 311 163 141
internal_value=-2.07871e-06 0.00164089 0.0138987 0.0159686 0.0386266 0.00544969 0.0583607 -0.0677068 -0.0250103 0.0118809 -0.00199857 -0.0421919 -0.00143127 0.0204347
internal_weight=8500 7976 1826 1805 559 1246 481 100 524 1146 6150 334 6101 304
internal_count=8500 7976 1826 1805 559 1246 481 100 524 1146 6150 334 6101 304
cat_boundaries=0 1 2
cat_threshold=13201920 1217
is_linear=0
shrinkage=0.15


Tree=41
num_leaves=15
num_cat=6
split_feature=4 0 4 1 4 0 1 5 2 0 2 5 1 5
split_gain=14.3951 41.933 63.8374 80.6318 57.6473 57.5175 93.8193 45.9775 38.9266 54.4062 42.7647 36.709 33.4008 24.0068
threshold=0 1 2 7.1500000000000012 3 4 6.0500000000000007 84.750000000000014 84.450000000000017 5 94.15000000000002 86.950000000000017 4.3500000000000005 58.45000000000001
decision_type=1 1 1 2 1 1 2 2 2 1 2 2 2 2
left_child=1 2 3 11 8 6 7 -6 -3 10 -10 13 -13 -1
right_child=-2 4 -4 -5 5 -7 -8 -9 9 -11 -12 12 -14 -15
leaf_value=-0.0543438330929348 -0.0061238901861060679 -0.0042216263489860987 -0.0044931114433521399 -0.0014256349186641426 -0.10199525338282023 -0.0080161354698940306 0.0019081311388329529 -0.26349856223658485 0.13600397274814663 0.010168539484647587 -0.031330019528312339 0.28895348017769201 0.08368333465149326 0.096157634033928241
leaf_weight=26 4275 839 667 265 121 1087 164 59 189 405 42 42 31 288
leaf_count=26 4275 839 667 265 121 1087 164 59 189 405 42 42 31 288
internal_value=5.70245e-06 0.00620764 0.0282852 0.061379 -0.00387576 -0.0252385 -0.0778952 -0.154932 0.0168801 0.0449824 0.101199 0.105971 0.201784 0.0836957
internal_weight=8500 4225 1319 652 2906 1431 344 180 1475 636 231 387 73 314
internal_count=8500 4225 1319 652 2906 1431 344 180 1475 636 231 387 73 314
cat_boundaries=0 1 2 3 4 5 6
cat_threshold=5 1611864 4 1 9729 4220417
is_linear=0
shrinkage=0.15


Tree=42
num_leaves=15
num_cat=5
split_feature=2 5 0 1 2 2 5 4 0 2 2 1 0 4
split_gain=12.4058 11.5085 25.5854 34.3484 28.9301 14.7851 15.9979 12.0326 37.3907 73.0299 57.6503 38.4276 15.422 54.3628
threshold=96.550000000000011 91.550000000000011 0 3.1500000000000008 89.65000000000002 78.050000000000011 96.850000000000009 1 2 87.350000000000009 88.450000000000017 1.8500000000000003 3 4
decision_type=2 2 1 2 2 2 2 1 1 2 2 2 1 1
left_child=1 7 3 4 -3 -5 -7 8 9 11 -11 -1 13 -9
right_child=-2 2 -4 5 -6 6 -8 12 -10 10 -12 -13 -14 -15
leaf_value=-0.26352147297425699 -0.033760273076340504 0.086600569210460651 -0.00072265657653039657 -0.0061300909065624739 0.35436243545264001 0.055473015815894824 0.24798223159529945 0.03461252208828923 2.1392063254718986e-05 0.34742895618879371 0.092232741941900356 0.024087761138798666 -0.011725186501628685 -0.010795970258346155
leaf_weight=10.999999999999998 238 23 489 94 14.999999999999998 83 10.999999999999998 869 1600 28 69 210 2944 1816
leaf_count=11 238 23 489 94 15 83 11 869 1600 28 69 210 2944 1816
internal_value=3.35346e-06 0.000975968 0.0191643 0.0595893 0.192296 0.0359353 0.0780007 -0.000747188 0.00948455 0.0556456 0.165898 0.00977237 -0.00424282 0.00397438
internal_weight=8500 8262 715 226 38 188 94 7547 1918 318 97 221 5629 2685
internal_count=8500 8262 715 226 38 188 94 7547 1918 318 97 221 5629 2685
cat_boundaries=0 1 2 3 4 5
cat_threshold=6103049 1 9729 18389230 4
is_linear=0
shrinkage=0.15


Tree=43
num_leaves=15
num_cat=2
split_feature=5 1 2 0 5 1 5 1 5 5 1 0 1 2
split_gain=11.0223 11.3886 18.5991 22.3012 16.5619 20.0152 15.8097 13.4014 9.4082 16.1292 17.4002 8.83807 11.8325 11.3818
threshold=63.95000000000001 2.0500000000000003 82.450000000000017 0 91.950000000000017 1.2500000000000002 86.050000000000011 1.4500000000000002 97.950000000000017 97.550000000000011 4.7500000000000009 1 7.3500000000000005 84.15000000000002
decision_type=2 2 2 1 2 2 2 2 2 2 2 1 2 2
left_child=11 2 6 7 5 -5 -2 -4 9 -3 -11 -1 13 -13
right_child=1 8 3 4 -6 -7 -8 -9 -10 10 -12 12 -14 -15
leaf_value=0.00015424675544315557 -0.014022219681646674 0.00083141210753190961 -0.036517929670267874 0.1264777403032141 0.23938089144917635 0.023505407346722979 -0.20651620849967003 0.040209232251159847 -0.06755091452350219 0.27541888587176788 0.012234563305257604 -0.088864481546591184 -0.00030758606171337616 -0.027671843058653427
leaf_weight=670 48 6608 105 70 12.999999999999998 108 11.999999999999998 100 45 10.000000000000002 12.999999999999998 86 278 334
leaf_count=670 48 6608 105 70 13 108 12 100 45 10 13 86 278 334
internal_value=4.86036e-06 0.00237054 0.0253054 0.0370973 0.0721591 0.0640001 -0.052521 0.000867631 0.000803987 0.00126786 0.126663 -0.0123285 -0.0239693 -0.0402018
internal_weight=8500 7132 456 396 191 178 60 205 6676 6631 23 1368 698 420
internal_count=8500 7132 456 396 191 178 60 205 6676 6631 23 1368 698 420
cat_boundaries=0 1 2
cat_threshold=20355858 22534232
is_linear=0
shrinkage=0.15


Tree=44
num_leaves=15
num_cat=4
split_feature=5 0 1 5 5 2 5 1 4 0 1 1 0 2
split_gain=9.21274 11.6902 25.8074 16.305 32.9954 46.233 17.9038 12.0021 10.6076 30.0673 41.2358 80.8692 10.4957 36.7322
threshold=79.750000000000014 0 2.4500000000000006 88.750000000000014 90.65000000000002 79.350000000000009 87.850000000000009 1.8500000000000003 1 2 2.7500000000000004 4.5500000000000007 3 94.850000000000009
decision_type=2 1 2 2 2 2 2 2 1 1 2 2 1 2
left_child=-1 2 7 6 5 -5 -4 -2 9 10 -3 -12 13 -10
right_child=1 8 3 4 -6 -7 -8 -9 12 -11 11 -13 -14 -15
leaf_value=-0.0045246082600057585 0.096927435114048402 -0.19711130350828171 0.036624320986628621 0.017493450798263598 0.018008039554581044 -0.42814304061233999 0.24347102869302031 0.30640973607078192 -0.022698119755016292 0.0061174454490266596 0.31127472068457041 0.028632309184531156 0.0044026845249602823 0.1388784471497109
leaf_weight=4617 16.000000000000004 9.9999999999999982 161 11.000000000000002 75 9.9999999999999982 9.9999999999999982 9.9999999999999982 778 795 34 69 1871 33
leaf_count=4617 16 10 161 11 75 10 10 10 778 795 34 69 1871 33
internal_value=4.15859e-06 0.00538899 0.033689 0.0209469 -0.028525 -0.194714 0.0487206 0.177498 0.00297714 0.016898 0.0860801 0.121932 -0.00178109 -0.0159271
internal_weight=8500 3883 293 267 96 21 171 26 3590 908 113 103 2682 811
internal_count=8500 3883 293 267 96 21 171 26 3590 908 113 103 2682 811
cat_boundaries=0 1 2 3 4
cat_threshold=524800 1 9217 2114841
is_linear=0
shrinkage=0.15


Tree=45
num_leaves=15
num_cat=2
split_feature=2 1 2 5 5 1 5 0 5 2 2 3 2 2
split_gain=10.0855 8.31267 23.4342 14.7659 20.6227 18.3691 13.6172 12.7589 19.36 14.8086 9.64651 8.7525 37.2287 11.0492
threshold=96.550000000000011 3.2500000000000004 81.250000000000014 75.050000000000011 69.550000000000011 1.7500000000000002 49.050000000000004 0 91.550000000000011 85.350000000000009 80.750000000000014 1 79.750000000000014 69.250000000000014
decision_type=2 2 2 2 2 2 2 1 2 2 2 1 2 2
left_child=1 2 3 4 -1 -5 -4 8 -8 -9 -7 12 13 -3
right_child=-2 11 6 5 -6 10 7 9 -10 -11 -12 -13 -14 -15
leaf_value=-0.052410378715501645 -0.030437445332161188 0.0061574324897904903 -0.11273868448721866 -0.22581931745962186 0.13984563417340579 -0.026010864845624093 0.027665214493416648 -0.030484949229867195 0.12901485658341857 0.017576044661370267 -0.17398057458340191 -0.0045980051016581572 -0.24520881092892244 0.051131761843282587
leaf_weight=37 238 1620 18 17 19 57 543 192 46 580 11.999999999999998 4975 12.999999999999998 133
leaf_count=37 238 1620 18 17 19 57 543 192 46 580 12 4975 13 133
internal_value=5.39126e-06 0.000882345 0.0108989 -0.0471228 0.0128193 -0.0861548 0.0168735 0.0185877 0.0349865 0.00555115 -0.0517447 -0.00137772 0.00769414 0.00956963
internal_weight=8500 8262 1521 142 56 86 1379 1361 589 772 69 6741 1766 1753
internal_count=8500 8262 1521 142 56 86 1379 1361 589 772 69 6741 1766 1753
cat_boundaries=0 1 2
cat_threshold=14233677 4
is_linear=0
shrinkage=0.15


Tree=46
num_leaves=15
num_cat=4
split_feature=2 5 0 2 1 4 0 1 2 1 5 0 5 5
split_gain=8.10579 7.10503 8.09038 11.6881 10.8976 10.3221 13.9798 13.1223 6.53524 4.846 5.7197 4.40729 4.34597 4.07369
threshold=99.050000000000011 56.550000000000004 0 86.850000000000009 22.850000000000005 1 2 8.5500000000000025 76.850000000000009 5.0500000000000007 47.650000000000013 3 89.15000000000002 83.950000000000017
decision_type=2 2 1 2 2 1 1 2 2 2 2 1 2 2
left_child=1 8 3 -3 5 7 -7 -4 -1 10 -10 -6 13 -2
right_child=12 2 4 -5 11 6 -8 -9 9 -11 -12 -13 -14 -15
leaf_value=0.0053655442301761749 -0.04531886117656541 -0.00010455051660665949 -0.014438415536855778 -0.043595152861605625 0.00044789468581592169 0.036027618679222405 0.0064723908717933378 0.015502708908999647 -0.099782230642934636 -0.059893642624454763 -0.01182051326294927 -0.01817889816571884 0.041192036359570916 -0.13997699601145891
leaf_weight=191 48 404 1064 212 503 386 4201 477 18 87 219 667 9.9999999999999982 12.999999999999998
leaf_count=191 48 404 1064 212 503 386 4201 477 18 87 219 667 10 13
internal_value=4.58255e-06 0.000429711 0.00154065 -0.0148313 0.00293885 0.0054756 0.00903245 -0.00513713 -0.0166421 -0.0296158 -0.0185012 -0.0103225 -0.050466 -0.0654919
internal_weight=8500 8429 7914 616 7298 6128 4587 1541 515 324 237 1170 71 61
internal_count=8500 8429 7914 616 7298 6128 4587 1541 515 324 237 1170 71 61
cat_boundaries=0 1 2 3 4
cat_threshold=2097408 8 528384 4670168
is_linear=0
shrinkage=0.15


Tree=47
num_leaves=15
num_cat=2
split_feature=1 4 5 5 5 5 2 1 5 0 1 1 2 2
split_gain=6.81002 8.11896 14.7595 16.4527 15.0852 16.4298 7.55388 8.74745 6.72396 6.98185 15.9859 9.5673 18.0142 9.17799
threshold=1.2500000000000002 0 90.950000000000017 85.550000000000011 73.65000000000002 78.050000000000011 82.050000000000011 0.75000000000000011 79.750000000000014 1 2.4500000000000006 16.550000000000004 88.450000000000017 88.750000000000014
decision_type=2 1 2 2 2 2 2 2 2 1 2 2 2 2
left_child=1 2 3 4 -1 -6 -3 -8 -2 10 13 12 -12 -10
right_child=8 6 -4 -5 5 -7 7 -9 9 -11 11 -13 -14 -15
leaf_value=0.00072130323891100043 -0.0045771847486191187 -0.12295179455117745 0.22323341403495181 -0.09390567626584978 0.3002202095836401 0.077252850278505467 -0.038697394443054992 0.053830106282963398 0.17290409649190816 0.0011945219356595809 0.062730597441267716 -0.010632217735783421 -0.0075622342759743329 0.0063158906572921714
leaf_weight=37 4507 10.999999999999998 10.999999999999998 17 9.9999999999999982 29 45 47 23 3196 173 227 156 10.999999999999998
leaf_count=37 4507 11 11 17 10 29 45 47 23 3196 173 227 156 11
internal_value=8.26619e-06 0.0268819 0.0537578 0.0394928 0.0693319 0.134424 -0.00498971 0.00857209 -0.000662522 0.00399764 0.0188424 0.0130561 0.0294003 0.119008
internal_weight=8500 207 104 93 76 39 103 92 8293 3786 590 556 329 34
internal_count=8500 207 104 93 76 39 103 92 8293 3786 590 556 329 34
cat_boundaries=0 1 2
cat_threshold=6 526880
is_linear=0
shrinkage=0.15


Tree=48
num_leaves=15
num_cat=2
split_feature=2 1 2 0 2 5 2 4 2 5 5 2 1 1
split_gain=5.97016 5.61163 12.9863 30.7458 12.814 24.6544 16.1437 7.07286 6.53157 5.97639 11.3595 13.0354 8.60325 5.10827
threshold=96.550000000000011 2.0500000000000003 85.350000000000009 0 89.550000000000011 87.750000000000014 93.850000000000009 1 88.65000000000002 97.950000000000017 97.550000000000011 87.350000000000009 3.9500000000000006 2.5500000000000003
decision_type=2 2 2 1 2 2 2 1 2 2 2 2 2 2
left_child=1 2 -1 4 5 -4 -6 -5 -9 10 13 -12 -11 -3
right_child=-2 9 3 7 6 -7 -8 8 -10 12 11 -13 -14 -15
leaf_value=-0.019220648280617484 -0.02341503597724549 -0.01931693800665123 0.099887413163344527 0.02620499177597636 0.20139269730666789 -0.16159492000937462 0.01483281182175103 0.022192247882485389 -0.048338777346125003 -0.17034126469357444 0.0022103929659351698 0.23409638553857803 -0.017163539356128736 0.00046202422021677901
leaf_weight=164 238 306 43 119 41 9.9999999999999982 13.999999999999998 45 86 10.999999999999998 12.000000000000002 9.9999999999999982 33 7368
leaf_count=164 238 306 43 119 41 10 14 45 86 11 12 10 33 7368
internal_value=7.23696e-06 0.000681953 0.0157351 0.0317484 0.0944404 0.0505511 0.153905 0.000853693 -0.0224006 -0.000333262 -1.81003e-05 0.107613 -0.055458 -0.00032666
internal_weight=8500 8262 522 358 108 53 55 250 131 7740 7696 22 44 7674
internal_count=8500 8262 522 358 108 53 55 250 131 7740 7696 22 44 7674
cat_boundaries=0 1 2
cat_threshold=8914520 3
is_linear=0
shrinkage=0.15


Tree=49
num_leaves=15
num_cat=6
split_feature=5 2 1 2 0 2 0 0 2 0 1 2 0 0
split_gain=5.47656 6.63503 6.12506 24.9756 11.9065 14.0372 70.7239 38.2499 8.84698 28.8666 9.84938 13.6797 9.20029 8.61843
threshold=51.850000000000001 78.550000000000011 4.0500000000000007 76.850000000000009 0 85.350000000000009 1 2 93.350000000000009 3 4.7500000000000009 94.350000000000009 4 5
decision_type=2 2 2 2 1 2 1 1 2 1 2 2 1 1
left_child=1 -1 3 -2 5 6 -5 -7 13 10 11 -10 -11 -4
right_child=2 -3 8 4 -6 7 -8 -9 9 12 -12 -13 -14 -15
leaf_value=0.017155686892061071 -0.13167586568421843 -0.045597832281806611 0.0091258465218178701 -0.12749793269756166 0.018463324734786329 0.079249189055892053 0.016217049646964472 -0.0056682484328595692 -0.18263414041562512 -0.023725061983061142 -0.12796584402659295 0.009807595249046298 0.034824091545306142 -0.0042808769903546536
leaf_weight=55 29 122 1467 100 1267 132 255 745 10.999999999999998 107 67 34 116 3993
leaf_count=55 29 122 1467 100 1267 132 255 745 11 107 67 34 116 3993
internal_value=1.07759e-05 -0.0260982 0.000566018 0.00672693 0.00833304 -0.00221691 -0.0274007 0.00795195 -0.0021216 -0.0257828 -0.0840101 -0.0372337 0.00691847 -0.000669867
internal_weight=8500 177 8323 2528 2499 1232 355 877 5795 335 112 45 223 5460
internal_count=8500 177 8323 2528 2499 1232 355 877 5795 335 112 45 223 5460
cat_boundaries=0 1 2 3 4 5 6
cat_threshold=24544538 1048 1040 1648137 12720448 5770249
is_linear=0
shrinkage=0.15


Tree=50
num_leaves=15
num_cat=4
split_feature=4 2 0 2 0 2 2 0 1 1 2 5 2 5
split_gain=5.24105 14.0426 17.7847 17.9286 19.1619 17.4944 11.536 15.6724 16.8947 9.4849 8.39717 6.55614 10.2808 16.315
threshold=0 78.550000000000011 1 82.250000000000014 2 90.350000000000009 89.250000000000014 3 5.7500000000000009 0.8500000000000002 99.350000000000009 86.850000000000009 80.050000000000011 87.15000000000002
decision_type=1 2 1 2 1 2 2 1 2 2 2 2 2 2
left_child=1 -1 6 -4 5 -5 7 -3 -9 -2 -8 -11 -13 -14
right_child=9 2 3 4 -6 -7 10 8 -10 11 -12 12 13 -15
leaf_value=0.0080713144305295248 0.050502965589985245 -0.016351001498709737 -0.067784236608533541 0.11058822998660189 -0.0073340997149716706 -0.004989891077555232 -0.0070875413061003197 -0.088549360720384288 -0.25937581188976766 -0.0010219241039429977 -0.14236741844903339 -0.0040845118052564612 0.11015988069276016 0.01694635982988479
leaf_weight=873 90 103 89 68 630 52 168 99 14.999999999999998 4988 10.999999999999998 578 45 691
leaf_count=873 90 103 89 68 630 52 168 99 15 4988 11 578 45 691
internal_value=8.5785e-06 -0.00645952 -0.0167834 -0.00408256 0.00342227 0.0558502 -0.0425159 -0.0668419 -0.102073 0.00214842 -0.0154008 0.00146127 0.0108876 0.0226456
internal_weight=8500 2108 1235 839 750 120 396 217 114 6392 179 6302 1314 736
internal_count=8500 2108 1235 839 750 120 396 217 114 6392 179 6302 1314 736
cat_boundaries=0 1 2 3 4
cat_threshold=8 2666776 17409 37128
is_linear=0
shrinkage=0.15


Tree=51
num_leaves=15
num_cat=4
split_feature=4 0 2 2 5 1 5 5 2 2 2 5 0 4
split_gain=4.39388 21.9707 35.9299 40.2558 31.4722 22.9063 16.31 17.7658 17.16 12.5991 11.5369 11.079 7.48414 60.8002
threshold=0 1 87.350000000000009 89.050000000000011 88.550000000000011 3.8500000000000001 76.850000000000009 76.050000000000011 84.15000000000002 94.750000000000014 84.050000000000011 72.050000000000011 2 3
decision_type=1 1 2 2 2 2 2 2 2 2 2 2 1 1
left_child=1 2 6 4 11 9 7 10 -8 -5 -1 -4 13 -2
right_child=12 -3 3 5 -6 -7 8 -9 -10 -11 -12 -13 -14 -15
leaf_value=0.00082755624906646766 0.032561383186979286 -0.0048120930872793443 0.052582104489780387 0.12094811702469507 0.41417321451008321 -0.018945066111998379 0.010785985787206744 -0.18468003573827443 0.11307667161182811 -0.027640679158503188 -0.096328584104776377 0.17965527586393842 -0.0072989797199379753 -0.01098615430225036
leaf_weight=165 1052 1436 26 65 9.9999999999999982 88 205 14.999999999999998 45 15.999999999999998 33 38 3066 2240
leaf_count=165 1052 1436 26 65 10 88 205 15 45 16 33 38 3066 2240
internal_value=3.11201e-06 0.00586281 0.0273395 0.0744361 0.1667 0.0340368 0.00321184 -0.0272887 0.0291983 0.0915972 -0.0153651 0.128032 -0.00197712 0.00298648
internal_weight=8500 2142 706 243 74 169 463 213 250 81 198 64 6358 3292
internal_count=8500 2142 706 243 74 169 463 213 250 81 198 64 6358 3292
cat_boundaries=0 1 2 3 4
cat_threshold=1 12674561 18389246 4
is_linear=0
shrinkage=0.15


Tree=52
num_leaves=15
num_cat=8
split_feature=3 2 2 0 1 2 2 0 0 4 0 2 0 0
split_gain=3.89021 22.9516 8.68328 7.81237 6.18196 21.6727 11.251 111.569 54.5512 46.2483 35.3107 19.6225 11.8114 8.30029
threshold=0 79.750000000000014 72.850000000000009 1 4.6500000000000012 75.950000000000017 85.350000000000009 2 3 4 5 91.550000000000011 6 7
decision_type=1 2 2 1 2 2 2 1 1 1 1 2 1 1
left_child=1 2 3 -1 5 -2 7 12 9 -8 -9 -10 -7 -6
right_child=4 -3 -4 -5 13 6 8 10 11 -11 -12 -13 -14 -15
leaf_value=-0.0069012162071768182 -0.12850177104451826 -0.19230289473556555 0.060294985818815316 0.013861560730960332 -0.017025483201624756 -0.10840625009916134 -0.022165931969557604 0.077045725576945293 0.0074135990189984294 0.071857467855799995 0.0026217834948930392 -0.026375915462520879 -0.046299612018663214 -0.0010634905815755822
leaf_weight=672 28 12.999999999999998 68 1013 1069 142 157 223 1137 455 387 586 245 2305
leaf_count=672 28 13 68 1013 1069 142 157 223 1137 455 387 586 245 2305
internal_value=4.31535e-06 0.00627059 0.00774319 0.0056224 -0.00163902 0.00291526 0.00401961 -0.00931961 0.0097152 0.0477685 0.0306331 -0.00405483 -0.0712447 -0.00617442
internal_weight=8500 1766 1753 1685 6734 3360 3332 997 2335 612 610 1723 387 3374
internal_count=8500 1766 1753 1685 6734 3360 3332 997 2335 612 610 1723 387 3374
cat_boundaries=0 1 2 3 4 5 6 7 8
cat_threshold=4 26515494 6301400 9937 4 18388992 1104 10512129
is_linear=0
shrinkage=0.15


Tree=53
num_leaves=15
num_cat=7
split_feature=5 0 1 5 1 1 0 4 0 4 4 0 2 2
split_gain=3.74145 9.39318 7.69391 8.27214 7.49222 4.07249 5.98595 14.6914 39.5654 45.0881 40.4429 35.5617 57.483 13.9062
threshold=60.95000000000001 0 7.9500000000000011 51.150000000000013 3.7500000000000004 23.050000000000004 1 2 3 4 5 6 86.050000000000011 88.15000000000002
decision_type=2 1 2 2 2 2 1 1 1 1 1 1 2 2
left_child=1 2 3 -1 -5 6 7 11 10 -10 -9 12 -2 -13
right_child=5 -3 -4 4 -6 -7 -8 8 9 -11 -12 13 -14 -15
leaf_value=-0.11270767278585801 0.0040442763580678413 0.0030424161320672066 4.0503281273599215e-05 -0.00086634956724982663 -0.059046862592539662 -0.0071994589825936216 -0.00057121780613429436 0.069760285150089363 0.011843437671078849 -0.077726549342299042 -0.013842447552218752 0.01240170546858904 0.10535974663962872 -0.037918567889417561
leaf_weight=34 273 602 141 91 110 1123 4343 236 249 248 275 350 234 191
leaf_count=34 273 602 141 91 110 1123 4343 236 249 248 275 350 234 191
internal_value=-2.7689e-06 -0.00873045 -0.0269439 -0.0442811 -0.0327064 0.00113199 0.00259413 0.00923831 -0.00370341 -0.033503 0.0253665 0.0216034 0.0498226 -0.00526651
internal_weight=8500 978 376 235 201 7522 6399 2056 1008 497 511 1048 507 541
internal_count=8500 978 376 235 201 7522 6399 2056 1008 497 511 1048 507 541
cat_boundaries=0 1 2 3 4 5 6 7
cat_threshold=8922789 538149 3 528420 8 4 9729
is_linear=0
shrinkage=0.15


Tree=54
num_leaves=15
num_cat=2
split_feature=5 0 2 1 1 2 2 1 2 1 2 5 0 2
split_gain=3.64999 13.7156 24.171 14.3389 19.9935 6.51659 6.49216 5.75208 5.59274 7.07003 5.5904 16.0153 5.24298 9.99757
threshold=91.550000000000011 0 87.250000000000014 3.1500000000000008 3.9500000000000006 95.550000000000011 90.750000000000014 4.9500000000000011 99.65000000000002 3.2500000000000004 93.050000000000011 95.050000000000011 1 83.350000000000009
decision_type=2 1 2 2 2 2 2 2 2 2 2 2 1 2
left_child=8 2 -2 -4 -5 10 -6 -7 -1 -10 12 -12 13 -3
right_child=1 5 3 4 6 7 -8 -9 9 -11 11 -13 -14 -15
leaf_value=-0.00065878495206360692 0.006355733757552046 0.011669594697741559 0.27651921705557747 -0.075027579610997971 0.26171223387122144 -0.13335318773984906 0.10095217170623633 0.013515156023204326 -0.1584337258245796 -0.019574480008503252 0.16828039937827266 -0.055862872388500434 0.0078782577248270296 -0.075535250892016015
leaf_weight=7717 78 64 12.999999999999998 10.999999999999998 10.000000000000002 15.000000000000002 12.999999999999998 9.9999999999999982 10.999999999999998 33 16.000000000000004 12.999999999999998 441 55
leaf_count=7717 78 64 13 11 10 15 13 10 11 33 16 13 441 55
internal_value=-3.67597e-06 0.0100695 0.053294 0.142531 0.0912999 0.000395244 0.170848 -0.0746059 -0.000962836 -0.0542893 0.00358536 0.0678024 0.000259838 -0.0264154
internal_weight=8500 739 125 47 34 614 23 25 7761 44 589 29 560 119
internal_count=8500 739 125 47 34 614 23 25 7761 44 589 29 560 119
cat_boundaries=0 1 2
cat_threshold=4726785 8391824
is_linear=0
shrinkage=0.15


Tree=55
num_leaves=15
num_cat=1
split_feature=5 1 5 2 5 5 5 2 0 2 2 5 1 5
split_gain=3.33901 7.32256 6.08119 6.95166 5.16771 3.02324 9.44104 29.2277 7.58632 6.29855 6.14937 4.54193 35.5972 6.19037
threshold=97.950000000000017 3.8500000000000001 97.550000000000011 88.050000000000011 98.350000000000009 91.550000000000011 91.750000000000014 87.450000000000017 0 75.950000000000017 89.350000000000009 90.850000000000009 2.1500000000000008 90.450000000000017
decision_type=2 2 2 2 2 2 2 2 1 2 2 2 2 2
left_child=2 -2 5 -4 -3 11 7 -7 10 -10 -8 13 -13 -1
right_child=1 4 3 -5 -6 6 8 -9 9 -11 -12 12 -14 -15
leaf_value=-0.00072532989186710917 -0.13553993558654417 -0.064281235339448725 0.0049223952711774733 0.17127424903213978 0.049557522656150939 -0.0011539915055036544 0.00074751324084286876 0.3022716589272022 -0.0035261965653965587 0.041000435758902394 -0.047799573106060152 -0.28653672114014622 -0.0057617767953797054 0.044736020193394163
leaf_weight=7549 12.999999999999998 17 13.000000000000002 9.9999999999999982 19 25 258 9.9999999999999982 119 179 76 10.999999999999998 133 68
leaf_count=7549 13 17 13 10 19 25 258 10 119 179 76 11 133 68
internal_value=-1.7343e-06 -0.039045 0.000224644 0.0772493 -0.00419967 1.44438e-05 0.00970527 0.0855391 0.00550562 0.0224658 -0.00999974 -0.000818411 -0.0272099 -0.000319478
internal_weight=8500 49 8451 23 36 8428 667 35 632 298 334 7761 144 7617
internal_count=8500 49 8451 23 36 8428 667 35 632 298 334 7761 144 7617
cat_boundaries=0 1
cat_threshold=19536374
is_linear=0
shrinkage=0.15


Tree=56
num_leaves=15
num_cat=3
split_feature=2 0 0 1 2 5 5 5 5 5 1 0 1 1
split_gain=3.10605 66.4001 27.5426 22.8038 9.88266 11.7586 21.1606 8.56701 16.3501 15.1756 10.3248 8.3477 23.1455 8.32061
threshold=93.450000000000017 0 1 4.3500000000000005 96.350000000000009 86.550000000000011 81.850000000000009 91.350000000000009 95.050000000000011 76.050000000000011 3.0500000000000003 2 0.8500000000000002 2.3500000000000001
decision_type=2 1 1 2 2 2 2 2 2 2 2 1 2 2
left_child=11 3 7 4 5 6 -2 9 -9 -3 -11 12 -1 -14
right_child=1 2 -4 -5 -6 -7 -8 8 -10 10 -12 -13 13 -15
leaf_value=0.15299738511443139 0.2234023025482893 -0.039194442019132629 -0.0026824594149222887 0.015012232157667831 0.067675609372090537 0.3217021788936108 -0.034775710618123408 0.10564391221851109 -0.12597819659858941 -0.20099124659447826 -0.09404711540016096 -0.0018951559713622495 0.044734096918695079 0.0049403524620105083
leaf_weight=25 25 98 356 42 20 11.999999999999998 9.9999999999999982 16.000000000000004 11.999999999999998 27 82 5937 127 1711
leaf_count=25 25 98 356 42 20 12 10 16 12 27 82 5937 127 1711
internal_value=-1.47416e-06 -0.00957307 -0.0295888 0.093124 0.155989 0.193569 0.149637 -0.068576 0.00637729 -0.0820275 -0.120538 0.000857515 0.00958842 0.00768997
internal_weight=8500 700 591 109 67 47 35 235 28 207 109 7800 1863 1838
internal_count=8500 700 591 109 67 47 35 235 28 207 109 7800 1863 1838
cat_boundaries=0 1 2 3
cat_threshold=209 5836296 4786696
is_linear=0
shrinkage=0.15


Tree=57
num_leaves=15
num_cat=5
split_feature=3 2 0 0 2 1 0 0 2 1 2 2 2 2
split_gain=3.09727 16.4941 6.68829 4.69924 48.4865 57.3328 56.6681 48.5691 31.0862 29.2221 26.3568 44.9057 21.5918 19.5068
threshold=0 79.750000000000014 1 2 87.450000000000017 7.9500000000000011 3 4 88.450000000000017 3.5500000000000003 91.050000000000011 92.350000000000009 80.950000000000017 90.850000000000009
decision_type=1 2 1 1 2 2 1 1 2 2 2 2 2 2
left_child=1 2 -1 4 5 7 10 12 9 -8 -6 -12 -2 -5
right_child=3 -3 -4 13 6 -7 8 -9 -10 -11 11 -13 -14 -15
leaf_value=-0.0029129282396545973 -0.15978102768697824 -0.16274780807300254 0.015588624826019987 0.0072069059966654294 0.024749806810649137 0.010706164889603303 0.18220847961629794 -0.016005121624182939 -0.021869237686895047 0.0086665028843601211 0.21339829114811687 0.05707542210429134 -0.070919369869856821 -0.018033583033298259
leaf_weight=836 76 12.999999999999998 917 3186 196 668 34 536 573 61 58 144 323 879
leaf_count=836 76 13 917 3186 196 668 34 536 573 61 58 144 323 879
internal_value=-2.06092e-06 0.00558924 0.0068376 -0.00146839 -0.00634483 -0.0228555 0.0184236 -0.0468333 -0.00856538 0.0707763 0.0623699 0.10196 -0.0856976 0.00174471
internal_weight=8500 1766 1753 6734 2669 1603 1066 935 668 95 398 202 399 4065
internal_count=8500 1766 1753 6734 2669 1603 1066 935 668 95 398 202 399 4065
cat_boundaries=0 1 2 3 4 5
cat_threshold=4 26712102 2115545 1232 1232
is_linear=0
shrinkage=0.15


Tree=58
num_leaves=15
num_cat=4
split_feature=1 0 5 0 2 2 1 2 1 4 2 0 2 1
split_gain=3.07897 4.19586 3.48232 6.18623 8.71128 5.00852 7.33942 4.95458 8.70271 4.00872 9.78841 19.803 19.5948 8.7514
threshold=24.750000000000004 0 63.95000000000001 1 90.550000000000011 91.750000000000014 2.9500000000000006 85.450000000000017 7.3500000000000005 2 80.550000000000011 3 81.450000000000017 0.35000000000000003
decision_type=2 1 2 1 2 2 2 2 2 1 2 1 2 2
left_child=2 -2 3 4 7 -6 -7 8 -1 10 -4 -12 -13 -11
right_child=1 -3 9 -5 5 6 -8 -9 -10 13 11 12 -14 -15
leaf_value=-0.077083743751980363 -0.021271622698483667 0.00061147702316460861 0.010520617172937818 -0.00020382158021491222 -0.13752623782493173 0.057699493318796154 -0.072930339722064669 0.020922715633519384 -4.5532859353583841e-05 0.086628979706237536 -0.040510279517244077 -0.15102084130048751 0.0078096985603834171 0.0039806684467627446
leaf_weight=50 337 464 624 938 18 11.999999999999998 50 76 97 29 367 18 601 4819
leaf_count=50 337 464 624 938 18 12 50 76 97 29 367 18 601 4819
internal_value=-2.33924e-06 -0.0088532 0.0009185 -0.00635882 -0.0245945 -0.0678699 -0.0476471 -0.0101725 -0.026249 0.00231694 -0.00415571 -0.0134859 0.00314031 0.00446585
internal_weight=8500 801 7699 1241 303 80 62 223 147 6458 1610 986 619 4848
internal_count=8500 801 7699 1241 303 80 62 223 147 6458 1610 986 619 4848
cat_boundaries=0 1 2 3 4
cat_threshold=18398721 8398341 8 3717144
is_linear=0
shrinkage=0.15


Tree=59
num_leaves=15
num_cat=2
split_feature=5 1 1 2 2 2 1 5 4 2 1 0 2 5
split_gain=2.36312 3.65469 2.71807 9.88157 5.86826 16.5227 7.69586 6.54974 6.09923 3.56891 22.7954 13.3331 14.333 10.3454
threshold=47.650000000000013 3.6500000000000008 3.5500000000000003 77.450000000000017 79.050000000000011 79.750000000000014 2.3500000000000001 81.750000000000014 0 83.850000000000009 6.4500000000000011 1 91.350000000000009 96.65000000000002
decision_type=2 2 2 2 2 2 2 2 1 2 2 1 2 2
left_child=1 -1 3 -2 6 7 -5 -6 -7 -4 11 12 -11 -13
right_child=2 -3 9 4 5 8 -8 -9 -10 10 -12 13 -14 -15
leaf_value=-0.11554822213947773 -0.078935503803433907 -0.0082529402710497385 0.0014320470863931449 0.15911161463994242 -0.047084033357746448 0.015848988622222129 0.0076534331465760866 -0.1918236028868705 -0.0013467996920465176 -0.0010185185804052871 -0.05295571762289393 -0.014276554027462626 0.036027122143933776 0.10031953776876132
leaf_weight=9.9999999999999982 31 25 4040 13.000000000000002 17.000000000000004 904 18 11.999999999999998 947 751 211 1161 342 18
leaf_count=10 31 25 4040 13 17 904 18 12 947 751 211 1161 342 18
internal_value=-1.28191e-05 -0.0389087 0.000148003 0.00507414 0.00643694 0.00536956 0.0711682 -0.106976 0.00712971 -0.00131859 -0.00579405 -0.00141415 0.0104772 -0.0124216
internal_weight=8500 35 8465 1942 1911 1880 31 29 1851 6523 2483 2272 1093 1179
internal_count=8500 35 8465 1942 1911 1880 31 29 1851 6523 2483 2272 1093 1179
cat_boundaries=0 1 2
cat_threshold=3 12846846
is_linear=0
shrinkage=0.15


Tree=60
num_leaves=15
num_cat=2
split_feature=5 2 2 5 2 2 2 5 5 1 4 0 2 5
split_gain=2.61494 6.8004 16.1457 4.76776 7.49203 12.4823 16.7703 15.1287 12.7039 10.5852 2.0843 14.4711 21.9204 19.0285
threshold=97.950000000000017 85.850000000000009 88.850000000000009 94.850000000000009 82.050000000000011 92.65000000000002 90.15000000000002 95.65000000000002 96.850000000000009 3.7500000000000004 0 1 80.550000000000011 70.750000000000014
decision_type=2 2 2 2 2 2 2 2 2 2 1 1 2 2
left_child=3 -2 -3 10 -5 6 7 -6 -8 -7 11 12 -1 -14
right_child=1 2 -4 4 5 9 8 -9 -10 -11 -12 -13 13 -15
leaf_value=-0.0066715348319718679 0.022472845498123204 -0.23694847611710421 0.0091131585091352458 -0.0081468811797510299 0.12719556936580273 -0.16833039119839663 0.084379995291909315 -0.011663083784878835 0.30926067788153888 0.030903972871601577 -0.0017932766637828706 -0.0067557789002441124 -0.0032594491997412563 0.062709177285290144
leaf_weight=402 24 10.000000000000002 14.999999999999998 105 27 10.000000000000002 13.000000000000002 51 9.9999999999999982 14.999999999999998 6144 1223 145 306
leaf_count=402 24 10 15 105 27 10 13 51 10 15 6144 1223 145 306
internal_value=-8.33706e-06 -0.03456 -0.0893115 0.000191998 0.0214452 0.0461053 0.0695942 0.0364034 0.182154 -0.0487898 -0.000405264 0.00369346 0.0185799 0.0414998
internal_weight=8500 49 25 8451 231 126 101 78 23 25 8220 2076 853 451
internal_count=8500 49 25 8451 231 126 101 78 23 25 8220 2076 853 451
cat_boundaries=0 1 2
cat_threshold=1 29713921
is_linear=0
shrinkage=0.15


Tree=61
num_leaves=15
num_cat=6
split_feature=1 1 2 0 2 2 0 0 0 2 0 1 0 2
split_gain=2.1535 3.91005 21.3979 12.0764 61.4515 53.3562 50.1331 32.7421 29.8573 10.3433 8.61795 4.29489 3.70238 2.64949
threshold=23.250000000000004 8.5500000000000025 75.950000000000017 0 86.750000000000014 83.850000000000009 1 2 3 90.850000000000009 4 18.050000000000004 5 62.45000000000001
decision_type=2 2 2 1 2 2 1 1 1 2 1 2 1 2
left_child=1 2 -1 5 6 7 -5 -4 -6 -7 11 -3 -2 -12
right_child=12 10 3 4 8 9 -8 -9 -10 -11 13 -13 -14 -15
leaf_value=-0.10430934181436895 -0.016190682925806246 0.031788113817262154 0.091258085018343371 -0.10787475285039325 0.059799305773205462 0.0042772081341902425 -0.02013986685843382 0.01176864987277043 0.0019083754358029407 -0.017461658877369089 -0.0071910465040749237 0.010184166522280115 0.00075905014260474425 0.012046311037159863
leaf_weight=45 465 270 229 174 232 1379 803 251 1186 766 864 888 750 198
leaf_count=45 465 270 229 174 232 1379 803 251 1186 766 864 888 750 198
internal_value=-8.59514e-06 0.000966457 -0.00133421 -0.000411131 -0.00809514 0.00660529 -0.0370754 0.0518381 0.0118151 -0.00348595 0.00621551 0.015091 -0.00585489 -0.0035708
internal_weight=8500 7285 5065 5020 2395 2625 977 480 1418 2145 2220 1158 1215 1062
internal_count=8500 7285 5065 5020 2395 2625 977 480 1418 2145 2220 1158 1215 1062
cat_boundaries=0 1 2 3 4 5 6
cat_threshold=27113510 1040 18388992 1040 6842329 18398209
is_linear=0
shrinkage=0.15


Tree=62
num_leaves=15
num_cat=2
split_feature=5 0 1 1 5 1 5 2 5 1 1 5 0 2
split_gain=1.89256 5.56477 20.8817 33.0007 50.7752 45.7095 35.6624 28.7523 15.8085 14.5854 4.33869 8.31292 4.33668 18.3658
threshold=80.050000000000011 0 1.1500000000000001 2.9500000000000006 88.550000000000011 3.5500000000000003 91.250000000000014 87.65000000000002 81.450000000000017 3.9500000000000006 0.35000000000000003 72.850000000000009 1 91.950000000000017
decision_type=2 1 2 2 2 2 2 2 2 2 2 2 1 2
left_child=10 2 -2 4 8 7 -6 -5 -4 -7 11 -1 13 -12
right_child=1 -3 3 5 6 9 -8 -9 -10 -11 12 -13 -14 -15
leaf_value=-0.023972291533242564 0.20276834414555475 -0.00033212214290861031 0.17600465901196002 0.054336921442300075 -0.45276579537458006 -0.073815562450435274 -0.10614498123964843 0.27214696957916018 -0.032085409707835189 0.016994448722826756 -0.0034356085223013312 0.16499267265200615 2.4453735848862466e-05 -0.065477616946310907
leaf_weight=11.000000000000002 12.999999999999998 3073 9.9999999999999982 30 11.000000000000002 43 17 25 46 534 844 9.9999999999999982 3710 123
leaf_count=11 13 3073 10 30 11 43 17 25 46 534 844 10 3710 123
internal_value=-3.54912e-06 0.00248449 0.0141677 0.0109413 -0.0773901 0.0226816 -0.242317 0.153341 0.00507353 0.010227 -0.00201707 0.066011 -0.00232252 -0.0112113
internal_weight=8500 3802 729 716 84 632 28 55 56 577 4698 21 4677 967
internal_count=8500 3802 729 716 84 632 28 55 56 577 4698 21 4677 967
cat_boundaries=0 1 2
cat_threshold=534048 2623232
is_linear=0
shrinkage=0.15


Tree=63
num_leaves=15
num_cat=4
split_feature=1 2 2 2 1 2 4 0 0 5 2 5 0 2
split_gain=1.91252 7.43788 8.65279 6.56258 6.82132 5.05626 5.06211 41.6717 23.443 43.8838 17.676 11.3071 5.87639 4.22977
threshold=4.0500000000000007 79.750000000000014 79.350000000000009 77.450000000000017 2.3500000000000001 99.65000000000002 0 1 2 84.750000000000014 89.750000000000014 83.550000000000011 3 90.850000000000009
decision_type=2 2 2 2 2 2 1 1 1 2 2 2 1 2
left_child=1 2 3 -1 -5 6 7 10 9 -8 -3 -10 -9 -2
right_child=13 5 -4 4 -6 -7 8 12 11 -11 -12 -13 -14 -15
leaf_value=-0.060172153185121716 -5.4367081319564455e-05 0.027127321252982523 -0.11834002490663392 0.098657530940630844 -0.015654098698379176 -0.063388024654705069 -0.0010596237679211687 0.011575482251863906 0.00099878435533754927 -0.11477003087888338 0.090536984755912001 0.038063946316061033 -0.015671364692453567 -0.012680222391090784
leaf_weight=40 5226 254 22 17 38 24 280 251 567 105 162 275 565 674
leaf_count=40 5226 254 22 17 38 24 280 251 567 105 162 275 565 674
internal_value=-3.07105e-06 0.00338634 -0.033573 -0.0139428 0.0196786 0.00512788 0.0057966 0.0125342 -0.00106197 -0.0312596 0.0506041 0.0129506 -0.00725161 -0.00149671
internal_weight=8500 2600 117 95 55 2483 2459 1232 1227 385 416 842 816 5900
internal_count=8500 2600 117 95 55 2483 2459 1232 1227 385 416 842 816 5900
cat_boundaries=0 1 2 3 4
cat_threshold=3 12789251 12658433 278572
is_linear=0
shrinkage=0.15


Tree=64
num_leaves=15
num_cat=6
split_feature=5 0 5 2 1 1 0 0 2 2 0 1 4 0
split_gain=1.76368 5.87761 3.96727 6.77306 5.36899 2.28444 3.39649 3.25237 12.5801 21.8201 35.5943 10.8066 10.696 4.70171
threshold=53.45000000000001 0 51.850000000000001 78.550000000000011 3.7500000000000004 22.450000000000003 1 2 83.450000000000017 66.250000000000014 3 7.9500000000000011 4 5
decision_type=2 1 2 2 2 2 1 1 2 2 1 2 1 1
left_child=1 2 3 -1 -4 7 -7 8 9 13 -11 12 -10 -2
right_child=5 -3 4 -5 -6 6 -8 -9 11 10 -12 -13 -14 -15
leaf_value=0.0033799790166085587 0.015046473775153694 0.0060268194217280467 0.068416499746963386 -0.094559609085479959 -0.046934139592896988 0.0047571608332238899 -0.010500709989063184 -0.0011483263604560178 0.010581138277368668 -0.017974429471665922 0.07159043022283948 -0.1447771565755829 -0.013856506261959277 -0.0099161349199275699
leaf_weight=24 285 175 14.999999999999998 47 23 506 909 4073 781 147 301 11.999999999999998 812 390
leaf_count=24 285 175 15 47 23 506 909 4073 781 147 301 12 812 390
internal_value=-3.33315e-06 -0.0116249 -0.0371128 -0.0614533 -0.00140099 0.000398384 -0.00508513 0.00153927 0.00553587 0.0177337 0.0433987 -0.0029643 -0.00189602 0.000699638
internal_weight=8500 284 109 71 38 8216 1415 6801 2728 1123 448 1605 1593 675
internal_count=8500 284 109 71 38 8216 1415 6801 2728 1123 448 1605 1593 675
cat_boundaries=0 1 2 3 4 5 6
cat_threshold=566929 6439384 1620529 560 5 8721
is_linear=0
shrinkage=0.15


Tree=65
num_leaves=15
num_cat=1
split_feature=5 2 2 5 2 2 1 1 5 2 2 3 2 2
split_gain=1.55723 4.75305 11.6438 3.12462 6.28138 8.82426 11.5475 9.99457 4.18905 9.7114 3.76255 1.52254 10.6824 4.77802
threshold=97.950000000000017 85.850000000000009 88.850000000000009 94.850000000000009 95.550000000000011 90.15000000000002 5.0500000000000007 3.0500000000000003 95.65000000000002 82.050000000000011 87.050000000000011 0 80.050000000000011 67.850000000000009
decision_type=2 2 2 2 2 2 2 2 2 2 2 1 2 2
left_child=3 -2 -3 11 5 8 7 -7 9 -5 -10 12 13 -1
right_child=1 2 -4 4 -6 6 -8 -9 10 -11 -12 -13 -14 -15
leaf_value=0.0019102673751159366 0.02102435678243637 -0.1978061705455183 0.011153958886861801 -0.0099979094733842772 -0.098914177156984806 0.041555150913504445 -0.049959055781364441 0.22124970629811286 0.0028390431919336333 0.10831701514673316 -0.075346626061946156 -0.001369161154952004 -0.15092183589935304 0.028347087244650251
leaf_weight=1531 24 10.000000000000002 14.999999999999998 37 9.9999999999999982 13.000000000000002 9.9999999999999982 14.999999999999998 103 27 15.999999999999998 6508 9.9999999999999982 171
leaf_count=1531 24 10 15 37 10 13 10 15 103 27 16 6508 10 171
internal_value=6.80315e-06 -0.0266565 -0.0724301 0.0001614 0.0173669 0.0226284 0.0884045 0.13782 0.00897001 0.0399162 -0.00767332 -0.00032211 0.00365815 0.00456638
internal_weight=8500 49 25 8451 231 221 38 28 183 64 119 8220 1712 1702
internal_count=8500 49 25 8451 231 221 38 28 183 64 119 8220 1712 1702
cat_boundaries=0 1
cat_threshold=4
is_linear=0
shrinkage=0.15


Tree=66
num_leaves=15
num_cat=4
split_feature=1 0 5 0 1 2 1 2 5 2 2 0 1 0
split_gain=1.36723 2.15325 1.78376 6.17247 6.35224 12.7365 15.0482 8.69309 5.53397 8.4136 12.4189 5.35415 17.2538 3.51908
threshold=25.350000000000005 0 80.050000000000011 1 16.050000000000004 90.750000000000014 1.4500000000000002 90.65000000000002 88.950000000000017 73.850000000000009 89.850000000000009 2 3.6500000000000008 3
decision_type=2 1 2 1 2 2 2 2 2 2 2 1 2 1
left_child=2 -2 13 8 5 7 -7 -5 9 -4 -11 12 -10 -1
right_child=1 -3 3 4 -6 6 -8 -9 11 10 -12 -13 -14 -15
leaf_value=-0.0081321441408949841 -0.01498478471398487 0.0018974570045051467 0.0084289966193913206 0.022640072285260073 -0.0032030842778777804 -0.13560299833305178 -0.0016852296072193793 0.16325569091364739 -0.059866514580789953 -0.035275459720304159 0.0067674145947450824 -0.00060509296134692015 0.066678776287240907 0.0012703611614337169
leaf_weight=1255 326 346 355 917 662 20 337 9.9999999999999982 32 436 248 393 100 3063
leaf_count=1255 326 346 355 917 662 20 337 10 32 436 248 393 100 3063
internal_value=5.78264e-06 -0.00648719 0.000563176 0.00307461 0.00868767 0.0148859 -0.00918763 0.024157 -0.00393977 -0.0103075 -0.0200318 0.00858723 0.0334658 -0.00147831
internal_weight=8500 672 7828 3510 1946 1284 357 927 1564 1039 684 525 132 4318
internal_count=8500 672 7828 3510 1946 1284 357 927 1564 1039 684 525 132 4318
cat_boundaries=0 1 2 3 4
cat_threshold=14204449 6443481 4194313 18917120
is_linear=0
shrinkage=0.15


Tree=67
num_leaves=15
num_cat=2
split_feature=1 0 2 2 5 1 5 5 1 2 1 0 5 5
split_gain=1.56611 7.91244 11.3349 11.9262 7.30225 8.73093 19.9334 16.4748 13.3824 9.31656 4.68648 43.8796 48.125 26.6274
threshold=2.0500000000000003 0 80.550000000000011 79.350000000000009 91.550000000000011 1.3500000000000003 85.550000000000011 84.450000000000017 1.5500000000000003 86.350000000000009 2.5500000000000003 1 84.750000000000014 80.250000000000014
decision_type=2 1 2 2 2 2 2 2 2 2 2 1 2 2
left_child=1 4 3 -3 5 6 9 8 -7 -1 11 12 13 -2
right_child=10 2 -4 -5 -6 7 -8 -9 -10 -11 -12 -13 -14 -15
leaf_value=0.13354116082191467 -0.078144965280911749 -0.019730409322416077 0.0041936501724320454 -0.22617292419075966 0.14569458783870295 0.15957022996788675 -0.19306156730109994 0.205762755125761 -0.036707521188590261 -0.019291940264403822 0.00022089387985052764 0.021336231824223107 -0.25790430249706386 0.15055551151079791
leaf_weight=13.999999999999998 63 17.000000000000004 404 9.9999999999999982 13.999999999999998 10.999999999999998 10.999999999999998 14.999999999999998 27 25 7625 219 31 13.999999999999998
leaf_count=14 63 17 404 10 14 11 11 15 27 25 7625 219 31 14
internal_value=1.28799e-06 0.00775734 -0.00204742 -0.0961906 0.0405822 0.0302351 -0.014728 0.072653 0.0201097 0.0355712 -0.000533209 -0.0181174 -0.0916135 -0.0365631
internal_weight=8500 548 431 27 117 103 50 53 38 39 7952 327 108 77
internal_count=8500 548 431 27 117 103 50 53 38 39 7952 327 108 77
cat_boundaries=0 1 2
cat_threshold=548888 6837505
is_linear=0
shrinkage=0.15


Tree=68
num_leaves=15
num_cat=4
split_feature=1 2 2 0 5 2 2 2 2 2 1 0 4 0
split_gain=1.40388 5.86575 3.42492 3.4811 7.99932 7.912 15.1846 8.94857 7.36301 3.41919 20.5216 10.2579 12.7817 16.9892
threshold=4.0500000000000007 76.850000000000009 99.65000000000002 0 55.650000000000013 94.850000000000009 95.15000000000002 94.750000000000014 93.450000000000017 78.550000000000011 19.550000000000004 1 2 3
decision_type=2 2 2 1 2 2 2 2 2 2 2 1 1 1
left_child=1 -1 3 4 -3 7 -7 -5 -6 -2 11 -11 13 -13
right_child=9 2 -4 5 8 6 -8 -9 -10 10 -12 12 -14 -15
leaf_value=-0.064175122523487643 0.0017185029682045851 -0.046170659660576624 -0.052733923587948088 -0.0024910019553410095 0.019415378975896187 0.17208705827943049 0.015869799075465249 -0.13831221024844456 -0.01937940871511681 -0.015592252802897737 -0.20129862744361163 0.063342538833507878 -0.010018162120282531 0.0056867052367124415
leaf_weight=29 3497 52 24 1403 826 15.999999999999998 112 10.999999999999998 127 1058 11.999999999999998 142 689 502
leaf_count=29 3497 52 24 1403 826 16 112 11 127 1058 12 142 689 502
internal_value=4.86006e-06 0.00290879 0.00366547 0.00419692 0.0110099 -0.000312822 0.035397 -0.0035476 0.0142455 -0.00127484 -0.00563094 -0.00464892 0.00412283 0.0191738
internal_weight=8500 2600 2571 2547 1005 1542 128 1414 953 5900 2403 2391 1333 644
internal_count=8500 2600 2571 2547 1005 1542 128 1414 953 5900 2403 2391 1333 644
cat_boundaries=0 1 2 3 4
cat_threshold=9007756 10576849 5 559104
is_linear=0
shrinkage=0.15


Tree=69
num_leaves=15
num_cat=2
split_feature=5 2 2 5 2 1 2 2 2 4 1 2 1 0
split_gain=1.21018 3.45132 9.10477 2.47878 3.17417 1.1351 4.28346 5.88078 4.76753 4.6413 4.11882 2.64807 14.8097 8.28413
threshold=97.950000000000017 85.850000000000009 88.850000000000009 97.550000000000011 87.350000000000009 4.0500000000000007 79.750000000000014 79.350000000000009 80.250000000000014 0 1.7500000000000002 78.550000000000011 16.050000000000004 1
decision_type=2 2 2 2 2 2 2 2 2 1 2 2 2 1
left_child=3 -2 -3 5 -5 6 7 10 -8 -10 -1 -7 13 -13
right_child=1 2 -4 4 -6 11 8 -9 9 -11 -12 12 -14 -15
leaf_value=0.06017991582630202 0.017136984971511993 -0.17336517596617335 0.011412753537297248 -0.0040274591301567835 0.1075261008333076 0.0015010166571294654 0.060600837277756496 -0.095287046581506732 0.009710848086091144 -0.0033673040383841971 -0.023277672566758997 -0.013961822652611753 -0.15357001185417174 0.0038549360012650278
leaf_weight=15.999999999999998 24 10.000000000000002 14.999999999999998 12.000000000000002 10.999999999999998 3471 33 22 1214 1213 79 1044 14.999999999999998 1321
leaf_count=16 24 10 15 12 11 3471 33 22 1214 1213 79 1044 15 1321
internal_value=1.17932e-05 -0.0234933 -0.0624984 0.000148079 0.0493242 1.38773e-05 0.00263691 -0.0254049 0.00397061 0.0032006 -0.00922166 -0.00114141 -0.00499512 -0.00405279
internal_weight=8500 49 25 8451 23 8428 2577 117 2460 2427 95 5851 2380 2365
internal_count=8500 49 25 8451 23 8428 2577 117 2460 2427 95 5851 2380 2365
cat_boundaries=0 1 2
cat_threshold=3 10576849
is_linear=0
shrinkage=0.15


Tree=70
num_leaves=15
num_cat=4
split_feature=1 0 1 2 1 0 2 0 2 4 5 1 1 1
split_gain=1.25375 2.56213 2.48738 13.1395 9.37 5.52021 4.72084 4.24673 25.3016 13.8463 4.24317 2.53722 3.04979 2.92464
threshold=22.150000000000002 0 8.5500000000000025 75.950000000000017 6.4500000000000011 1 83.250000000000014 2 81.250000000000014 3 76.050000000000011 4.4500000000000011 4.9500000000000011 3.2500000000000004
decision_type=2 1 2 2 2 1 2 1 2 1 2 2 2 2
left_child=2 -2 3 11 7 -4 10 9 -9 -5 -6 13 -13 -1
right_child=1 -3 5 4 6 -7 -8 8 -10 -11 -12 12 -14 -15
leaf_value=-0.10258717035705391 0.0035529095081419568 -0.0088187938520607728 0.01735712875420516 0.026540301829155136 -0.033299446025079019 -4.5085973391076143e-05 -0.036894023472693029 -0.054370548884617162 0.0015221851339154747 -0.00061480255872036816 0.063470427370206875 -0.17382148179140952 -0.062123680216344922 0.0044919068226590749
leaf_weight=11.000000000000002 627 923 593 550 19 1292 216 198 2288 1727 22 11.000000000000002 10.999999999999998 11.999999999999998
leaf_count=11 627 923 593 550 19 1292 216 198 2288 1727 22 11 11 12
internal_value=9.36016e-06 -0.00384821 0.000869682 -0.000861472 -0.000138128 0.0055213 -0.0280368 0.00136722 -0.00291771 0.00603177 0.0186259 -0.0815545 -0.117973 -0.0467198
internal_weight=8500 1550 6950 5065 5020 1885 257 4763 2486 2277 41 45 22 23
internal_count=8500 1550 6950 5065 5020 1885 257 4763 2486 2277 41 45 22 23
cat_boundaries=0 1 2 3 4
cat_threshold=14827992 2630865 26065060 4
is_linear=0
shrinkage=0.15


Tree=71
num_leaves=15
num_cat=3
split_feature=5 1 1 2 1 2 1 2 2 1 0 5 4 0
split_gain=1.06905 1.95522 1.13514 7.84227 2.97055 9.55234 7.15961 5.11458 4.63973 4.55295 4.12871 4.0563 3.22544 2.65156
threshold=47.650000000000013 3.6500000000000008 20.350000000000005 78.550000000000011 8.5500000000000025 75.950000000000017 6.9500000000000011 84.950000000000017 73.850000000000009 15.450000000000001 0 86.350000000000009 1 2
decision_type=2 2 2 2 2 2 2 2 2 2 1 2 1 1
left_child=1 -1 4 13 5 -2 12 -8 10 -10 -6 -11 -7 -4
right_child=2 -3 3 -5 8 6 7 -9 9 11 -12 -13 -14 -15
leaf_value=-0.082202988266944874 -0.069321330357342947 -0.0037241092398762701 -0.011809374756325533 -0.13540105925872922 0.019544268365140935 0.0077397578316503691 0.016373481954477968 -0.054373983226800225 0.14633781745098531 0.079856614172458623 0.00054939379273691053 -0.03714774558320641 -0.0012091793454879001 0.00069398554874152655
leaf_weight=9.9999999999999982 45 25 489 9.9999999999999982 351 1191 31 89 9.9999999999999982 15.000000000000002 912 11.999999999999998 3686 1624
leaf_count=10 45 25 489 10 351 1191 31 89 10 15 912 12 3686 1624
internal_value=1.46569e-05 -0.0261466 0.000122825 -0.00287938 0.00112782 -0.000520596 9.89825e-05 -0.0360976 0.00752114 0.0598771 0.00598735 0.0278547 0.000989609 -0.0022522
internal_weight=8500 35 8465 2123 6342 5042 4997 120 1300 37 1263 27 4877 2113
internal_count=8500 35 8465 2123 6342 5042 4997 120 1300 37 1263 27 4877 2113
cat_boundaries=0 1 2 3
cat_threshold=533713 1 1611808
is_linear=0
shrinkage=0.15


Tree=72
num_leaves=15
num_cat=3
split_feature=5 0 2 5 2 2 5 2 5 2 0 5 0 2
split_gain=0.894866 5.42452 8.03273 5.51115 3.85259 4.98234 2.17749 4.61582 1.99872 4.77631 1.56159 1.48418 1.44724 5.81765
threshold=66.450000000000017 0 91.65000000000002 55.150000000000013 96.750000000000014 95.950000000000017 65.850000000000009 81.850000000000009 66.65000000000002 85.550000000000011 1 57.350000000000001 2 93.450000000000017
decision_type=2 1 2 2 2 2 2 2 2 2 1 2 1 2
left_child=1 2 -1 -4 5 6 10 -8 9 -2 -3 -6 13 -10
right_child=8 4 3 -5 11 -7 7 -9 12 -11 -12 -13 -14 -15
leaf_value=0.0056800045899373279 -0.014299393720361157 -0.01014821117613691 -0.0087478078901767724 0.11153012352064252 -0.0024757655337452888 0.073095306979181859 0.00030988140861154529 -0.071320944987237442 0.0061888779930866196 0.096933896862901742 9.9279669294957031e-05 -0.069203030662611117 -0.0009095149723980547 -0.02155623087197572
leaf_weight=224 19 638 11.999999999999998 30 9.9999999999999982 18 48 35 1982 15.999999999999998 701 30 4551 186
leaf_count=224 19 638 12 30 10 18 48 35 1982 16 701 30 4551 186
internal_value=1.51952e-05 -0.00301185 0.0163524 0.077165 -0.00655835 -0.00532715 -0.00631984 -0.0298959 0.000797728 0.0365501 -0.00485844 -0.0525212 0.00061149 0.00379105
internal_weight=8500 1746 266 42 1480 1440 1422 83 6754 35 1339 40 6719 2168
internal_count=8500 1746 266 42 1480 1440 1422 83 6754 35 1339 40 6719 2168
cat_boundaries=0 1 2 3
cat_threshold=4198480 17051175 798244
is_linear=0
shrinkage=0.15


Tree=73
num_leaves=15
num_cat=4
split_feature=1 0 5 0 1 5 5 1 2 1 4 0 2 1
split_gain=0.88971 1.48251 1.03862 5.88199 18.8716 26.2513 41.1618 12.3644 12.0525 11.3238 9.621 23.7204 15.3396 6.53051
threshold=25.750000000000004 0 83.550000000000011 1 2.5500000000000003 84.750000000000014 91.950000000000017 3.2500000000000004 97.450000000000017 3.4500000000000006 2 3 85.450000000000017 4.0500000000000007
decision_type=2 1 2 1 2 2 2 2 2 2 1 1 2 2
left_child=2 -2 -1 7 5 -5 -7 8 -4 -9 11 -6 -12 -11
right_child=1 -3 3 4 10 6 -8 9 -10 13 12 -13 -14 -15
leaf_value=-0.00077914782278033117 -0.015049003033063019 0.00034529600964871893 0.046250109892786932 0.090892813602745856 0.06739821630454032 -0.14155554270172224 0.050151565058270835 -0.068374955421313638 -0.12177989915013313 0.037751821480382794 0.008077984591702083 -0.0020708616666902874 -0.045058372508056513 0.0017813368783133005
leaf_weight=5288 219 373 243 23 137 84 36 48 9.9999999999999982 129 305 452 204 949
leaf_count=5288 219 373 243 23 137 84 36 48 10 129 305 452 204 949
internal_value=1.09822e-05 -0.00559793 0.00043087 0.00287307 -0.00461391 -0.0559068 -0.0840434 0.00957484 0.0396086 0.00291161 0.0020243 0.0149429 -0.0129636 0.00608578
internal_weight=8500 592 7908 2620 1241 143 120 1379 253 1126 1098 589 509 1078
internal_count=8500 592 7908 2620 1241 143 120 1379 253 1126 1098 589 509 1078
cat_boundaries=0 1 2 3 4
cat_threshold=1621505 10161020 3 9217
is_linear=0
shrinkage=0.15


Tree=74
num_leaves=15
num_cat=2
split_feature=1 0 5 5 5 2 2 1 5 5 2 1 0 2
split_gain=0.997552 5.65044 11.7472 10.3746 26.3547 9.16017 20.2739 11.5928 14.5897 10.141 8.53413 8.17021 8.53488 6.08733
threshold=2.0500000000000003 0 91.550000000000011 86.65000000000002 83.65000000000002 91.050000000000011 91.65000000000002 1.4500000000000002 80.950000000000017 87.15000000000002 90.550000000000011 0.55000000000000016 1 84.850000000000009
decision_type=2 1 2 2 2 2 2 2 2 2 2 2 1 2
left_child=1 2 3 4 13 10 -7 8 -8 -9 11 -3 -13 -1
right_child=-2 5 -4 -5 -6 6 7 9 -10 -11 -12 12 -14 -15
leaf_value=0.10093850060724295 -0.00040831271524794228 -0.076250373837663921 0.19422295052558183 -0.10113375261425972 0.25888140865347603 0.19645737685263157 0.027904804376885296 0.030427151679759845 -0.12125692476611584 0.19931067600846289 -0.13907062555663288 -0.033507597348735929 0.019291517063981835 -0.013193169561299411
leaf_weight=12.999999999999998 7952 37 9.9999999999999982 12.999999999999998 10.999999999999998 14.999999999999998 36 40 25 9.9999999999999982 11.999999999999998 102 169 55
leaf_count=13 7952 37 10 13 11 15 36 40 25 10 12 102 169 55
internal_value=1.82685e-05 0.00620837 0.0362657 0.0230384 0.0434718 -0.00144644 0.0327794 0.0106607 -0.0332271 0.0642039 -0.0149681 -0.0101329 -0.00110579 0.00862612
internal_weight=8500 548 102 92 79 446 126 111 61 50 320 308 271 68
internal_count=8500 548 102 92 79 446 126 111 61 50 320 308 271 68
cat_boundaries=0 1 2
cat_threshold=548904 2131408
is_linear=0
shrinkage=0.15


Tree=75
num_leaves=15
num_cat=0
split_feature=5 1 1 5 2 2 1 5 5 2 2 1 1 5
split_gain=1.03953 2.68626 3.88008 1.66298 2.26479 1.48553 0.862271 5.42272 13.9369 9.43954 11.1986 3.83657 3.79522 3.19835
threshold=97.950000000000017 3.8500000000000001 4.4500000000000011 97.550000000000011 87.350000000000009 85.15000000000002 1.2500000000000002 88.950000000000017 91.750000000000014 87.450000000000017 91.65000000000002 0.35000000000000003 1.3500000000000003 82.850000000000009
decision_type=2 2 2 2 2 2 2 2 2 2 2 2 2 2
left_child=3 -2 -3 6 -5 -4 7 9 -9 11 -11 -1 13 -8
right_child=1 2 5 4 -6 -7 12 8 -10 10 -12 -13 -14 -15
leaf_value=0.019768748190253971 -0.08021693504773654 0.078737983703613276 -0.0028615882998565207 -0.0046473591006360934 0.089581016315655279 -0.076560049150139087 -0.01102122074891148 0.15935276369838156 -0.03901864487677812 0.091968296524719328 -0.013600641198886128 -0.055639093018890841 2.3976909442459205e-06 -0.10170928125735372
leaf_weight=20 12.999999999999998 9.9999999999999982 16.000000000000004 12.000000000000002 10.999999999999998 9.9999999999999982 21 17 14.999999999999998 40 52 63 8185 14.999999999999998
leaf_count=20 13 10 16 12 11 10 21 17 15 40 52 63 8185 15
internal_value=1.30194e-05 -0.021772 -0.000666835 0.000139332 0.0404184 -0.0312072 2.94101e-05 0.00959096 0.0663662 -0.000790796 0.0322989 -0.0374685 -0.000211344 -0.0488079
internal_weight=8500 49 36 8451 23 26 8428 207 32 175 92 83 8221 36
internal_count=8500 49 36 8451 23 26 8428 207 32 175 92 83 8221 36
is_linear=0
shrinkage=0.15


Tree=76
num_leaves=15
num_cat=5
split_feature=1 5 0 5 5 5 2 2 0 4 0 2 0 2
split_gain=0.84172 2.1777 2.37773 13.0682 11.199 11.4514 11.1787 10.5117 10.3579 7.78051 14.083 38.1028 13.9513 23.1232
threshold=3.5500000000000003 47.650000000000013 0 84.550000000000011 91.550000000000011 90.450000000000017 88.050000000000011 86.050000000000011 1 2 3 85.350000000000009 4 81.850000000000009
decision_type=2 2 1 2 2 2 2 2 1 1 1 2 1 2
left_child=1 -1 3 7 5 -5 -6 -3 -9 12 11 -11 13 -4
right_child=-2 2 9 4 6 -7 -8 8 -10 10 -12 -13 -14 -15
leaf_value=-0.0670742467045784 -0.000803921336475961 0.061854097350614187 -0.081489263679606891 -0.038833947790697314 -0.071964359177010398 -0.20300738181580197 0.094287213410895604 0.036499130729186743 -0.026335213793624593 -0.21424144721989122 -0.0017046990801097776 -0.011257493420055619 -0.0043941510083466209 0.056659496904029383
leaf_weight=9.9999999999999982 6548 127 31 73 13.999999999999998 10.999999999999998 26 116 102 28 634 81 473 226
leaf_count=10 6548 127 31 73 14 11 26 116 102 28 634 81 473 226
internal_value=1.10665e-05 0.00274495 0.00310447 0.0122773 -0.0292257 -0.0603328 0.0360992 0.0275502 0.00756581 9.98385e-05 -0.0106354 -0.0580724 0.0110223 0.0384977
internal_weight=8500 1952 1942 469 124 84 40 345 218 1473 743 109 730 257
internal_count=8500 1952 1942 469 124 84 40 345 218 1473 743 109 730 257
cat_boundaries=0 1 2 3 4 5
cat_threshold=4763650 4235264 9 67072 345617
is_linear=0
shrinkage=0.15


Tree=77
num_leaves=15
num_cat=1
split_feature=5 2 2 5 2 2 1 5 5 2 2 0 2 1
split_gain=0.795789 2.25896 6.15961 1.20352 4.12454 12.9859 8.6718 7.19466 3.27298 6.71889 3.54374 1.1464 10.015 7.66052
threshold=97.950000000000017 85.850000000000009 88.850000000000009 94.850000000000009 92.65000000000002 90.15000000000002 3.7500000000000004 96.850000000000009 95.65000000000002 82.850000000000009 87.050000000000011 0 94.350000000000009 6.1500000000000012
decision_type=2 2 2 2 2 2 2 2 2 2 2 1 2 2
left_child=3 -2 -3 11 5 8 -6 -7 9 -5 -10 12 -1 -14
right_child=1 2 -4 4 6 7 -8 -9 10 -11 -12 -13 13 -15
leaf_value=0.00036864416830934693 0.013820449446211568 -0.14179583737626666 0.010186250396072865 -0.0071287704255575167 -0.15493546385318036 0.050433039724325314 0.025395501498132942 0.21966748494654895 -7.9647310019371291e-05 0.092486923836171617 -0.075957887526601556 -0.0011740566396882261 0.060469818726591198 -0.066433664597570899
leaf_weight=1859 24 10.000000000000002 14.999999999999998 39 10.000000000000002 13.000000000000002 14.999999999999998 9.9999999999999982 103 25 15.999999999999998 6250 99 11.999999999999998
leaf_count=1859 24 10 15 39 10 13 15 10 103 25 16 6250 99 12
internal_value=1.01238e-05 -0.0190505 -0.0506066 0.00012064 0.0107987 0.0177812 -0.0467369 0.124013 0.00442962 0.0317836 -0.0102818 -0.000179438 0.00296698 0.0467505
internal_weight=8500 49 25 8451 231 206 25 23 183 64 119 8220 1970 111
internal_count=8500 49 25 8451 231 206 25 23 183 64 119 8220 1970 111
cat_boundaries=0 1
cat_threshold=16784016
is_linear=0
shrinkage=0.15


Tree=78
num_leaves=15
num_cat=3
split_feature=2 0 0 1 2 5 5 5 2 1 1 2 5 0
split_gain=0.888186 39.8637 12.1666 13.0732 6.95209 6.88298 6.84641 10.9879 8.30437 8.49336 5.23897 5.00737 4.80341 3.97207
threshold=93.450000000000017 0 1 4.3500000000000005 94.15000000000002 76.850000000000009 91.050000000000011 95.050000000000011 94.850000000000009 4.4500000000000011 5.6500000000000012 95.950000000000017 78.850000000000009 2
decision_type=2 1 1 2 2 2 2 2 2 2 2 2 2 1
left_child=13 2 3 4 -2 -3 8 -8 9 -7 -5 -4 -10 -1
right_child=1 5 11 10 -6 6 7 -9 12 -11 -12 -13 -14 -15
leaf_value=0.0049944820640560814 0.21169162789093596 -0.019431334722130007 -0.01021742723934759 -0.01556614817386227 0.092359734819654149 -0.17671441147103906 0.073884783077396834 -0.097852858230471615 -0.12001183483128745 -0.055558524645217079 0.093004973498838281 0.032253108626733029 -0.034047560655296995 -0.0020575956510656183
leaf_weight=2789 13.999999999999998 152 134 35 51 30 19 14.999999999999998 18 23 13.999999999999998 117 78 5011
leaf_count=2789 14 152 134 35 51 30 19 15 18 23 14 117 78 5011
internal_value=8.39808e-06 -0.00510998 0.0288954 0.0679942 0.118062 -0.0417761 -0.0626185 -0.00188182 -0.0764779 -0.124137 0.0154542 0.00921256 -0.0501659 0.000467739
internal_weight=8500 700 365 114 65 335 183 34 149 53 49 251 96 7800
internal_count=8500 700 365 114 65 335 183 34 149 53 49 251 96 7800
cat_boundaries=0 1 2 3
cat_threshold=27664631 8388753 5840392
is_linear=0
shrinkage=0.15


Tree=79
num_leaves=15
num_cat=1
split_feature=5 0 2 5 1 1 1 1 2 5 1 2 2 1
split_gain=0.68752 4.61455 3.51841 2.89486 4.37031 4.4825 2.56571 2.42944 1.77892 1.75741 1.66731 1.66282 1.5965 1.41599
threshold=60.95000000000001 0 96.750000000000014 51.850000000000001 2.2500000000000004 1.7500000000000002 15.850000000000003 1.9500000000000002 85.850000000000009 61.250000000000007 4.6500000000000012 89.050000000000011 81.250000000000014 2.8500000000000001
decision_type=2 1 2 2 2 2 2 2 2 2 2 2 2 2
left_child=1 2 3 6 5 -5 8 -3 -1 13 -9 -6 -12 -2
right_child=9 7 -4 4 11 -7 -8 10 -10 -11 12 -13 -14 -15
leaf_value=-0.11309864288195967 -0.012456237385049461 -0.031815394216727536 -0.090920655166597239 -0.0062721060588955858 -0.0071092345162749263 0.12383134702051228 0.00096889565640594804 0.017707239774271574 -0.045079380246405037 0.00032228985978605498 0.0074879487494421398 -0.035454098603222517 -0.013917905057927494 0.048510834381449965
leaf_weight=11.999999999999998 11.999999999999998 39 13.999999999999998 13.000000000000002 208 10.999999999999998 20 205 31 7480 251 60 114 30
leaf_count=12 12 39 14 13 208 11 20 205 31 7480 251 60 114 30
internal_value=7.65659e-06 -0.00373364 -0.0167111 -0.0142553 -0.00796356 0.0533586 -0.0434169 0.00433282 -0.0640615 0.000494094 0.00688214 -0.0134551 0.000802285 0.0310917
internal_weight=8500 978 369 355 292 24 63 609 43 7522 570 268 365 42
internal_count=8500 978 369 355 292 24 63 609 43 7522 570 268 365 42
cat_boundaries=0 1
cat_threshold=554533
is_linear=0
shrinkage=0.15


Tree=80
num_leaves=15
num_cat=0
split_feature=1 5 5 5 2 1 2 1 5 1 2 2 2 2
split_gain=0.730722 4.49385 10.182 8.68863 7.84032 7.35022 5.96623 6.18653 5.46987 2.73015 2.32349 5.19442 2.00421 1.10334
threshold=1.2500000000000002 88.950000000000017 91.750000000000014 84.850000000000009 87.350000000000009 0.35000000000000003 91.65000000000002 0.75000000000000011 80.950000000000017 1.3500000000000003 85.750000000000014 90.550000000000011 84.350000000000009 87.350000000000009
decision_type=2 2 2 2 2 2 2 2 2 2 2 2 2 2
left_child=1 3 -3 4 5 -1 7 -6 -8 10 -2 -12 -7 -5
right_child=9 2 -4 13 6 12 8 -9 -10 -11 11 -13 -14 -15
leaf_value=0.064151510945521295 -0.10287792161107064 0.13997318220379598 -0.029582762382924555 -0.058456081598997095 0.025840348240576294 -0.022201695903721782 0.036775420266477496 0.1468870347463771 -0.081020000390708447 -3.3512027532671252e-05 0.054619923752034061 -0.079870701541325875 -0.079479098875474719 -0.1289191322561237
leaf_weight=15.999999999999998 9.9999999999999982 17 14.999999999999998 10.000000000000002 19 27 34 19 11.999999999999998 8257 12.000000000000002 13.999999999999998 28 9.9999999999999982
leaf_count=16 10 17 15 10 19 27 34 19 12 8257 12 14 28 10
internal_value=6.50823e-06 0.00880946 0.0604938 -0.000641394 0.0113646 -0.0253301 0.0423803 0.0863637 0.00604618 -0.000213221 -0.0414314 -0.0177981 -0.0513611 -0.0936876
internal_weight=8500 207 32 175 155 71 84 38 46 8293 36 26 55 20
internal_count=8500 207 32 175 155 71 84 38 46 8293 36 26 55 20
is_linear=0
shrinkage=0.15


Tree=81
num_leaves=15
num_cat=1
split_feature=1 5 5 1 0 2 1 2 1 5 2 2 5 1
split_gain=0.68175 4.37044 8.74418 9.58166 9.09671 11.3279 8.42135 7.70606 6.00494 6.27518 3.55738 7.73963 5.17421 3.44599
threshold=2.0500000000000003 92.350000000000009 90.65000000000002 1.4500000000000002 0 90.950000000000017 0.35000000000000003 93.550000000000011 1.7500000000000002 93.550000000000011 88.550000000000011 86.65000000000002 80.950000000000017 2.5500000000000003
decision_type=2 2 2 2 1 2 2 2 2 2 2 2 2 2
left_child=1 2 4 -4 5 6 -1 -7 9 -3 11 -6 -12 -2
right_child=13 8 3 -5 10 7 -8 -9 -10 -11 12 -13 -14 -15
leaf_value=0.12697480982169507 -0.015425553772152066 0.089321155731494573 0.00021698727057530324 -0.18999992859369905 -0.017294597933325197 0.13152280860676374 -0.0043128406362366355 0.027219674545340241 0.14180526621639727 -0.055406166067613019 -0.0086212893548820689 0.059849262521602206 -0.071653458077150081 0.00029952219390285534
leaf_weight=11.999999999999998 327 13.000000000000002 13.000000000000002 10.999999999999998 109 34 131 30 11.999999999999998 13.999999999999998 84 40 45 7625
leaf_count=12 327 13 13 11 109 34 131 30 12 14 84 40 45 7625
internal_value=5.53187e-06 0.00512285 0.00141487 -0.0869658 0.00578834 0.0287884 0.0067043 0.0826307 0.0535167 0.0142774 -0.0119435 0.00341516 -0.0306093 -0.00034712
internal_weight=8500 548 509 24 485 207 143 64 39 27 278 149 129 7952
internal_count=8500 548 509 24 485 207 143 64 39 27 278 149 129 7952
cat_boundaries=0 1
cat_threshold=1635512
is_linear=0
shrinkage=0.15


Tree=82
num_leaves=15
num_cat=4
split_feature=1 2 0 5 0 2 0 4 2 1 1 5 1 2
split_gain=0.726896 2.10032 18.8579 13.8997 8.71604 21.2781 17.3 15.7328 14.5403 11.9268 15.4951 7.53921 7.1735 10.2386
threshold=3.5500000000000003 92.950000000000017 0 77.850000000000009 1 85.15000000000002 2 3 91.750000000000014 1.1500000000000001 2.6500000000000008 92.15000000000002 2.6500000000000008 94.850000000000009
decision_type=2 2 1 2 1 2 1 1 2 2 2 2 2 2
left_child=1 4 3 -3 5 9 8 -8 -7 -1 -11 -4 13 -5
right_child=-2 2 11 12 -6 6 7 -9 -10 10 -12 -13 -14 -15
leaf_value=0.11825847362812894 -0.00075266012699129264 -0.020221075038647368 0.024493502429030624 -0.30355336815118777 -0.002853953104030903 0.074307497030338343 0.053803514901249266 -0.024947712861173667 0.24182190883618132 -0.081172992933333216 0.0099111222666985483 -0.07660253588110208 -0.066500020458510042 -0.093840728920291758
leaf_weight=12.999999999999998 6548 63 213 10.000000000000002 1098 113 102 109 12.999999999999998 76 94 18 19 10.999999999999998
leaf_count=13 6548 63 213 10 1098 113 102 109 13 76 94 18 19 11
internal_value=4.70212e-06 0.00254528 -0.00828425 -0.0584532 0.00478079 0.0205613 0.0433165 0.0138336 0.0848561 -0.0202194 -0.0308088 0.0159264 -0.133282 -0.193704
internal_weight=8500 1952 334 103 1618 520 337 211 126 183 170 231 40 21
internal_count=8500 1952 334 103 1618 520 337 211 126 183 170 231 40 21
cat_boundaries=0 1 2 3 4
cat_threshold=4787240 4822536 1544 6
is_linear=0
shrinkage=0.15


Tree=83
num_leaves=15
num_cat=4
split_feature=5 0 2 1 2 2 1 4 0 1 0 5 2 2
split_gain=0.800536 3.11928 6.50022 6.77157 6.78044 7.9422 3.77127 7.70442 14.1639 21.0611 9.50879 31.2799 5.13038 6.66647
threshold=80.050000000000011 0 96.550000000000011 0.75000000000000011 94.850000000000009 94.15000000000002 6.1500000000000012 1 2 2.5500000000000003 3 88.550000000000011 83.850000000000009 72.850000000000009
decision_type=2 1 2 2 2 2 2 1 1 2 1 2 2 2
left_child=-1 2 3 -2 5 -5 7 8 9 -3 11 -9 13 -8
right_child=1 6 -4 4 -6 -7 12 10 -10 -11 -12 -13 -14 -15
leaf_value=-0.0013009637009956888 -0.10802045022802693 0.082642736658453939 -0.091316561624407766 -0.0027103099279728168 0.1091183171753073 -0.13731778241693973 -0.0017644591346337134 0.083619853076034853 0.0081710606234690914 -0.087194295660795076 0.0078681617405882229 -0.029578922084684288 -0.033360833584124013 0.048664140059132006
leaf_weight=4698 13.999999999999998 20 20 717 11.999999999999998 9.9999999999999982 1212 152 304 92 993 86 108 62
leaf_count=4698 14 20 20 717 12 10 1212 152 304 92 993 86 108 62
internal_value=8.58542e-06 0.00162675 -0.00682716 -0.00467375 -0.0027159 -0.00456186 0.0037942 0.00865506 -0.00892795 -0.0522051 0.0145513 0.0409937 -0.00197129 0.00068968
internal_weight=8500 3802 773 753 739 727 3029 1647 416 112 1231 238 1382 1274
internal_count=8500 3802 773 753 739 727 3029 1647 416 112 1231 238 1382 1274
cat_boundaries=0 1 2 3 4
cat_threshold=20617 8 1606672 558592
is_linear=0
shrinkage=0.15


Tree=84
num_leaves=15
num_cat=1
split_feature=5 0 1 2 1 2 2 2 5 1 2 1 5 1
split_gain=0.636459 4.26836 8.97611 9.44764 9.79885 5.52583 12.7269 6.13087 11.722 15.607 6.31614 22.4145 5.34486 4.9381
threshold=83.550000000000011 0 3.2500000000000004 94.550000000000011 2.8500000000000001 94.850000000000009 95.15000000000002 92.350000000000009 85.750000000000014 3.4500000000000006 91.950000000000017 3.2500000000000004 84.750000000000014 3.4500000000000006
decision_type=2 1 2 2 2 2 2 2 2 2 2 2 2 2
left_child=-1 2 3 4 -2 7 -7 10 -9 -10 12 -12 -3 -4
right_child=1 5 13 -5 -6 6 -8 8 9 -11 11 -13 -14 -15
leaf_value=-0.00090032070607379364 0.037291173614397807 0.018438388765580949 -0.055518337525427341 -0.061993806681130081 0.14019159919245996 0.15993457391858101 0.0090650177757197522 -0.11311966828917237 -0.078862894648635704 0.053317373738073826 0.24834570799022904 -0.034671943831969712 -0.0063925053500931911 0.0065359416133340597
leaf_weight=5697 91 226 30 15.999999999999998 27 14.999999999999998 78 33 37 44 10.000000000000002 17 1424 755
leaf_count=5697 91 226 30 16 27 15 78 33 37 44 10 17 1424 755
internal_value=1.0128e-05 0.00186058 0.0101785 0.0461699 0.0608362 -0.00223899 0.0333988 -0.00410203 -0.0377624 -0.00706127 -0.00181384 0.0701494 -0.00299143 0.00416444
internal_weight=8500 2803 919 134 118 1884 93 1791 114 81 1677 27 1650 785
internal_count=8500 2803 919 134 118 1884 93 1791 114 81 1677 27 1650 785
cat_boundaries=0 1
cat_threshold=1116780
is_linear=0
shrinkage=0.15


Tree=85
num_leaves=15
num_cat=5
split_feature=2 1 0 1 2 0 2 0 2 5 0 2 0 2
split_gain=0.65939 7.80743 7.68276 28.2275 12.6935 36.4698 10.4178 9.06124 14.4354 7.13217 6.65832 24.5561 19.137 18.2051
threshold=83.450000000000017 6.9500000000000011 0 6.0500000000000007 72.850000000000009 1 80.550000000000011 2 80.950000000000017 89.15000000000002 3 88.550000000000011 4 88.450000000000017
decision_type=2 2 1 2 2 1 2 1 2 2 1 2 1 2
left_child=2 10 3 7 -4 6 -6 -1 -9 -8 11 -2 -13 -12
right_child=1 -3 4 -5 5 -7 9 8 -10 -11 13 12 -14 -15
leaf_value=-0.020792544262949377 -0.013469920831542958 -0.041337335290885437 -0.00023943474231453131 0.0024581676368637946 0.11146639241610261 -0.00025879766898879596 0.035187921270512595 -0.16902909164245311 -0.053257412199036479 0.1521082919807388 0.0096944750411602915 0.050483542749739617 0.0073597377750491818 -0.018325573971584415
leaf_weight=110 822 107 2533 842 95 536 121 39 64 12.999999999999998 926 329 768 1195
leaf_count=110 822 107 2533 842 95 536 121 39 64 13 926 329 768 1195
internal_value=8.60881e-06 -0.00134496 0.00129812 -0.00978961 0.00485993 0.021808 0.0703952 -0.0586653 -0.088501 0.0465309 -0.000285756 0.00610032 0.0208202 -0.00606381
internal_weight=8500 4147 4353 1055 3298 765 229 213 103 134 4040 1919 1097 2121
internal_count=8500 4147 4353 1055 3298 765 229 213 103 134 4040 1919 1097 2121
cat_boundaries=0 1 2 3 4 5
cat_threshold=1260 18388992 164 4605182 1232
is_linear=0
shrinkage=0.15


Tree=86
num_leaves=15
num_cat=5
split_feature=1 0 2 2 0 5 5 1 0 1 0 2 1 0
split_gain=0.59476 0.863421 0.696312 6.41344 7.9814 26.6957 46.6208 24.9312 6.1306 20.7541 9.61361 12.6418 8.55198 16.1167
threshold=27.750000000000004 0 83.450000000000017 84.250000000000014 1 85.450000000000017 78.450000000000017 2.7500000000000004 2 6.8500000000000005 3 80.750000000000014 3.8500000000000001 4
decision_type=2 1 2 2 1 2 2 2 1 2 1 2 2 1
left_child=2 -2 8 -4 5 6 -5 -7 9 10 -1 -12 13 -10
right_child=1 -3 3 4 -6 7 -8 -9 12 -11 11 -13 -14 -15
leaf_value=-0.014209242300077106 -0.016688886760098755 0.0001780885701009538 -0.024975571677451132 0.013540128183627405 -0.001085561842560665 -0.27804249376058576 0.22777072973549364 -0.0021273589559963769 0.071313474433157928 0.003186556046090252 -0.1731980275894914 -0.055500939621305846 0.0022994639602479695 0.001085074210086053
leaf_weight=121 106 175 239 87 3752 9.9999999999999982 31 28 111 758 28 77 2778 199
leaf_count=121 106 175 239 87 3752 10 31 28 111 758 28 77 2778 199
internal_value=1.38102e-05 -0.00677212 0.000245815 -0.00112229 0.000336492 0.0325235 0.069821 -0.0747366 0.00163912 -0.00862084 -0.0486041 -0.0793315 0.00492047 0.0285668
internal_weight=8500 281 8219 4147 3908 156 118 38 4072 984 226 105 3088 310
internal_count=8500 281 8219 4147 3908 156 118 38 4072 984 226 105 3088 310
cat_boundaries=0 1 2 3 4 5
cat_threshold=1686529 1024 1260 100 18364672
is_linear=0
shrinkage=0.15


Tree=87
num_leaves=15
num_cat=8
split_feature=1 2 0 2 1 2 0 4 0 2 4 0 0 0
split_gain=0.676463 6.03752 2.16467 2.84081 1.98252 5.6819 3.5408 33.1524 51.3237 35.8289 10.8289 63.2216 17.4411 3.0982
threshold=20.350000000000005 78.550000000000011 0 69.250000000000014 8.5500000000000025 75.950000000000017 1 2 3 87.450000000000017 4 5 6 7
decision_type=2 2 1 2 2 2 1 1 1 2 1 1 1 1
left_child=4 2 -2 -4 5 -1 7 8 -7 -9 11 -8 -12 -6
right_child=1 -3 3 -5 13 6 10 9 -10 -11 12 -13 -14 -15
leaf_value=-0.053612501869599025 0.0051552669311121522 -0.11857231970876456 -0.0063764455691243229 0.029009848440621697 0.020295045033993042 0.0011830377611951098 0.066024066646202972 -0.022466085912771282 -0.11711439532227814 0.032806781591623022 -0.015656582702753444 -0.01519003549540365 0.0083823550534064817 0.0022174904070841172
leaf_weight=45 685 9.9999999999999982 1384 53 261 208 345 499 131 560 1211 545 1521 1042
leaf_count=45 685 10 1384 53 261 208 345 499 131 560 1211 545 1521 1042
internal_value=1.89022e-05 -0.00229376 -0.00174579 -0.00503627 0.000793178 -0.00054922 -7.35527e-05 -0.00645881 -0.0465766 0.00669899 0.00240219 0.0166756 -0.0022915 0.00601133
internal_weight=8500 2132 2122 1437 6368 5065 5020 1398 339 1059 3622 890 2732 1303
internal_count=8500 2132 2122 1437 6368 5065 5020 1398 339 1059 3622 890 2732 1303
cat_boundaries=0 1 2 3 4 5 6 7 8
cat_threshold=10633680 2107153 4 2097936 4 563400 1611976 525841
is_linear=0
shrinkage=0.15


Tree=88
num_leaves=15
num_cat=2
split_feature=5 5 1 5 0 1 5 1 5 1 1 4 2 1
split_gain=0.711318 4.42624 19.9935 20.7133 5.99216 43.0203 32.7076 29.8052 11.602 13.8047 7.10946 3.92867 20.7182 6.87427
threshold=83.950000000000017 84.550000000000011 4.3500000000000005 84.450000000000017 0 2.5500000000000003 92.450000000000017 2.0500000000000003 97.950000000000017 3.1500000000000008 3.2500000000000004 1 91.65000000000002 2.4500000000000006
decision_type=2 2 2 2 1 2 2 2 2 2 2 1 2 2
left_child=-1 2 3 -2 5 6 7 -3 9 -7 11 12 -6 -13
right_child=1 4 -4 -5 10 8 -8 -9 -10 -11 -12 13 -14 -15
leaf_value=-0.00092297173821299504 0.055225282559845726 -0.1008282209173418 -0.010388651402506109 0.28897771518677473 0.070837485578237103 0.085421383885709065 0.057420996918032562 -0.33417744388182957 -0.12906621001660823 -0.0017532608596324596 0.00059934641961938075 0.037972723828861493 -0.069888428228521912 -0.024813467673896871
leaf_weight=5820 58 39 133 9.9999999999999982 125 44 18 18 14.999999999999998 575 1459 80 29 77
leaf_count=5820 58 39 133 10 125 44 18 18 15 575 1459 80 29 77
internal_value=8.17789e-06 0.0020303 0.0234386 0.0896006 0.000294496 -0.0112649 -0.118852 -0.174517 0.00128458 0.00444332 0.00496042 0.0255791 0.0416337 0.00674959
internal_weight=8500 2680 201 68 2479 709 75 57 634 619 1770 311 154 157
internal_count=8500 2680 201 68 2479 709 75 57 634 619 1770 311 154 157
cat_boundaries=0 1 2
cat_threshold=46217 6
is_linear=0
shrinkage=0.15


Tree=89
num_leaves=15
num_cat=4
split_feature=2 2 1 0 1 2 2 0 0 1 2 0 5 5
split_gain=0.581336 9.18457 9.43107 6.59016 10.5137 8.10182 13.1179 9.54569 5.51407 14.8678 12.1227 22.3676 10.7855 21.4527
threshold=83.850000000000009 84.15000000000002 2.5500000000000003 0 5.8500000000000005 92.950000000000017 91.15000000000002 1 2 6.0500000000000007 72.850000000000009 3 65.850000000000009 74.850000000000009
decision_type=2 2 2 1 2 2 2 1 1 2 2 1 2 2
left_child=8 2 -2 4 5 6 -3 -7 9 -1 -10 12 -12 -14
right_child=1 3 -4 -5 -6 7 -8 -9 10 -11 11 -13 13 -15
leaf_value=-0.033486519862903109 -0.17847193652255966 0.012616158515482817 -0.030449742189160099 -0.0044074058773623586 -0.028247738954317019 0.018528554768090542 0.063584310452995896 -0.040300636539212994 -0.00051009755451089005 0.0016449276804237577 -0.0082211474037688706 0.0091233363643639688 0.22924187046010047 0.06630703337490558
leaf_weight=344 10.999999999999998 747 81 2684 152 118 134 113 2122 1278 23 594 24 75
leaf_count=344 11 747 81 2684 152 118 134 113 2122 1278 23 594 24 75
internal_value=6.95123e-06 -0.00129643 -0.048148 -0.000204651 0.00868571 0.0138123 0.0203684 -0.0111919 0.00118759 -0.00577031 0.00516637 0.0220618 0.0779223 0.105806
internal_weight=8500 4040 92 3948 1264 1112 881 231 4460 1622 2838 716 122 99
internal_count=8500 4040 92 3948 1264 1112 881 231 4460 1622 2838 716 122 99
cat_boundaries=0 1 2 3 4
cat_threshold=1774 198 18158 1576960
is_linear=0
shrinkage=0.15


Tree=90
num_leaves=15
num_cat=1
split_feature=5 0 2 1 1 2 2 5 5 2 1 2 1 2
split_gain=0.608381 8.3755 9.77172 11.8038 7.667 5.25095 4.8388 3.37424 5.66379 6.56928 2.04015 4.05161 2.75639 1.44154
threshold=94.850000000000009 0 90.15000000000002 4.7500000000000009 3.8500000000000001 87.15000000000002 90.65000000000002 95.65000000000002 95.250000000000014 85.250000000000014 4.6500000000000012 85.850000000000009 5.6500000000000012 94.350000000000009
decision_type=2 1 2 2 2 2 2 2 2 2 2 2 2 2
left_child=-1 5 7 4 -4 -2 -7 8 -3 -10 11 -9 -12 -8
right_child=1 2 3 -5 -6 6 13 10 9 -11 12 -13 -14 -15
leaf_value=-0.00023131520677867413 -0.0046408025498845071 -0.013946047176917394 0.085606152421006762 -0.027357996932484887 0.26030753552913666 -0.16322443831712005 -0.0079627542889543906 0.09108354973678405 0.020727514602582552 0.18870977438986303 -0.092151396721601483 -0.017592000843662962 -0.0065389435704458843 -0.08252977084368468
leaf_weight=8220 76 18 13.000000000000002 10.999999999999998 9.9999999999999982 9.9999999999999982 14.000000000000002 12.999999999999998 11.000000000000002 9.9999999999999982 9.9999999999999982 19 55 9.9999999999999982
leaf_count=8220 76 18 13 11 10 10 14 13 11 10 10 19 55 10
internal_value=2.89865e-06 0.00687875 0.0269321 0.100442 0.161563 -0.0243477 -0.0755594 0.010535 0.0477967 0.100719 -0.00444657 0.0265574 -0.0197101 -0.0390323
internal_weight=8500 280 170 34 23 110 34 136 39 21 97 32 65 24
internal_count=8500 280 170 34 23 110 34 136 39 21 97 32 65 24
cat_boundaries=0 1
cat_threshold=19274304
is_linear=0
shrinkage=0.15


Tree=91
num_leaves=15
num_cat=2
split_feature=1 0 2 2 2 1 2 1 5 0 5 5 1 2
split_gain=0.53413 4.53518 7.35555 7.02213 4.48519 4.32134 11.1816 3.97426 6.65411 5.35524 7.72402 13.5881 8.30753 4.69127
threshold=2.0500000000000003 0 87.450000000000017 87.15000000000002 95.550000000000011 0.55000000000000016 81.250000000000014 1.6500000000000001 74.050000000000011 1 80.750000000000014 84.050000000000011 1.2500000000000002 83.050000000000011
decision_type=2 1 2 2 2 2 2 2 2 1 2 2 2 2
left_child=1 2 3 5 -4 -1 -7 9 -9 -3 12 -12 -11 -10
right_child=-2 7 4 -5 -6 6 -8 8 13 10 11 -13 -14 -15
leaf_value=0.088782295351848006 -0.00030968191976187183 0.0076349427399691194 0.059508413976679247 -0.1275261590257287 -0.031198235734232835 -0.12854339112527668 0.021333224977466411 -0.020795309473760425 -0.04420176487416029 0.037469599281366055 -0.20398207381367683 -0.037131615553232952 -0.074695973977213725 0.067982212824818603
leaf_weight=11.999999999999998 7952 104 99 9.9999999999999982 13.999999999999998 13.999999999999998 56 58 9.9999999999999982 39 14.999999999999998 41 24 52
leaf_count=12 7952 104 99 10 14 14 56 58 10 39 15 41 24 52
internal_value=2.46385e-06 0.004532 0.0215802 -0.00885675 0.0482704 0.00561513 -0.0086421 -0.00610822 0.0157244 -0.0181306 -0.0380893 -0.0818237 -0.00526014 0.049888
internal_weight=8500 548 205 92 113 82 70 343 120 223 119 56 63 62
internal_count=8500 548 205 92 113 82 70 343 120 223 119 56 63 62
cat_boundaries=0 1 2
cat_threshold=816360 13664518
is_linear=0
shrinkage=0.15


Tree=92
num_leaves=15
num_cat=6
split_feature=2 0 0 2 0 2 5 1 0 2 5 1 0 4
split_gain=0.613327 34.3566 14.1104 19.226 12.1403 20.2029 10.8335 9.25393 20.5673 15.8454 14.3268 12.8828 9.19581 11.0186
threshold=88.350000000000009 0 1 61.850000000000001 2 91.450000000000017 87.850000000000009 8.5500000000000025 3 87.450000000000017 80.550000000000011 4.4500000000000011 4 5
decision_type=2 1 1 2 1 2 2 2 1 2 2 2 1 1
left_child=2 4 3 -1 5 -2 -7 8 9 11 -11 -4 13 -5
right_child=1 -3 7 12 -6 6 -8 -9 -10 10 -12 -13 -14 -15
leaf_value=-0.0045315496282581913 -0.0054002813337480316 -0.020509543906485374 -0.028231397159366761 0.079817287502923925 0.0092979761928056008 0.12895127486553973 -0.001154090588291486 0.0017802469366190376 -0.0014049080928114144 0.097272785027245318 -0.041592752438737078 -0.079472937009795089 0.011555802114365134 0.02526262750776331
leaf_weight=1015 68 1160 302 113 1090 72 18 2227 1152 35 32 174 661 381
leaf_count=1015 68 1160 302 113 1090 72 18 2227 1152 35 32 174 661 381
internal_value=3.44161e-06 -0.00202321 0.000804522 0.0104815 0.0152021 0.0529554 0.10293 -0.00456472 -0.0129281 -0.0366738 0.0309489 -0.0469625 0.0237655 0.0390778
internal_weight=8500 2408 6092 2170 1248 158 90 3922 1695 543 67 476 1155 494
internal_count=8500 2408 6092 2170 1248 158 90 3922 1695 543 67 476 1155 494
cat_boundaries=0 1 2 3 4 5 6
cat_threshold=12772598 3742465 144 9424 1576961 4
is_linear=0
shrinkage=0.15


Tree=93
num_leaves=15
num_cat=1
split_feature=5 0 5 1 2 5 1 5 5 5 1 2 2 5
split_gain=0.61473 3.2377 8.75736 12.2977 13.5265 11.9479 5.62843 5.47635 4.16209 3.34713 12.6132 6.02423 4.85502 4.11469
threshold=83.950000000000017 0 92.65000000000002 15.450000000000001 88.550000000000011 89.950000000000017 4.4500000000000011 89.15000000000002 94.65000000000002 84.550000000000011 4.3500000000000005 85.15000000000002 88.050000000000011 92.350000000000009
decision_type=2 1 2 2 2 2 2 2 2 2 2 2 2 2
left_child=-1 2 3 4 5 -2 8 -6 -4 10 11 -3 -13 -11
right_child=1 9 6 -5 7 -7 -8 -9 -10 13 -12 12 -14 -15
leaf_value=-0.00084434377720463453 0.055414847563952208 0.15130475229200194 -0.1565242938020012 -0.0079838500858868972 0.031381724310754713 0.16926248351477882 -0.0028115175088267706 -0.049173060126070464 -0.036664725118316706 -0.0059162727720810781 -0.0093443408816971853 -0.040142090076749973 0.075851551996874475 0.0095233176234284077
leaf_weight=5820 80 17 11.000000000000002 147 59 28 59 28 15.999999999999998 1561 115 10.999999999999998 31 517
leaf_count=5820 80 17 11 147 59 28 59 28 16 1561 115 11 31 517
internal_value=2.12817e-05 0.00190111 0.013697 0.0247766 0.0494729 0.0849309 -0.0287707 0.00545605 -0.0854964 -0.000399792 0.0195829 0.0759664 0.0454723 -0.00207495
internal_weight=8500 2680 428 342 195 108 86 87 27 2252 174 59 42 2078
internal_count=8500 2680 428 342 195 108 86 87 27 2252 174 59 42 2078
cat_boundaries=0 1
cat_threshold=1116672
is_linear=0
shrinkage=0.15


Tree=94
num_leaves=15
num_cat=2
split_feature=2 2 0 2 2 5 2 5 1 1 0 2 2 1
split_gain=0.561777 6.78867 7.04997 19.0707 43.7611 20.8797 12.7543 12.67 4.43476 4.41243 4.4455 6.01071 5.10892 3.6782
threshold=83.850000000000009 84.250000000000014 0 92.350000000000009 91.350000000000009 89.65000000000002 94.850000000000009 77.950000000000017 2.3500000000000001 6.4500000000000011 1 89.65000000000002 90.550000000000011 3.0500000000000003
decision_type=2 2 1 2 2 2 2 2 2 2 1 2 2 2
left_child=-1 8 3 4 5 -3 7 -5 -2 10 12 -12 -4 -10
right_child=1 2 9 6 -6 -7 -8 -9 13 -11 11 -13 -14 -15
leaf_value=0.0011787017052946867 0.039310191990807652 0.056876031871961087 0.00067603773210483378 -0.031155672203749409 0.3607985785603523 -0.14543989151716233 0.052330073599631967 -0.2597685322724283 -0.11702776615108762 -0.023322940632336902 -0.003727795159123499 0.013018530113199979 -0.016558206128194839 -0.035035303113160325
leaf_weight=4460 15.999999999999998 98 991 12.000000000000002 9.9999999999999982 12.999999999999998 12.999999999999998 9.9999999999999982 13.999999999999998 197 967 962 635 102
leaf_count=4460 16 98 991 12 10 13 13 10 14 197 967 962 635 102
internal_value=1.80894e-05 -0.00126318 -0.000133117 0.0301196 0.0602572 0.0331814 -0.0654646 -0.135071 -0.0347199 -0.00146733 -0.000260326 0.00459982 -0.00601743 -0.0449309
internal_weight=8500 4040 3908 156 121 111 35 22 132 3752 3555 1929 1626 116
internal_count=8500 4040 3908 156 121 111 35 22 132 3752 3555 1929 1626 116
cat_boundaries=0 1 2
cat_threshold=1024 20044035
is_linear=0
shrinkage=0.15


Tree=95
num_leaves=15
num_cat=3
split_feature=1 1 2 2 2 2 2 1 4 0 2 5 1 0
split_gain=0.572101 3.72124 19.5404 2.28866 6.00392 3.74421 2.02088 2.08408 1.23793 42.9801 39.1592 21.0138 20.8618 14.8942
threshold=0.75000000000000011 0.8500000000000002 91.65000000000002 91.15000000000002 94.15000000000002 84.950000000000017 87.450000000000017 0.35000000000000003 0 1 84.050000000000011 84.750000000000014 7.9500000000000011 2
decision_type=2 2 2 2 2 2 2 2 1 1 2 2 2 1
left_child=3 2 -2 5 -5 -1 7 -7 9 10 -3 -12 -11 -10
right_child=1 8 -4 4 -6 6 -8 -9 13 12 11 -13 -14 -15
leaf_value=0.024291333526542242 0.19080795850604768 0.00091376184467957793 -0.093100399821996679 0.074190742953827493 -0.065059597756374959 -0.033210381679236872 -0.020844926708377898 -0.12592940621543675 -0.0079303706591497807 0.030985927979704925 -0.041599924083799124 -0.11772654695869904 -0.0091079715148583498 0.0069177578683431076
leaf_weight=22 12.000000000000002 444 9.9999999999999982 19.000000000000004 10.999999999999998 10.000000000000002 24 11.999999999999998 2511 727 275 116 488 3819
leaf_count=22 12 444 10 19 11 10 24 12 2511 727 275 116 488 3819
internal_value=1.5376e-05 0.000148281 0.0617587 -0.0113792 0.0231323 -0.0266048 -0.0509464 -0.0837844 -1.34652e-05 -0.00320799 -0.0292196 -0.0641848 0.0147609 0.00102455
internal_weight=8500 8402 22 98 30 68 46 22 8380 2050 835 391 1215 6330
internal_count=8500 8402 22 98 30 68 46 22 8380 2050 835 391 1215 6330
cat_boundaries=0 1 2 3
cat_threshold=4 12936707 3709144
is_linear=0
shrinkage=0.15


Tree=96
num_leaves=15
num_cat=1
split_feature=5 0 5 1 2 2 5 1 5 1 1 5 5 5
split_gain=0.851155 2.95403 6.44024 10.2019 8.40228 12.2974 4.47941 3.81695 3.13228 2.83464 12.6003 7.92524 9.32063 7.82591
threshold=84.050000000000011 0 92.65000000000002 15.450000000000001 88.550000000000011 86.750000000000014 89.15000000000002 4.4500000000000011 95.050000000000011 2.0500000000000003 2.5500000000000003 89.15000000000002 84.750000000000014 84.550000000000011
decision_type=2 1 2 2 2 2 2 2 2 2 2 2 2 2
left_child=-1 2 3 4 5 -2 -6 8 -4 13 11 12 -11 -3
right_child=1 9 7 -5 6 -7 -8 -9 -10 10 -12 -13 -14 -15
leaf_value=-0.00099570273553590345 0.041449109547735223 0.14172304338690908 -0.1225568667054176 -0.0066492665268349221 0.034654834454781132 0.1533370076235564 -0.03860985919434045 -0.0014466470762519008 -0.020305780165030485 0.020761581547558305 0.001042876625446242 -0.014920998182385525 -0.14578087153138533 0.010291172233711685
leaf_weight=5856 77 10.999999999999998 13.000000000000002 147 57 31 28 59 13.999999999999998 9.9999999999999982 1980 47 31 139
leaf_count=5856 77 11 13 147 57 31 28 59 14 10 1980 47 31 139
internal_value=1.28909e-05 0.00224675 0.0135297 0.023123 0.0457994 0.0735651 0.0105206 -0.0228241 -0.0695378 1.86014e-05 -0.00142552 -0.0569645 -0.105161 0.0199295
internal_weight=8500 2644 426 340 193 108 85 86 27 2218 2068 88 41 150
internal_count=8500 2644 426 340 193 108 85 86 27 2218 2068 88 41 150
cat_boundaries=0 1
cat_threshold=1116672
is_linear=0
shrinkage=0.15


Tree=97
num_leaves=15
num_cat=1
split_feature=5 0 2 1 1 1 5 5 1 5 2 1 2 2
split_gain=0.683776 4.60848 9.89613 11.8806 28.9483 14.6127 21.3719 17.5746 9.55728 6.90552 9.42795 5.29622 6.5875 14.6517
threshold=86.850000000000009 0 86.750000000000014 4.4500000000000011 4.7500000000000009 3.9500000000000006 90.950000000000017 91.950000000000017 2.8500000000000001 92.350000000000009 75.950000000000017 3.2500000000000004 89.350000000000009 92.350000000000009
decision_type=2 1 2 2 2 2 2 2 2 2 2 2 2 2
left_child=-1 2 8 5 -5 7 -7 -4 -2 10 -10 12 -3 -14
right_child=1 11 3 4 -6 6 -8 -9 9 -11 -12 -13 13 -15
leaf_value=-0.00068219174788362565 -0.10662578493356704 -0.0029657031749312662 0.11284043808969166 0.26395148641484623 0.035539416207912115 -0.25564604803919783 0.027452295422554014 -0.046370238083629646 -0.0012202107913617511 -0.028403749650748197 0.075906879267939875 -0.0061439349347755896 0.094644324348659284 -0.014888961073011159
leaf_weight=6717 18 149 39 17 47 10.000000000000002 14.999999999999998 26 105 83 54 1109 61 50
leaf_count=6717 18 149 39 17 47 10 15 26 105 83 54 1109 61 50
internal_value=1.09573e-05 0.00262222 0.0162785 0.0468052 0.0962114 0.0116719 -0.085787 0.0491562 -0.00117664 0.00666669 0.0249739 -0.00161469 0.0176422 0.045305
internal_weight=8500 1783 414 154 64 90 25 65 260 242 159 1369 260 111
internal_count=8500 1783 414 154 64 90 25 65 260 242 159 1369 260 111
cat_boundaries=0 1
cat_threshold=5278209
is_linear=0
shrinkage=0.15


Tree=98
num_leaves=15
num_cat=1
split_feature=5 0 2 5 1 2 5 2 5 2 1 1 5 2
split_gain=0.728201 13.1355 32.9541 8.2766 15.1743 6.76294 3.57189 2.28871 1.98928 17.6862 23.5343 9.57407 4.4668 12.3173
threshold=92.350000000000009 0 90.15000000000002 94.450000000000017 4.7500000000000009 85.850000000000009 99.050000000000011 75.950000000000017 91.750000000000014 88.350000000000009 4.0500000000000007 3.3500000000000001 91.550000000000011 87.450000000000017
decision_type=2 1 2 2 2 2 2 2 2 2 2 2 2 2
left_child=8 2 3 4 -2 -5 -3 -6 12 11 -11 -10 -1 -14
right_child=1 6 -4 5 7 -7 -8 -9 9 10 -12 -13 13 -15
leaf_value=-0.00035802970474931012 0.22928848922252654 -0.0073998932290978026 0.26109263002872463 0.016459598810179159 -0.0048122948545496914 -0.10689601585268974 0.083150899428874242 0.074881890788674355 0.15939483136462512 -0.24944466572254895 0.0083338019807877774 -0.0011215245506986428 -0.0029296687915921207 0.19404621429741384
leaf_weight=7761 9.9999999999999982 494 14.999999999999998 30 25 14.999999999999998 9.9999999999999982 11.999999999999998 9.9999999999999982 14.999999999999998 17 51 25 9.9999999999999982
leaf_count=7761 10 494 15 30 25 15 10 12 10 15 17 51 25 10
internal_value=9.31367e-06 0.00499813 0.0502384 0.0213207 0.0653438 -0.0246589 -0.00549424 0.0210345 -0.000377068 -0.0221854 -0.1125 0.0251926 -0.000116912 0.0533492
internal_weight=8500 611 107 92 47 45 504 37 7889 93 32 61 7796 35
internal_count=8500 611 107 92 47 45 504 37 7889 93 32 61 7796 35
cat_boundaries=0 1
cat_threshold=107521
is_linear=0
shrinkage=0.15


Tree=99
num_leaves=15
num_cat=5
split_feature=2 0 2 0 5 5 0 2 4 1 0 5 5 1
split_gain=0.743359 20.6586 11.6531 10.8275 11.5328 11.192 10.016 11.7594 10.4259 11.4119 9.60216 27.6859 22.3385 15.6208
threshold=87.750000000000014 0 90.450000000000017 1 68.850000000000009 82.350000000000009 2 73.850000000000009 3 1.1500000000000001 4 95.050000000000011 72.450000000000017 1.3500000000000003
decision_type=2 1 2 1 2 2 1 2 1 2 1 2 2 2
left_child=6 2 -2 -4 -5 -6 7 -1 -9 -10 11 12 -3 -14
right_child=1 10 3 4 5 -7 -8 8 9 -11 -12 -13 13 -15
leaf_value=-0.0003059577880115778 -0.0049513653847167802 0.010689870205877179 0.064406069614523581 -0.024470360789744728 0.060668539910982762 0.0032897785213595676 -0.0028491848314152173 0.057785103823949482 -0.091026039404625239 0.019286357697451739 -0.0062264801320510935 0.20985421746969221 0.079537149412291383 -0.084701527791850736
leaf_weight=892 358 110 141 113 151 155 4259 164 22 516 1407 9.9999999999999982 13.999999999999998 188
leaf_count=892 358 110 141 113 151 155 4259 164 22 516 1407 10 14 188
internal_value=7.9167e-06 -0.00207798 0.0160113 0.0296983 0.0160972 0.0316041 0.000951258 0.0110542 0.0256464 0.0145058 -0.0117072 -0.0347468 -0.0437003 -0.0733186
internal_weight=8500 2647 918 560 419 306 5853 1594 702 538 1729 322 312 202
internal_count=8500 2647 918 560 419 306 5853 1594 702 538 1729 322 312 202
cat_boundaries=0 1 2 3 4 5
cat_threshold=58610 8208 3739905 4 1572865
is_linear=0
shrinkage=0.15


Tree=100
num_leaves=15
num_cat=4
split_feature=2 1 0 0 2 2 0 2 1 2 1 2 0 5
split_gain=0.855806 7.67331 3.28641 3.21812 15.5043 21.2514 15.7587 9.67953 8.61684 11.2159 9.69502 6.33162 7.51894 3.15579
threshold=78.550000000000011 16.050000000000004 0 1 84.250000000000014 83.950000000000017 2 84.15000000000002 4.7500000000000009 85.050000000000011 4.4500000000000011 82.450000000000017 3 83.550000000000011
decision_type=2 2 1 1 2 2 1 2 2 2 2 2 1 2
left_child=2 3 -1 4 5 6 -2 -7 10 -10 -6 12 -5 -13
right_child=1 -3 -4 11 8 7 -8 -9 9 -11 -12 13 -14 -15
leaf_value=0.007717836973044615 -0.061982656814014679 -0.10837360888719559 -0.0016943625312548097 0.051176185762298813 0.0047367186992573534 -0.20991748100146648 0.0037420321384863337 -0.062340584155172109 0.068368663799694987 -0.022522713937535355 0.057621450554362907 -0.0038418113576213697 0.0039709775599003948 0.0068401542732514538
leaf_weight=1316 120 14.999999999999998 2248 112 838 20 227 20 33 411 86 1910 221 923
leaf_count=1316 120 15 2248 112 838 20 227 20 33 411 86 1910 221 923
internal_value=2.66907e-05 -0.00125225 0.00179797 -0.000925728 -0.00605773 -0.0325996 -0.0206654 -0.136129 0.00140654 -0.0157673 0.00965889 0.00193211 0.0215039 -0.000361595
internal_weight=8500 4936 3564 4921 1755 387 347 40 1368 444 924 3166 333 2833
internal_count=8500 4936 3564 4921 1755 387 347 40 1368 444 924 3166 333 2833
cat_boundaries=0 1 2 3 4
cat_threshold=2107345 2631569 1552 30414848
is_linear=0
shrinkage=0.15


Tree=101
num_leaves=15
num_cat=4
split_feature=2 1 0 2 0 1 1 5 4 2 0 5 2 2
split_gain=0.619978 5.65668 2.49412 12.2576 19.0525 11.0961 17.7673 10.4002 8.67506 5.01494 8.52913 4.34728 3.82262 3.63017
threshold=78.550000000000011 19.550000000000004 0 85.750000000000014 1 4.7500000000000009 4.4500000000000011 94.250000000000014 2 85.750000000000014 3 77.250000000000014 93.15000000000002 85.350000000000009
decision_type=2 2 1 2 1 2 2 2 1 2 1 2 2 2
left_child=-1 2 3 4 8 6 -5 -6 -2 10 11 -4 -7 -12
right_child=1 -3 9 5 7 12 -8 -9 -10 -11 13 -13 -14 -15
leaf_value=0.0015308134748292035 0.033025306229639971 -0.10392686482518911 0.0092973708079251288 0.0056056058568803137 -0.050862917732649844 -0.0086478092071147414 0.074916069723305195 0.069316992799148838 -0.018514119047543097 -0.0020478654313857464 -0.0088249667094327799 0.038574313062816702 -0.042033404218941223 0.041681583639500398
leaf_weight=3564 141 11.999999999999998 204 791 345 327 93 17 135 2100 376 259 101 35
leaf_count=3564 141 12 204 791 345 327 93 17 135 2100 376 259 101 35
internal_value=2.32042e-05 -0.00106535 -0.000814675 -0.00496889 -0.0220487 0.0032988 0.0128973 -0.0440035 0.00804991 0.00191942 0.0114738 0.0251319 -0.0165262 -0.00441647
internal_weight=8500 4936 4924 1950 638 1312 884 362 276 2974 874 463 428 411
internal_count=8500 4936 4924 1950 638 1312 884 362 276 2974 874 463 428 411
cat_boundaries=0 1 2 3 4
cat_threshold=2633617 2623744 5 18190370
is_linear=0
shrinkage=0.15


Tree=102
num_leaves=15
num_cat=5
split_feature=4 0 2 2 0 5 5 1 0 2 5 2 0 2
split_gain=0.532584 36.6246 23.6737 19.9675 23.4535 28.063 39.4629 25.0675 11.8801 21.4413 11.3332 11.2026 10.6499 19.8374
threshold=0 1 83.750000000000014 87.850000000000009 2 84.850000000000009 87.550000000000011 1.5500000000000003 3 85.450000000000017 60.250000000000007 82.850000000000009 4 88.450000000000017
decision_type=1 1 2 2 1 2 2 2 1 2 2 2 1 2
left_child=1 2 -1 -3 5 7 -7 -5 9 -2 -4 -10 13 -11
right_child=8 3 10 4 -6 6 -8 -9 11 12 -12 -13 -14 -15
leaf_value=0.00063220990751869973 -0.0026821076660408427 -0.0034463568443299764 -0.024095618135898427 0.15875222727656366 -0.020681735573692451 -0.46002921597524105 -0.099407136067748078 -0.096619359210308176 0.0037096595533156812 0.083841612055920153 0.067704135693334541 -0.012462819323925078 0.0094998346440062463 0.020793275169958426
leaf_weight=350 1524 966 34 9.9999999999999982 355 11.000000000000002 18 64 1883 166 275 1974 523 347
leaf_count=350 1524 966 34 10 355 11 18 64 1883 166 275 1974 523 347
internal_value=2.22843e-05 -0.00205596 0.0269367 -0.0155675 -0.0414729 -0.10129 -0.236195 -0.0621097 0.00069901 0.00860267 0.0576032 -0.00455555 0.0252861 0.0404072
internal_weight=8500 2083 659 1424 458 103 29 74 6417 2560 309 3857 1036 513
internal_count=8500 2083 659 1424 458 103 29 74 6417 2560 309 3857 1036 513
cat_boundaries=0 1 2 3 4 5
cat_threshold=4 2658520 9729 13067777 4204033
is_linear=0
shrinkage=0.15


Tree=103
num_leaves=15
num_cat=2
split_feature=1 1 2 2 2 2 5 2 2 1 2 4 0 1
split_gain=0.51743 2.06426 14.1733 1.76977 2.0438 3.48969 1.0532 1.14256 1.04393 1.01749 1.11121 0.886334 25.7469 29.9158
threshold=0.75000000000000011 0.8500000000000002 91.65000000000002 82.850000000000009 91.15000000000002 94.15000000000002 83.450000000000017 87.450000000000017 86.65000000000002 1.0500000000000003 89.850000000000009 0 1 7.5500000000000007
decision_type=2 2 2 2 2 2 2 2 2 2 2 1 1 2
left_child=3 2 -2 -1 6 -6 7 -5 -8 10 -3 12 13 -11
right_child=1 9 -4 4 5 -7 8 -9 -10 11 -12 -13 -14 -15
leaf_value=0.045869746059179303 0.15593743994832032 -0.051123445822546874 -0.085857504196465012 -0.077169727208092814 0.05262972438021709 -0.053533032401041548 0.020879521965980526 -0.022944186384077456 -0.044742281200597062 -0.080351574093434269 0.0078047739807516336 0.0010007977100640287 0.0050246667030480014 0.0090929198738369486
leaf_weight=10.999999999999998 12.000000000000002 18.000000000000004 9.9999999999999982 18 19.000000000000004 10.999999999999998 12.000000000000002 17 9.9999999999999982 190 11.999999999999998 6310 1699 151
leaf_count=11 12 18 10 18 19 11 12 17 10 190 12 6310 1699 151
internal_value=1.69685e-05 0.000143363 0.0460306 -0.0108195 -0.0179871 0.0137034 -0.0346662 -0.0508316 -0.00894857 2.28955e-05 -0.0275522 0.000121968 -0.00258859 -0.0395834
internal_weight=8500 8402 22 98 87 30 57 35 22 8380 30 8350 2040 341
internal_count=8500 8402 22 98 87 30 57 35 22 8380 30 8350 2040 341
cat_boundaries=0 1 2
cat_threshold=4 4195841
is_linear=0
shrinkage=0.15


Tree=104
num_leaves=15
num_cat=0
split_feature=5 2 5 5 5 2 1 2 5 5 2 5 5 2
split_gain=0.515062 1.69955 4.20237 1.02144 0.842031 2.99257 2.75424 1.42893 1.03032 2.536 1.38689 1.05324 3.20152 1.39749
threshold=97.950000000000017 85.850000000000009 98.350000000000009 98.350000000000009 96.65000000000002 84.250000000000014 3.5500000000000003 90.250000000000014 96.15000000000002 95.950000000000017 87.350000000000009 95.65000000000002 95.350000000000009 84.950000000000017
decision_type=2 2 2 2 2 2 2 2 2 2 2 2 2 2
left_child=4 3 -3 -2 8 -6 -7 -8 9 11 -10 12 -1 -13
right_child=1 2 -4 -5 5 6 7 -9 10 -11 -12 13 -14 -15
leaf_value=-7.6457762629197386e-05 0.046833754318173625 -0.11207054379311472 0.011822833360305854 -0.015272551038875603 -0.019886845143212536 -0.0073458902005638389 0.10983063977641552 0.034410194680094715 -0.0064262845106573107 0.066291546378320507 -0.066484878398478026 0.0014224746652568381 0.050730644465823253 -0.060570194851607077
leaf_weight=8269 11.000000000000002 11.000000000000002 13.999999999999998 12.999999999999998 28 13.999999999999998 13.000000000000002 9.9999999999999982 31 12.999999999999998 11.999999999999998 18 28 14.999999999999998
leaf_count=8269 11 11 14 13 28 14 13 10 31 13 12 18 28 15
internal_value=1.54865e-05 -0.0153189 -0.0426903 0.0131928 0.000104398 0.0171112 0.0451097 0.0770391 -2.74222e-05 9.19418e-05 -0.0231868 -1.13709e-05 9.50017e-05 -0.026756
internal_weight=8500 49 25 24 8451 65 37 23 8386 8343 43 8330 8297 33
internal_count=8500 49 25 24 8451 65 37 23 8386 8343 43 8330 8297 33
is_linear=0
shrinkage=0.15


Tree=105
num_leaves=15
num_cat=1
split_feature=2 0 2 5 5 5 5 5 5 5 5 2 2 5
split_gain=0.408181 17.1116 7.0718 6.05432 4.45616 6.25828 3.78627 4.54004 3.41495 3.15244 2.87811 2.86028 2.66795 6.37414
threshold=94.850000000000009 0 94.950000000000017 61.250000000000007 95.750000000000014 80.950000000000017 91.350000000000009 84.250000000000014 78.550000000000011 87.850000000000009 81.850000000000009 96.950000000000017 94.750000000000014 80.950000000000017
decision_type=2 1 2 2 2 2 2 2 2 2 2 2 2 2
left_child=12 3 -3 -2 5 8 7 11 -4 -9 -7 -5 -1 -14
right_child=1 2 4 6 -6 10 -8 9 -10 -11 -12 -13 13 -15
leaf_value=-8.4799998882202727e-05 0.058491647243499756 0.13534752267878503 0.012717197411111556 -0.022454020993318408 -0.067962931841611854 0.11518533860261623 0.020614342018961906 -0.15976884317967818 -0.045895734644280033 -0.056712882220745081 0.040403862283037939 -0.088839362913985614 0.018011879376493962 -0.14128024086356161
leaf_weight=8033 10.999999999999998 11.999999999999998 160 40 12.999999999999998 12.999999999999998 11.999999999999998 17.000000000000004 26 10.999999999999998 106 23 13.000000000000002 9.9999999999999982
leaf_count=8033 11 12 160 40 13 13 12 17 26 11 106 23 13 10
internal_value=1.31634e-05 0.00444085 0.0216539 -0.0434726 0.0180445 0.0217104 -0.0585826 -0.0690261 0.00452399 -0.119283 0.0485733 -0.0466899 -0.000230865 -0.0512456
internal_weight=8500 444 330 114 318 305 103 91 186 28 119 63 8056 23
internal_count=8500 444 330 114 318 305 103 91 186 28 119 63 8056 23
cat_boundaries=0 1
cat_threshold=4792456
is_linear=0
shrinkage=0.15


Tree=106
num_leaves=15
num_cat=1
split_feature=5 5 1 2 2 2 0 1 1 5 1 2 2 1
split_gain=0.404699 2.56503 9.28584 14.2341 4.99185 15.5687 3.64705 10.5031 14.9916 11.0157 6.39946 8.53071 8.45528 3.73032
threshold=84.050000000000011 84.550000000000011 4.3500000000000005 85.15000000000002 87.950000000000017 91.450000000000017 0 3.6500000000000008 3.5500000000000003 86.950000000000017 4.5500000000000007 92.450000000000017 91.250000000000014 3.2500000000000004
decision_type=2 2 2 2 2 2 1 2 2 2 2 2 2 2
left_child=-1 2 3 -2 -5 -6 7 8 9 -3 11 -9 -12 -8
right_child=1 6 -4 4 5 -7 13 10 -10 -11 12 -13 -14 -15
leaf_value=-0.00068428032396229059 0.2077461594858995 -0.078009845093557878 -0.0048178299451787357 -0.049292808326964192 0.21235428147017948 -0.023517181165516376 0.021934181928958334 0.015894845355988334 -0.18456733524799346 -0.0042782846099527717 0.00075025802210722313 0.12210569651797414 -0.064205420957593129 0.0017175537630555262
leaf_weight=5856 12.999999999999998 63 112 12.999999999999998 10.000000000000002 17 246 114 13.999999999999998 165 565 20 49 1243
leaf_count=5856 13 63 112 13 10 17 246 114 14 165 565 20 49 1243
internal_value=1.1189e-05 0.00155153 0.0196609 0.0713895 0.0270736 0.0638426 0.00034619 -0.00667252 -0.0339028 -0.0246515 0.00204807 0.0317472 -0.0044335 0.00502383
internal_weight=8500 2644 165 53 40 27 2479 990 242 228 748 134 614 1489
internal_count=8500 2644 165 53 40 27 2479 990 242 228 748 134 614 1489
cat_boundaries=0 1
cat_threshold=19444873
is_linear=0
shrinkage=0.15


Tree=107
num_leaves=15
num_cat=6
split_feature=1 0 1 2 0 1 2 0 2 0 0 2 0 2
split_gain=0.370244 0.87898 0.554487 4.35306 2.63218 2.34666 2.58678 2.05791 18.6587 12.0417 8.92002 3.34817 12.709 8.44269
threshold=25.750000000000004 0 8.5500000000000025 73.850000000000009 1 17.250000000000004 73.850000000000009 2 91.050000000000011 3 4 90.850000000000009 5 90.15000000000002
decision_type=2 1 2 2 1 2 2 1 2 1 1 2 1 2
left_child=2 -2 3 -1 -4 6 -6 8 10 -10 -5 13 -13 -9
right_child=1 -3 4 7 5 -7 -8 11 9 -11 -12 12 -14 -15
leaf_value=-0.0787769605522044 -0.015711875685162587 -0.00081287868524233917 -0.003987912801666829 -0.050589953806295905 0.01580050734553189 0.0033157998348298571 0.090245179781182239 0.0012214660625532042 0.062456628889972415 -0.0070772856335985243 -0.009165860495836689 -0.029613252942143727 0.0040971505671796252 0.030106586633830316
leaf_weight=15.999999999999998 100 492 1051 157 232 1549 10.999999999999998 2778 109 109 442 345 861 248
leaf_count=16 100 492 1051 157 232 1549 11 2778 109 109 442 345 861 248
internal_value=9.51065e-06 -0.00360874 0.000280376 -0.000660652 0.00195688 0.0054354 0.0191704 -0.000413106 -0.00725677 0.03023 -0.0210209 0.00092305 -0.00575795 0.00358879
internal_weight=8500 592 7908 5065 2843 1792 243 5049 817 218 599 4232 1206 3026
internal_count=8500 592 7908 5065 2843 1792 243 5049 817 218 599 4232 1206 3026
cat_boundaries=0 1 2 3 4 5 6
cat_threshold=1573889 17086502 2098448 1040 16 1645056
is_linear=0
shrinkage=0.15


Tree=108
num_leaves=15
num_cat=2
split_feature=1 5 5 5 5 2 5 1 2 0 4 5 1 2
split_gain=0.353111 1.72669 5.22115 4.67519 2.03554 1.82301 1.49932 1.48209 10.2277 0.750291 9.38435 14.2631 23.3332 7.48267
threshold=0.75000000000000011 76.450000000000017 74.050000000000011 83.450000000000017 80.750000000000014 86.950000000000017 86.950000000000017 0.8500000000000002 91.15000000000002 0 1 68.15000000000002 6.1500000000000012 88.250000000000014
decision_type=2 2 2 2 2 2 2 2 2 1 1 2 2 2
left_child=1 2 5 4 -3 -1 -5 8 -2 10 11 -9 -13 -12
right_child=7 3 -4 6 -6 -7 -8 9 -10 -11 13 12 -14 -15
leaf_value=-0.057675639912486074 0.14126061302694401 -0.031534439875659605 0.10271492752839217 0.052435384783893826 -0.12086654633749276 0.014494925489028294 -0.01463137545855716 -0.045273202765417603 -0.063289416158063841 0.00041990012747962073 -0.0036706378048873313 0.1156490983441472 -0.022700045543024315 -0.044325158352520259
leaf_weight=13.999999999999998 11.000000000000002 11.000000000000002 10.999999999999998 11.999999999999998 11.999999999999998 18 20 43 10.999999999999998 7717 367 64 48 141
leaf_count=14 11 11 11 12 12 18 20 43 11 7717 367 64 48 141
internal_value=-8.11052e-07 -0.00895272 0.0135654 -0.0265578 -0.0781425 -0.0170797 0.0105187 0.000103603 0.0389856 1.52617e-06 -0.00480205 0.0264557 0.0563566 -0.014666
internal_weight=8500 98 43 55 23 32 32 8402 22 8380 663 155 112 508
internal_count=8500 98 43 55 23 32 32 8402 22 8380 663 155 112 508
cat_boundaries=0 1 2
cat_threshold=557056 4
is_linear=0
shrinkage=0.15


Tree=109
num_leaves=15
num_cat=2
split_feature=5 0 2 5 2 5 2 1 1 1 0 2 5 5
split_gain=0.363827 7.16872 10.4657 12.1713 15.6741 14.2905 4.26766 8.15327 5.42438 4.20237 3.92507 5.28718 8.85259 10.4222
threshold=75.050000000000011 0 75.950000000000017 68.15000000000002 80.550000000000011 69.550000000000011 84.050000000000011 3.1500000000000008 2.6500000000000008 0.8500000000000002 1 78.550000000000011 95.250000000000014 95.65000000000002
decision_type=2 1 2 2 2 2 2 2 2 2 1 2 2 2
left_child=1 2 -1 6 -5 -6 8 -8 -4 -3 11 -2 -13 -14
right_child=10 9 3 4 5 -7 7 -9 -10 -11 -12 12 13 -15
leaf_value=-0.0083709589235717429 0.0030810181403887345 -0.055349912807684053 -0.12134884650057011 0.24455491706728932 0.15412907105684281 0.029896573714166881 0.070303399985627596 -0.00062990693325848607 -0.0040946381475331015 -0.0014989618538930971 0.0029191652726550392 -0.014492129638460463 0.174563405290246 0.015310926126830023
leaf_weight=250 948 33 10.999999999999998 9.9999999999999982 25 125 52 122 46 2727 2832 1250 10.999999999999998 58
leaf_count=250 948 33 11 10 25 125 52 122 46 2727 2832 1250 11 58
internal_value=-6.15136e-07 0.00120101 0.0153592 0.0309248 0.062724 0.050602 0.0088993 0.0205686 -0.0267226 -0.0021351 -0.00080209 -0.00543967 -0.011605 0.040699
internal_weight=8500 3401 641 391 160 150 231 174 57 2760 5099 2267 1319 69
internal_count=8500 3401 641 391 160 150 231 174 57 2760 5099 2267 1319 69
cat_boundaries=0 1 2
cat_threshold=528409 13136029
is_linear=0
shrinkage=0.15


Tree=110
num_leaves=15
num_cat=2
split_feature=2 0 2 5 5 5 2 0 2 5 2 2 1 1
split_gain=0.398715 12.084 6.7937 4.10547 3.36499 7.14053 7.04261 4.90592 1.9377 4.53073 1.19178 1.11845 3.31446 2.45319
threshold=94.850000000000009 0 94.950000000000017 72.850000000000009 95.350000000000009 89.65000000000002 96.750000000000014 1 94.750000000000014 80.950000000000017 95.950000000000017 95.750000000000014 4.7500000000000009 4.6500000000000012
decision_type=2 1 2 2 2 2 2 1 2 2 2 2 2 2
left_child=8 3 -3 10 5 7 -7 -4 -1 -10 -2 13 -13 -5
right_child=1 2 4 11 -6 6 -8 -9 9 -11 -12 12 -14 -15
leaf_value=-0.00011670962519139567 0.049777437541633822 0.13010033993050454 0.035763254662114309 -0.12894419745470465 -0.056773824883358817 0.18478106422857798 0.026764420457184315 -0.0043695619324829807 0.014672932343987314 -0.11962449945509433 -0.013138550212274171 -0.024444682975964884 -0.11383263086900115 -0.039917863607406616
leaf_weight=8033 10.000000000000002 11.999999999999998 102 13.000000000000002 13.999999999999998 11.000000000000002 14.999999999999998 177 13.000000000000002 9.9999999999999982 21 42 11.999999999999998 14.999999999999998
leaf_count=8033 10 12 102 13 14 11 15 177 13 10 21 42 12 15
internal_value=-7.79574e-09 0.00437603 0.0187355 -0.0361451 0.0151335 0.0184342 0.0936176 0.0114279 -0.00024119 -0.0437173 0.00715693 -0.0569233 -0.0443087 -0.0812515
internal_weight=8500 444 331 113 319 305 26 279 8056 23 31 82 54 28
internal_count=8500 444 331 113 319 305 26 279 8056 23 31 82 54 28
cat_boundaries=0 1 2
cat_threshold=4784520 2361906
is_linear=0
shrinkage=0.15


Tree=111
num_leaves=15
num_cat=1
split_feature=1 1 5 2 0 5 2 2 1 5 5 2 2 1
split_gain=0.364871 7.15406 13.8195 8.30987 6.43884 5.51559 10.3036 5.58242 5.59021 5.08658 7.01336 16.4896 11.6907 11.4796
threshold=2.4500000000000006 2.5500000000000003 77.950000000000017 90.850000000000009 0 73.050000000000011 79.750000000000014 84.15000000000002 2.2500000000000004 92.350000000000009 84.750000000000014 89.250000000000014 92.550000000000011 1.4500000000000002
decision_type=2 2 2 2 1 2 2 2 2 2 2 2 2 2
left_child=4 2 -2 -4 5 -1 -7 -8 -9 10 -6 13 -13 -12
right_child=1 -3 3 -5 9 6 7 8 -10 -11 11 12 -14 -15
leaf_value=-0.0073880513471255944 0.014788397703025685 0.00013248159214757177 -0.058501133375934183 -0.21109828017293833 -0.0029245743000501532 0.17358104105700148 -0.026671817117872143 0.023765225888427274 0.092784053151262924 0.048517439444549379 -0.015198957617394626 0.14616066521176926 -0.03483549548046929 -0.14840154573635977
leaf_weight=123 38 7625 21 12.999999999999998 320 10.999999999999998 39 151 32 32 24 12.999999999999998 21 37
leaf_count=123 38 7625 21 13 320 11 39 151 32 32 24 13 21 37
internal_value=5.53344e-06 -0.000311897 -0.0473728 -0.116847 0.0030482 0.017809 0.0318748 0.0248533 0.0358341 -0.00890677 -0.0135493 -0.0493378 0.0343689 -0.095994
internal_weight=8500 7697 72 34 803 356 233 222 183 447 415 95 34 61
internal_count=8500 7697 72 34 803 356 233 222 183 447 415 95 34 61
cat_boundaries=0 1
cat_threshold=14322344
is_linear=0
shrinkage=0.15


Tree=112
num_leaves=15
num_cat=5
split_feature=5 0 4 0 2 5 2 0 2 4 2 2 1 1
split_gain=0.350694 2.35126 9.73648 14.5194 27.8185 12.3595 11.2126 18.6014 17.6104 6.71219 7.46428 15.4359 16.4688 7.59559
threshold=84.050000000000011 0 1 2 84.050000000000011 87.950000000000017 86.750000000000014 3 89.450000000000017 4 81.450000000000017 92.250000000000014 2.7500000000000004 3.6500000000000008
decision_type=2 1 1 1 2 2 2 1 2 1 2 2 2 2
left_child=-1 9 3 4 -3 -6 -4 8 -8 10 -2 12 -12 -13
right_child=1 2 6 -5 5 -7 7 -9 -10 -11 11 13 -14 -15
leaf_value=-0.00064270163653524647 -0.0094218555933496522 0.010116505668952785 0.0013492225710606555 0.0055559985518670715 -0.21711367726966274 -0.078147079471576328 0.18921450391411779 0.011504233781926257 0.052143253665007522 -0.010699458399739322 0.1671710856824315 -0.13328089123325687 0.033289370156494497 0.014034014629820983
leaf_weight=5856 126 61 797 241 24 36 30 307 71 812 28 13.999999999999998 79 18
leaf_count=5856 126 61 797 241 24 36 30 307 71 812 28 14 79 18
internal_value=4.70341e-06 0.00143859 0.00512899 -0.0161623 -0.0565413 -0.133734 0.0116056 0.0319251 0.0844919 -0.00394184 0.0164006 0.040988 0.0683238 -0.0504163
internal_weight=8500 2644 1567 362 121 60 1205 408 101 1077 265 139 107 32
internal_count=8500 2644 1567 362 121 60 1205 408 101 1077 265 139 107 32
cat_boundaries=0 1 2 3 4 5
cat_threshold=25997480 4 83457 1553 4
is_linear=0
shrinkage=0.15


Tree=113
num_leaves=15
num_cat=2
split_feature=2 0 2 0 5 2 2 5 1 2 5 2 5 2
split_gain=0.385309 9.11211 5.97293 2.92036 6.86058 2.56616 2.14032 2.0412 1.76446 1.493 3.45827 1.21918 0.993752 1.65956
threshold=94.850000000000009 0 94.950000000000017 1 59.650000000000013 95.15000000000002 96.350000000000009 73.65000000000002 4.9500000000000011 94.750000000000014 80.950000000000017 99.350000000000009 61.550000000000004 96.950000000000017
decision_type=2 1 2 1 2 2 2 2 2 2 2 2 2 2
left_child=9 7 -3 4 -4 -5 -6 12 -9 -1 -11 -7 -2 -14
right_child=1 2 3 5 6 11 -8 8 -10 10 -12 -13 13 -15
leaf_value=-0.00012270593511087773 -0.042601249152794479 0.12074784235446713 -0.079962851818312294 -0.058423716966062779 0.072491992938403901 0.0013440087342380801 0.02864265744707414 -0.038108982010594303 -0.098888849753599906 0.012619074892539241 -0.10471199261024594 0.036889939786400643 0.052035944408271438 -0.030702599678188558
leaf_weight=8033 9.9999999999999982 11.999999999999998 10.999999999999998 14.999999999999998 39 165 70 62 12.999999999999998 13.000000000000002 9.9999999999999982 25 12.000000000000002 9.9999999999999982
leaf_count=8033 10 12 11 15 39 165 70 62 13 13 10 25 12 10
internal_value=5.12034e-06 0.00430696 0.0163378 0.0129853 0.0304045 0.0012449 0.0443319 -0.0321104 -0.0486442 -0.000231972 -0.0383944 0.0060211 -0.00339397 0.0144275
internal_weight=8500 444 337 325 120 205 109 107 75 8056 23 190 32 22
internal_count=8500 444 337 325 120 205 109 107 75 8056 23 190 32 22
cat_boundaries=0 1 2
cat_threshold=4784328 25167410
is_linear=0
shrinkage=0.15


Tree=114
num_leaves=15
num_cat=3
split_feature=0 2 0 2 1 5 2 1 1 2 5 0 2 1
split_gain=0.374119 2.48848 15.2348 9.44486 7.89595 6.40508 5.81248 6.79138 11.5899 7.17691 5.6323 5.03838 21.3881 8.07361
threshold=0 89.750000000000014 1 90.350000000000009 3.0500000000000003 55.150000000000013 89.450000000000017 4.0500000000000007 2.9500000000000006 89.550000000000011 88.350000000000009 2 83.250000000000014 4.9500000000000011
decision_type=1 2 1 2 2 2 2 2 2 2 2 1 2 2
left_child=-1 6 5 4 -4 -3 11 8 -8 -9 -6 12 -2 -14
right_child=1 2 3 -5 10 -7 7 9 -10 -11 -12 -13 13 -15
leaf_value=-0.0011092496065981089 0.0055148708081586778 -0.049988834528873365 0.10962331499187991 -0.010804995649479277 -0.0029385944842719113 0.042340739077776204 -0.016243712669786279 -0.094551344215869901 -0.20439015536640698 0.048548568299283147 0.11312287761406464 0.0034541856609734017 -0.025629696459682851 -0.077416754917143601
leaf_weight=3768 726 18 26 654 65 278 17.000000000000004 11.999999999999998 12.999999999999998 23 10.999999999999998 2558 236 95
leaf_count=3768 726 18 26 654 65 278 17 12 13 23 11 2558 236 95
internal_value=4.35226e-06 0.000891552 0.007327 -0.00412914 0.0382701 0.0355259 -0.000945725 -0.0454033 -0.0977738 -0.000514259 0.0138598 -0.00014635 -0.00880919 -0.0404931
internal_weight=8500 4732 1052 756 102 296 3680 65 30 35 76 3615 1057 331
internal_count=8500 4732 1052 756 102 296 3680 65 30 35 76 3615 1057 331
cat_boundaries=0 1 2 3
cat_threshold=25857318 8400 8400
is_linear=0
shrinkage=0.15


Tree=115
num_leaves=15
num_cat=0
split_feature=5 1 5 5 2 1 1 5 5 2 5 5 5 2
split_gain=0.371109 1.66732 1.6961 0.630927 2.31099 2.0075 1.18754 1.0119 1.47148 1.28813 0.931234 0.682413 0.265862 0.137576
threshold=97.950000000000017 3.8500000000000001 98.350000000000009 96.65000000000002 84.250000000000014 3.5500000000000003 4.7500000000000009 96.15000000000002 95.950000000000017 87.350000000000009 95.750000000000014 94.850000000000009 97.350000000000009 83.050000000000011
decision_type=2 2 2 2 2 2 2 2 2 2 2 2 2 2
left_child=3 -2 -3 7 12 -6 -7 8 10 13 11 -1 -5 -9
right_child=1 2 -4 4 5 6 -8 9 -10 -11 -12 -13 -14 -15
leaf_value=-7.0675875327165456e-05 -0.05905723623358286 -0.030805368957054966 0.034412462999554055 -0.032328379209086822 -0.0053781782409974502 0.10226446554826739 0.034031770285218949 -0.013728752767201511 0.050510227107084714 -0.064713852107524866 -0.036147827940294516 0.012782787600596575 -0.0030955687639236981 0.0076476467214524743
leaf_weight=8220 12.999999999999998 17 19 14.000000000000002 13.999999999999998 11.000000000000002 11.999999999999998 21.000000000000004 12.999999999999998 11.999999999999998 15.999999999999998 94 13.999999999999998 9.9999999999999982
leaf_count=8220 13 17 19 14 14 11 12 21 13 12 16 94 14 10
internal_value=4.11324e-06 -0.0130122 0.00361515 7.95836e-05 0.0148009 0.0394053 0.0666648 -3.45218e-05 8.37701e-05 -0.0229859 5.07336e-06 7.46483e-05 -0.017712 -0.00683314
internal_weight=8500 49 36 8451 65 37 23 8386 8343 43 8330 8314 28 31
internal_count=8500 49 36 8451 65 37 23 8386 8343 43 8330 8314 28 31
is_linear=0
shrinkage=0.15


Tree=116
num_leaves=15
num_cat=2
split_feature=5 0 1 5 2 1 1 5 5 2 2 0 5 1
split_gain=0.338696 7.23758 13.6969 14.2796 18.6951 11.2966 13.8679 7.38377 3.32458 4.87079 2.94051 4.02157 7.7553 12.439
threshold=89.65000000000002 0 1.3500000000000003 90.350000000000009 83.350000000000009 3.8500000000000001 4.0500000000000007 92.450000000000017 89.450000000000017 82.65000000000002 75.950000000000017 1 92.450000000000017 3.4500000000000006
decision_type=2 1 2 2 2 2 2 2 2 2 2 1 2 2
left_child=8 2 -2 4 -4 7 -7 -5 -1 -10 -3 12 13 -12
right_child=1 10 3 5 -6 6 -8 -9 9 -11 11 -13 -14 -15
leaf_value=0.00012423380572121017 0.13995340249755167 -0.0066161583082324418 -0.0077150540698009236 -0.13650441779941319 -0.22104050893532601 0.17338400736451148 -0.0086295396654383731 -0.024349221241261279 0.0073862192430533468 0.11453639048018624 -0.024309458395212209 0.0031878952150537561 -0.002909955120689812 0.1114604876984899
leaf_weight=7346 10.999999999999998 323 18 25 19 9.9999999999999982 162 28 30 13.999999999999998 22 380 63 49
leaf_count=7346 11 323 18 25 19 10 162 28 30 14 22 380 63 49
internal_value=3.49635e-06 -0.00243964 -0.023172 -0.0309052 -0.117261 -0.0167046 0.00195264 -0.0772526 0.000370462 0.0414795 0.00454509 0.0116473 0.0329405 0.0693909
internal_weight=8500 1110 273 262 37 225 172 53 7390 44 837 514 134 71
internal_count=8500 1110 273 262 37 225 172 53 7390 44 837 514 134 71
cat_boundaries=0 1 2
cat_threshold=527568 5243397
is_linear=0
shrinkage=0.15


Tree=117
num_leaves=15
num_cat=3
split_feature=1 0 1 2 2 1 5 5 2 1 5 4 0 5
split_gain=0.318413 0.475448 0.406775 3.12155 2.82652 3.73037 8.51939 7.70711 3.14114 2.7512 2.6057 2.59215 9.90862 11.2001
threshold=27.750000000000004 0 4.9500000000000011 75.950000000000017 93.15000000000002 5.2500000000000009 67.750000000000014 82.950000000000017 93.450000000000017 4.4500000000000011 76.65000000000002 1 2 89.950000000000017
decision_type=2 1 2 2 2 2 2 2 2 2 2 1 1 2
left_child=2 -2 3 9 5 6 -4 -8 -6 10 -1 12 13 -5
right_child=1 -3 4 11 8 -7 7 -9 -10 -11 -12 -13 -14 -15
leaf_value=-0.074282883284613452 0.0030030790522384146 -0.0094868323336097255 -0.025647815859445151 -0.0035340913869731593 -0.071265694199662125 0.00084025258588733972 0.063064066471665028 0.00081676601772554794 -0.00988916986785956 -0.10792531777511943 0.027563477737399245 -0.0028415504095758875 0.018436619676802907 -0.084504958411509332
leaf_weight=10.000000000000002 107 174 68 304 21 4036 105 78 176 10.999999999999998 12.999999999999998 2786 567 44
leaf_count=10 107 174 68 304 21 4036 105 78 176 11 13 2786 567 44
internal_value=3.53445e-06 -0.00496163 0.000173289 -0.000982948 0.00113639 0.0019437 0.0196868 0.0365324 -0.0164318 -0.0462259 -0.0167175 -0.000567314 0.00631929 -0.0133871
internal_weight=8500 281 8219 3735 4484 4287 251 183 197 34 23 3701 915 348
internal_count=8500 281 8219 3735 4484 4287 251 183 197 34 23 3701 915 348
cat_boundaries=0 1 2 3
cat_threshold=27279824 1 3684804
is_linear=0
shrinkage=0.15


Tree=118
num_leaves=15
num_cat=2
split_feature=2 0 1 2 5 2 5 0 5 5 2 5 5 1
split_gain=0.399068 13.2355 15.0167 11.908 10.5665 22.0056 20.7462 5.27439 3.94878 11.9498 3.73583 8.0681 6.61097 3.70384
threshold=92.750000000000014 0 4.6500000000000012 96.750000000000014 79.850000000000009 94.050000000000011 86.550000000000011 1 75.750000000000014 84.750000000000014 92.350000000000009 85.050000000000011 78.750000000000014 4.7500000000000009
decision_type=2 1 2 2 2 2 2 1 2 2 2 2 2 2
left_child=10 2 3 4 5 -2 -6 -3 -4 -10 -1 12 13 -12
right_child=1 7 8 -5 6 -7 -8 -9 9 -11 11 -13 -14 -15
leaf_value=6.1996659173840126e-05 0.34002126269042493 -0.022327907920884991 0.022535645802106173 -0.018655268258104721 -0.077448481520903945 0.085388403385877609 0.17644421368837357 0.0041251366238765725 -0.18654070101678366 0.045351746007800099 -0.04633700396865606 0.040572831176566598 -0.11230130108176835 0.039055766820092687
leaf_weight=7514 11.999999999999998 243 21 18 14.000000000000002 21 14.999999999999998 510 10.000000000000002 9.9999999999999982 40 29 27 15.999999999999998
leaf_count=7514 12 243 21 18 14 21 15 510 10 10 40 29 27 16
internal_value=4.61207e-06 0.00304058 0.0470333 0.08875 0.119932 0.177982 0.0538753 -0.00459225 -0.0228937 -0.0705945 -0.000343334 -0.0275367 -0.051334 -0.0219391
internal_weight=8500 874 121 80 62 33 29 753 41 20 7626 112 83 56
internal_count=8500 874 121 80 62 33 29 753 41 20 7626 112 83 56
cat_boundaries=0 1 2
cat_threshold=8209 624138
is_linear=0
shrinkage=0.15


Tree=119
num_leaves=15
num_cat=1
split_feature=2 0 5 5 5 2 5 5 5 5 2 2 2 5
split_gain=0.35264 6.99284 3.95884 3.51803 3.49816 5.82756 3.26637 2.36654 2.6189 3.0073 2.07666 1.74173 1.35684 1.79558
threshold=94.850000000000009 0 62.550000000000004 95.350000000000009 83.750000000000014 95.15000000000002 61.250000000000007 91.950000000000017 85.850000000000009 87.850000000000009 99.350000000000009 95.750000000000014 93.850000000000009 78.250000000000014
decision_type=2 1 2 2 2 2 2 2 2 2 2 2 2 2
left_child=12 6 -3 4 10 -6 -2 8 11 -10 -4 -8 -1 -14
right_child=1 2 3 -5 5 -7 7 -9 9 -11 -12 -13 13 -15
leaf_value=5.970820727542569e-05 0.048778359117833049 -0.020427731343692072 0.0090248246716275321 -0.050204891924347197 0.14460875523778108 0.035250184340402481 -0.064658012825318356 0.032123556286096575 -0.14507342495701525 -0.03850780771328853 0.059288504214159071 -0.013519751150755488 4.9982025302597322e-05 -0.031043336671270506
leaf_weight=7886 10.999999999999998 57 155 13.999999999999998 12.999999999999998 70 22 9.9999999999999982 11.000000000000002 12.999999999999998 21 47 96 74
leaf_count=7886 11 57 155 14 13 70 22 10 11 13 21 47 96 74
internal_value=7.08e-07 0.00411614 0.0150708 0.0230347 0.0269936 0.0523786 -0.0265848 -0.0372144 -0.04467 -0.0873504 0.0150222 -0.0298247 -0.000226111 -0.0134848
internal_weight=8500 444 330 273 259 83 114 103 93 24 176 69 8056 170
internal_count=8500 444 330 273 259 83 114 103 93 24 176 69 8056 170
cat_boundaries=0 1
cat_threshold=4792456
is_linear=0
shrinkage=0.15


Tree=120
num_leaves=15
num_cat=2
split_feature=0 2 5 2 1 0 5 5 1 1 1 5 2 2
split_gain=0.309437 3.21998 4.71921 2.14752 3.13006 3.14484 7.36464 5.93479 2.94661 1.90031 9.77473 9.12242 10.6865 4.51864
threshold=0 97.750000000000014 72.450000000000017 85.550000000000011 7.3500000000000005 1 93.550000000000011 91.15000000000002 1.2500000000000002 2.5500000000000003 2.4500000000000006 74.850000000000009 89.550000000000011 79.350000000000009
decision_type=1 2 2 2 2 1 2 2 2 2 2 2 2 2
left_child=1 3 -3 8 5 7 -7 -5 -1 10 13 -12 -13 -2
right_child=9 2 -4 4 -6 6 -8 -9 -10 -11 11 12 -14 -15
leaf_value=-0.052532682068645954 0.069008697196841232 0.03139815408982994 -0.063304755664788756 0.011027299390125629 -0.052444957285188137 0.00454273383664139 -0.062354208675857919 0.063133318248120213 -0.00071374933757196763 0.00026187691368266661 0.0061550399707630274 -0.051531684647003799 -0.23427573228254914 -0.0055876715447435851
leaf_weight=25 19 17 39 465 20 732 39 55 1994 4569 20 18.000000000000004 11.999999999999998 476
leaf_count=25 19 17 39 465 20 732 39 55 1994 4569 20 18 12 476
internal_value=6.01814e-07 0.001111 -0.0345557 0.00171413 0.00644134 0.0073536 0.001144 0.0162265 -0.00135539 -0.00073533 -0.00910889 -0.0723156 -0.124629 -0.00272438
internal_weight=8500 3386 56 3330 1311 1291 771 520 2019 5114 545 50 30 495
internal_count=8500 3386 56 3330 1311 1291 771 520 2019 5114 545 50 30 495
cat_boundaries=0 1 2
cat_threshold=6640328 4194952
is_linear=0
shrinkage=0.15


Tree=121
num_leaves=15
num_cat=1
split_feature=2 0 5 5 2 1 2 1 1 2 5 1 5 5
split_gain=0.364372 5.45673 4.89307 4.3399 5.28026 4.18875 2.8296 3.8299 2.86318 2.70365 2.18902 4.64481 3.21278 2.20436
threshold=94.850000000000009 0 79.850000000000009 95.350000000000009 95.15000000000002 4.5500000000000007 97.950000000000017 2.7500000000000004 2.9500000000000006 98.550000000000011 78.750000000000014 2.4500000000000006 92.15000000000002 85.850000000000009
decision_type=2 1 2 2 2 2 2 2 2 2 2 2 2 2
left_child=-1 2 5 4 -4 6 7 -2 -8 -6 -3 -12 13 -13
right_child=1 10 3 -5 9 -7 8 -9 -10 -11 11 12 -14 -15
leaf_value=-0.00023004964730395362 -0.013812196649172727 0.0011303188792378994 0.1486057611182332 -0.043871482131494714 0.058885744772851467 -0.038298510682588813 0.044351385940204956 0.074780973957310759 -0.052785010309889913 -0.0028712597675621507 0.036305281827226275 -0.032930343866694807 0.035672720298171041 -0.085403051383553016
leaf_weight=8056 17 119 11.999999999999998 10.999999999999998 58 41 11.000000000000002 31 18 22 20 43 9.9999999999999982 31
leaf_count=8056 17 119 12 11 58 41 11 31 18 22 20 43 10 31
internal_value=5.11615e-07 0.00418385 0.0203627 0.0451737 0.0558204 0.000431347 0.0210537 0.0434042 -0.0159402 0.0419026 -0.0122153 -0.0286603 -0.0441282 -0.0549122
internal_weight=8500 444 221 103 92 118 77 48 29 80 223 104 84 74
internal_count=8500 444 221 103 92 118 77 48 29 80 223 104 84 74
cat_boundaries=0 1
cat_threshold=19160631
is_linear=0
shrinkage=0.15


Tree=122
num_leaves=15
num_cat=1
split_feature=5 0 1 5 1 1 1 2 2 2 1 5 1 2
split_gain=0.32802 2.18807 5.04809 6.77373 5.16217 2.36962 6.01104 7.82936 5.59775 3.04002 2.44877 1.86283 7.84189 8.92969
threshold=84.050000000000011 0 3.5500000000000003 94.65000000000002 3.3500000000000001 4.4500000000000011 4.0500000000000007 90.850000000000009 75.950000000000017 89.750000000000014 4.7500000000000009 84.750000000000014 4.4500000000000011 91.450000000000017
decision_type=2 1 2 2 2 2 2 2 2 2 2 2 2 2
left_child=-1 2 3 4 -2 6 9 -8 -7 -4 -10 12 13 -3
right_child=1 11 5 -5 -6 8 7 -9 10 -11 -12 -13 -14 -15
leaf_value=-0.000625692153407419 0.037101504800743174 0.09280507526445117 -0.015907780127599837 -0.061661521212330886 0.13788416271026316 -0.0054318043388095066 -0.022567291930317878 -0.16986698125573721 0.063187699019908908 0.057502846899230707 0.019405824080172735 -0.0025276463513825933 -0.0093027527505032109 -0.035198915711439703
leaf_weight=5856 95 44 30 13.999999999999998 12.999999999999998 278 31 10.999999999999998 38 22 118 1817 116 17
leaf_count=5856 95 44 30 14 13 278 31 11 38 22 118 1817 116 17
internal_value=4.34837e-07 0.0013872 0.00887055 0.0365072 0.0492328 0.00265281 -0.0189393 -0.0611458 0.00732944 0.0151506 0.0300706 -0.00109122 0.0135928 0.0571318
internal_weight=8500 2644 650 122 108 528 94 42 434 52 156 1994 177 61
internal_count=8500 2644 650 122 108 528 94 42 434 52 156 1994 177 61
cat_boundaries=0 1
cat_threshold=1116740
is_linear=0
shrinkage=0.15


Tree=123
num_leaves=15
num_cat=2
split_feature=1 2 1 1 0 5 5 5 5 5 5 5 4 1
split_gain=0.369131 2.23176 1.95753 1.95256 10.3469 8.08535 8.03934 8.22801 3.95508 2.42116 2.92286 6.05901 2.2491 7.22332
threshold=4.9500000000000011 75.950000000000017 4.4500000000000011 5.2500000000000009 0 68.15000000000002 79.350000000000009 73.050000000000011 85.050000000000011 66.450000000000017 82.750000000000014 77.950000000000017 1 5.3500000000000005
decision_type=2 2 2 2 1 2 2 2 2 2 2 2 1 2
left_child=1 2 -1 4 5 -2 7 -7 -8 -6 11 -11 -5 -14
right_child=3 -3 -4 12 9 6 8 -9 -10 10 -12 -13 13 -15
leaf_value=-0.014480456707837139 -0.018775672901288742 -0.00076469049903594543 -0.091415558179671105 0.0034762454118733308 -0.039884538656721515 0.054809992429800329 -0.032740347459912299 0.19087258814368396 0.062710174572254931 -0.010893789760704185 -0.024909152126028424 0.072140788114629692 -0.068991803259563611 -0.0021644040424971963
leaf_weight=23 28 3701 10.999999999999998 2205 45 20 14.999999999999998 20 28 58 63 30 37 2216
leaf_count=23 28 3701 11 2205 45 20 15 20 28 58 63 30 37 2216
internal_value=3.69622e-07 -0.00111613 -0.0393712 0.000875526 0.0124463 0.0467166 0.0744389 0.122841 0.0294135 -0.00889173 -0.000244323 0.0174135 7.87051e-05 -0.00324747
internal_weight=8500 3735 34 4765 307 111 83 40 43 196 151 88 4458 2253
internal_count=8500 3735 34 4765 307 111 83 40 43 196 151 88 4458 2253
cat_boundaries=0 1 2
cat_threshold=9344544 10
is_linear=0
shrinkage=0.15


Tree=124
num_leaves=15
num_cat=2
split_feature=2 0 1 5 2 1 0 5 5 5 5 5 5 2
split_gain=0.315666 9.4073 10.6913 12.8311 15.14 6.5568 3.32347 10.9454 12.2049 5.76736 3.31305 3.20493 7.86946 3.19043
threshold=92.750000000000014 0 4.6500000000000012 87.550000000000011 94.15000000000002 3.7500000000000004 1 90.450000000000017 85.250000000000014 68.850000000000009 77.450000000000017 75.750000000000014 84.750000000000014 92.65000000000002
decision_type=2 1 2 2 2 2 1 2 2 2 2 2 2 2
left_child=13 2 3 4 5 -2 7 8 9 -3 -6 -4 -13 -1
right_child=1 6 11 -5 10 -7 -8 -9 -10 -11 -12 12 -14 -15
leaf_value=-0.0001397833009982546 0.1257323626801371 -0.068572656502230808 0.021720923031015055 -0.055436199903488158 0.027289936114703456 0.29750435907393696 0.0010259406759368665 0.082734107629706455 -0.16462076297029851 0.0052828043088561198 0.11316311337053775 -0.15627134766429657 0.031910913661122323 -0.056090816264243233
leaf_weight=7603 10.000000000000002 39 21 13.999999999999998 31 9.9999999999999982 619 18 15.999999999999998 61 14.999999999999998 10.000000000000002 9.9999999999999982 23
leaf_count=7603 10 39 21 14 31 10 619 18 16 61 15 10 10 23
internal_value=9.27629e-07 0.00270108 0.039788 0.0749962 0.102664 0.211618 -0.0037372 -0.0242833 -0.0429829 -0.0235208 0.0552921 -0.0192065 -0.0621802 -0.000308531
internal_weight=8500 874 121 80 66 20 753 134 116 100 46 41 20 7626
internal_count=8500 874 121 80 66 20 753 134 116 100 46 41 20 7626
cat_boundaries=0 1 2
cat_threshold=8209 558592
is_linear=0
shrinkage=0.15


Tree=125
num_leaves=15
num_cat=6
split_feature=2 0 2 5 0 5 0 1 5 1 4 0 0 5
split_gain=0.327272 3.93724 5.63283 6.46035 5.75636 18.7732 5.00205 7.72449 9.27044 4.72736 4.5816 18.0201 9.18603 10.1276
threshold=83.850000000000009 0 92.750000000000014 96.65000000000002 1 73.250000000000014 2 4.6500000000000012 87.550000000000011 4.6500000000000012 3 4 5 74.250000000000014
decision_type=2 1 2 2 1 2 1 2 2 2 1 1 1 2
left_child=-1 10 3 4 5 -3 7 8 -4 -5 11 -2 13 -12
right_child=1 2 6 9 -6 -7 -8 -9 -10 -11 12 -13 -14 -15
leaf_value=0.00088681785065325902 -0.036253788476624117 0.015287294175732659 0.087264115481891405 0.11878472782671448 -0.0061255438010014247 -0.057272885569735706 -0.001353620002403284 -0.016325493061506165 -0.047120769854102816 -0.014360321313142776 -0.00065296684712999186 0.018213529131614274 -0.0014218852475668038 0.039110674140126998
leaf_weight=4460 257 131 66 15.000000000000002 1161 207 303 41 13.999999999999998 9.9999999999999982 247 272 970 346
leaf_count=4460 257 131 66 15 1161 207 303 41 14 10 247 272 970 346
internal_value=9.69519e-07 -0.000976972 -0.00581256 -0.0100969 -0.0113581 -0.0283128 0.00944979 0.0338198 0.0637468 0.0655267 0.00353664 -0.00842958 0.00761447 0.0221741
internal_weight=8500 4040 1948 1524 1499 338 424 121 80 25 2092 529 1563 593
internal_count=8500 4040 1948 1524 1499 338 424 121 80 25 2092 529 1563 593
cat_boundaries=0 1 2 3 4 5 6
cat_threshold=4544238 8209 8209 4 4539904 4277760
is_linear=0
shrinkage=0.15


Tree=126
num_leaves=15
num_cat=2
split_feature=5 2 2 5 5 5 1 2 5 0 2 2 4 5
split_gain=0.380755 1.41567 3.59609 0.851974 0.525255 2.10141 1.84459 1.23358 0.817954 0.555324 4.26016 15.3048 9.97441 1.60095
threshold=97.950000000000017 85.850000000000009 88.850000000000009 98.350000000000009 96.450000000000017 96.350000000000009 4.6500000000000012 90.250000000000014 96.850000000000009 0 87.750000000000014 87.250000000000014 1 83.65000000000002
decision_type=2 2 2 2 2 2 2 2 2 1 2 2 1 2
left_child=4 3 -3 -2 5 9 7 -6 -8 10 11 -1 -12 -11
right_child=1 2 -4 -5 6 -7 8 -9 -10 13 12 -13 -14 -15
leaf_value=-7.2423516683225238e-05 0.043557299283036782 -0.10784518428146835 0.008281194544397295 -0.013163471325802114 0.069201462913770231 -0.068762975502759213 -0.03592226297594607 0.011172206984723316 0.0067463148422839663 -0.00083209570965416674 -0.034993057110310664 0.073889419506662168 -0.00054256724121476061 0.0047237842554527631
leaf_weight=1996 11.000000000000002 10.000000000000002 14.999999999999998 12.999999999999998 15.999999999999998 9.9999999999999982 14.999999999999998 17 31 3616 249 65 713 1723
leaf_count=1996 11 10 15 13 16 10 15 17 31 3616 249 65 713 1723
internal_value=-3.93018e-06 -0.0131883 -0.0381694 0.0128335 7.25148e-05 -4.23591e-05 0.0122462 0.0393076 -0.00716735 3.98229e-05 -0.00158168 0.00226019 -0.00982898 0.000959099
internal_weight=8500 49 25 24 8451 8372 79 33 46 8362 3023 2061 962 5339
internal_count=8500 49 25 24 8451 8372 79 33 46 8362 3023 2061 962 5339
cat_boundaries=0 1 2
cat_threshold=13246503 4
is_linear=0
shrinkage=0.15


Tree=127
num_leaves=15
num_cat=3
split_feature=5 0 2 5 0 2 1 5 2 0 5 2 2 1
split_gain=0.333452 5.10092 3.84048 4.45939 5.49584 16.8786 3.60564 3.51481 4.85003 4.09428 9.27289 18.576 6.24189 3.31296
threshold=75.050000000000011 0 75.950000000000017 58.45000000000001 1 79.050000000000011 1.0500000000000003 74.250000000000014 91.750000000000014 2 72.65000000000002 80.750000000000014 93.850000000000009 6.5500000000000007
decision_type=2 1 2 2 1 2 2 2 2 1 2 2 2 2
left_child=1 2 13 -4 5 -5 -6 9 -9 10 12 -12 -3 -1
right_child=-2 7 3 4 6 -7 -8 8 -10 -11 11 -13 -14 -15
leaf_value=-0.087323476597666747 -0.00077690175467727085 -0.006982493620320304 -0.006295345127888906 0.22960975572466849 -0.060754388655186627 0.030647462440229915 0.011756227986904439 0.010699845404891235 0.10864610367526228 -0.0023482548666055856 0.0012599036941537631 -0.24562596604228018 -0.10117349097888698 -0.00021298682768361592
leaf_weight=9.9999999999999982 5099 230 190 9.9999999999999982 15.999999999999998 236 433 91 12.999999999999998 1571 16.000000000000004 11.999999999999998 17 556
leaf_count=10 5099 230 190 10 16 236 433 91 13 1571 16 12 17 556
internal_value=-9.61171e-06 0.00114076 0.0078436 0.0140691 0.0196364 0.0372223 0.0089725 -0.00386724 0.0229431 -0.00539863 -0.0219413 -0.104548 -0.0134653 -0.00175204
internal_weight=8500 3401 1451 885 695 246 449 1950 104 1846 275 28 247 566
internal_count=8500 3401 1451 885 695 246 449 1950 104 1846 275 28 247 566
cat_boundaries=0 1 2 3
cat_threshold=13193373 528393 1536
is_linear=0
shrinkage=0.15


Tree=128
num_leaves=15
num_cat=3
split_feature=1 2 1 0 2 2 2 2 2 0 2 0 5 2
split_gain=0.316745 1.69278 2.35933 15.1591 10.4233 14.5161 11.7162 4.83511 2.80501 2.4732 2.34157 10.4786 7.7401 2.96713
threshold=4.9500000000000011 93.15000000000002 5.6500000000000012 0 85.050000000000011 84.350000000000009 91.050000000000011 80.750000000000014 78.550000000000011 1 83.850000000000009 2 93.450000000000017 87.950000000000017
decision_type=2 2 2 1 2 2 2 2 2 1 2 1 2 2
left_child=-1 2 3 4 5 -2 -6 8 -5 -9 -4 13 -13 -12
right_child=1 -3 10 7 6 -7 -8 9 -10 -11 11 12 -14 -15
leaf_value=-0.0010428286497993113 0.068425810832530257 -0.012812023416919715 0.0014316423515660349 -0.011188295693136752 0.0089478670991957193 0.28226171381771564 0.17547361980277029 -0.015428034553042379 -0.092808730965480202 0.0097854435409121063 -0.052211093413002715 0.004339402416995394 0.10657730655123789 -0.01679349662243532
leaf_weight=3735 25 197 3573 18 70 9.9999999999999982 10.999999999999998 118 20 268 109 224 18 104
leaf_count=3735 25 197 3573 18 70 10 11 118 20 268 109 224 18 104
internal_value=-8.58433e-06 0.000802098 0.00138922 0.0106997 0.0562684 0.129522 0.0315625 -0.00302304 -0.0541464 0.00193152 0.000141048 -0.00999366 0.0114699 -0.0333522
internal_weight=8500 4765 4568 540 116 35 81 424 38 386 4028 455 242 213
internal_count=8500 4765 4568 540 116 35 81 424 38 386 4028 455 242 213
cat_boundaries=0 1 2 3
cat_threshold=1578528 4202580 10981264
is_linear=0
shrinkage=0.15


Tree=129
num_leaves=15
num_cat=2
split_feature=1 0 5 5 5 5 2 5 2 2 2 0 1 5
split_gain=0.330934 5.42583 4.68102 8.14251 4.60133 5.51732 4.31936 4.25912 3.56117 3.24152 3.18285 4.93928 2.82982 7.2384
threshold=2.4500000000000006 0 92.350000000000009 90.950000000000017 80.750000000000014 88.750000000000014 87.450000000000017 54.550000000000004 80.950000000000017 78.550000000000011 82.65000000000002 1 2.5500000000000003 77.950000000000017
decision_type=2 1 2 2 2 2 2 2 2 2 2 1 2 2
left_child=1 2 3 4 6 -6 -1 -3 9 -9 -10 -12 13 -2
right_child=12 7 -4 -5 5 -7 -8 8 10 -11 11 -13 -14 -15
leaf_value=-0.022141812971338281 0.015079032504735024 -0.049548649731213631 0.058408734351396555 -0.13266374354179089 -0.05165682176593691 0.035442623561248186 0.023295400416156135 0.0079449556767940514 -0.036030408979526585 0.10205284198746085 0.042940876176414476 0.0050689476703437847 -3.1116823145614453e-05 -0.080189091394491055
leaf_weight=86 38 23 20 12.999999999999998 90 20 104 13.999999999999998 28 20 102 283 7625 34
leaf_count=86 38 23 20 13 90 20 104 14 28 20 102 283 7625 34
internal_value=-8.29244e-06 0.00288942 -0.0115982 -0.0164421 -0.0114058 -0.0358206 0.00272908 0.0131217 0.0166399 0.0633025 0.0127984 0.0163496 -0.0003106 -0.0299087
internal_weight=8500 803 333 313 300 110 190 470 447 34 413 385 7697 72
internal_count=8500 803 333 313 300 110 190 470 447 34 413 385 7697 72
cat_boundaries=0 1 2
cat_threshold=17114451 557576
is_linear=0
shrinkage=0.15


Tree=130
num_leaves=15
num_cat=4
split_feature=1 2 0 1 2 0 2 5 0 5 5 2 0 2
split_gain=0.319486 2.30056 1.24099 1.20629 2.12851 20.7248 13.4337 10.9359 4.54467 5.52106 2.44086 2.01896 2.01802 1.80996
threshold=20.050000000000004 78.550000000000011 0 8.5500000000000025 81.250000000000014 1 80.250000000000014 72.65000000000002 2 64.850000000000009 89.850000000000009 72.850000000000009 3 83.450000000000017
decision_type=2 2 1 2 2 1 2 2 1 2 2 2 1 2
left_child=3 2 -2 4 5 6 10 -8 9 -7 -1 12 -5 -6
right_child=1 -3 -4 11 13 8 7 -9 -10 -11 -12 -13 -14 -15
leaf_value=-0.028596953096840638 0.0071103583635834331 -0.069964201545173466 -0.0026825429779716425 0.010533611310310822 0.009398483305041486 -0.031512294576636381 -0.05187309877946971 -0.24130271187750621 -0.0030139527599782343 0.055020188005004501 -0.10475669929927045 0.035657989733052724 -0.0020581839127864448 -0.00048100060503887673
leaf_weight=68 334 10.999999999999998 1898 509 464 21 12.000000000000002 15.999999999999998 254 79 10.999999999999998 46 637 4140
leaf_count=68 334 11 1898 509 464 21 12 16 254 79 11 46 637 4140
internal_value=1.42373e-06 -0.00153452 -0.00119728 0.000552028 -0.000458348 -0.0101759 -0.0647884 -0.160119 0.00793723 0.0334985 -0.0392015 0.00484527 0.00360846 0.000514673
internal_weight=8500 2243 2232 6257 5065 461 107 28 354 100 79 1192 1146 4604
internal_count=8500 2243 2232 6257 5065 461 107 28 354 100 79 1192 1146 4604
cat_boundaries=0 1 2 3 4
cat_threshold=10486032 4326425 571392 2778329
is_linear=0
shrinkage=0.15


Tree=131
num_leaves=15
num_cat=1
split_feature=1 0 1 5 5 2 2 2 2 2 5 2 5 2
split_gain=0.345366 1.82454 12.3993 12.4589 8.44397 7.73996 4.53623 11.1978 7.71062 6.98645 7.36448 6.5243 5.22931 4.46505
threshold=3.3500000000000001 0 3.0500000000000003 87.950000000000017 85.850000000000009 87.850000000000009 88.550000000000011 89.65000000000002 89.550000000000011 89.750000000000014 89.450000000000017 88.250000000000014 78.250000000000014 80.750000000000014
decision_type=2 1 2 2 2 2 2 2 2 2 2 2 2 2
left_child=1 2 13 4 5 -4 11 8 -8 -9 -11 -3 -13 -1
right_child=-2 6 3 -5 -6 -7 7 9 -10 10 -12 12 -14 -15
leaf_value=-0.0578998471565184 -0.00047950461705770025 0.0037985359731673831 0.0085800286259173474 0.2113772728666663 -0.088161577893929047 0.09082179884784497 -0.044021123333652386 0.11112699899822473 -0.18353679880499837 0.0027885886711340791 -0.053729736632667481 0.020710081793367859 0.1470900232115617 0.0012360155204226672
leaf_weight=31 6775 601 51 9.9999999999999982 10.999999999999998 52 82 11.999999999999998 9.9999999999999982 383 60 17.000000000000004 12.999999999999998 392
leaf_count=31 6775 601 51 10 11 52 82 12 10 383 60 17 13 392
internal_value=2.95534e-06 0.00189783 0.00896577 0.0508412 0.0367591 0.0501001 -0.00144795 -0.0114576 -0.0591859 -0.0018071 -0.00486626 0.00720628 0.0754747 -0.00309782
internal_weight=8500 1725 547 124 114 103 1178 547 92 455 443 631 30 423
internal_count=8500 1725 547 124 114 103 1178 547 92 455 443 631 30 423
cat_boundaries=0 1
cat_threshold=5289026
is_linear=0
shrinkage=0.15


Tree=132
num_leaves=15
num_cat=1
split_feature=1 0 5 2 5 1 2 1 2 1 5 5 2 2
split_gain=0.334189 4.42697 17.3375 15.4466 19.9574 11.5664 10.4367 20.9137 12.7139 3.90516 6.05796 5.58378 5.41593 4.69393
threshold=2.4500000000000006 0 80.750000000000014 87.450000000000017 67.750000000000014 1.6500000000000001 83.350000000000009 2.0500000000000003 88.65000000000002 1.3500000000000003 80.050000000000011 75.050000000000011 86.350000000000009 84.050000000000011
decision_type=2 1 2 2 2 2 2 2 2 2 2 2 2 2
left_child=1 2 3 5 -5 -1 -4 8 -8 -3 11 12 -11 -13
right_child=-2 9 6 4 -6 -7 7 -9 -10 10 -12 13 -14 -15
leaf_value=-0.15738432481884956 -0.00030127911961584961 -0.0093648881644290607 -0.22840916052460669 -0.013324515741657127 0.19654370530655507 0.024403765797615051 0.14115268520333546 -0.21472488744900778 -0.06580881125786725 0.04438568560412693 0.034739814532932074 -0.12709505261260678 -0.0063147102307993912 -0.019591450414736755
leaf_weight=13.999999999999998 7697 207 9.9999999999999982 22 19 18 11.000000000000002 12.999999999999998 17 76 205 10.999999999999998 126 54
leaf_count=14 7697 207 10 22 19 18 11 13 17 76 205 11 126 54
internal_value=2.51204e-06 0.00291444 -0.0221232 0.0229737 0.0839315 -0.0551285 -0.0910115 -0.0574998 0.0154975 0.00769928 0.0153461 0.000455711 0.0127607 -0.0377844
internal_weight=8500 803 124 73 41 32 51 41 28 679 472 267 202 65
internal_count=8500 803 124 73 41 32 51 41 28 679 472 267 202 65
cat_boundaries=0 1
cat_threshold=74753
is_linear=0
shrinkage=0.15


Tree=133
num_leaves=15
num_cat=5
split_feature=5 0 4 0 1 2 0 2 1 5 2 0 2 2
split_gain=0.313203 1.77867 5.42146 10.2921 18.8427 8.41783 8.88881 28.4942 7.18845 5.53177 5.97858 4.56552 3.15295 5.50722
threshold=84.050000000000011 0 1 2 5.3500000000000005 87.950000000000017 3 89.450000000000017 4.6500000000000012 95.350000000000009 85.850000000000009 4 92.050000000000011 91.050000000000011
decision_type=2 1 1 1 2 2 1 2 2 2 2 1 2 2
left_child=-1 2 3 4 8 9 7 -7 -2 11 -11 -4 13 -5
right_child=1 -3 5 12 -6 6 -8 -9 -10 10 -12 -13 -14 -15
leaf_value=-0.00060968629698801699 -0.092416735871921521 -0.0023989591040180997 -0.0056781314934307445 0.0092926307506379941 0.0048755176847595878 0.25559559417888522 0.0080769239840692425 0.038354998601910967 -0.23575326304882765 -0.015202528520603662 -0.1266067385673523 0.019219408201547241 0.068772203226884196 -0.10525052659213542
leaf_weight=5856 37 1368 336 170 58 15.999999999999998 156 90 9.9999999999999982 48 13.999999999999998 313 18 9.9999999999999982
leaf_count=5856 37 1368 336 170 58 16 156 90 10 48 14 313 18 10
internal_value=2.13525e-06 0.00135721 0.00536099 -0.0119138 -0.0477754 0.010807 0.0339017 0.0650128 -0.122914 0.00244869 -0.0403583 0.00653811 0.00848626 0.00292912
internal_weight=8500 2644 1276 303 105 973 262 106 47 711 62 649 198 180
internal_count=8500 2644 1276 303 105 973 262 106 47 711 62 649 198 180
cat_boundaries=0 1 2 3 4 5
cat_threshold=3346261 4 66817 3601 2230356
is_linear=0
shrinkage=0.15


Tree=134
num_leaves=15
num_cat=3
split_feature=1 0 1 0 5 1 1 4 5 1 2 2 5 1
split_gain=0.26698 5.12381 5.93842 3.29331 15.554 12.1636 10.0617 7.15528 8.95556 11.6368 6.09677 11.8459 5.38856 4.81649
threshold=2.7500000000000004 0 2.1500000000000008 1 78.450000000000017 2.0500000000000003 1.6500000000000001 2 86.950000000000017 2.5500000000000003 86.250000000000014 88.350000000000009 71.250000000000014 0.75000000000000011
decision_type=2 1 2 1 2 2 2 1 2 2 2 2 2 2
left_child=1 2 -1 4 10 6 -6 8 13 -10 12 -12 -3 -5
right_child=-2 3 -4 7 5 -7 -8 -9 9 -11 11 -13 -14 -15
leaf_value=0.0045837787688588318 -0.00030867707134733265 -0.084848624132573602 0.072871893176533351 0.095596640317567746 -0.066979893992344539 -0.12862621158160067 0.047545796097256239 -0.0055198897003734173 0.042976973231496476 0.22417018305171621 0.13074838439933956 0.0066334742797358381 0.021610526886323221 0.0027810184303821337
leaf_weight=69 7460 20 49 13.999999999999998 45 37 28 505 29 10.999999999999998 24 62 23 124
leaf_count=69 7460 20 49 14 45 37 28 505 29 11 24 62 23 124
internal_value=5.20663e-06 0.00225672 0.0303672 -0.00165238 -0.0164365 -0.0585635 -0.0230522 0.00368349 0.028699 0.0928051 0.0182117 0.0412702 -0.0279054 0.0121971
internal_weight=8500 1040 118 922 239 110 73 683 178 40 129 86 43 138
internal_count=8500 1040 118 922 239 110 73 683 178 40 129 86 43 138
cat_boundaries=0 1 2 3
cat_threshold=1049096 76817 4
is_linear=0
shrinkage=0.15


Tree=135
num_leaves=15
num_cat=3
split_feature=1 0 2 2 2 1 1 2 0 2 2 5 2 0
split_gain=0.293936 2.11203 13.1731 10.6147 17.5335 11.1779 5.76485 3.24929 12.6941 13.5382 14.5347 7.86105 6.04489 7.47852
threshold=4.9500000000000011 0 80.550000000000011 82.250000000000014 84.750000000000014 2.6500000000000008 2.6500000000000008 85.350000000000009 1 82.850000000000009 83.450000000000017 85.950000000000017 84.350000000000009 2
decision_type=2 1 2 2 2 2 2 2 1 2 2 2 2 1
left_child=1 2 -1 -4 5 -5 -6 8 9 11 -11 -3 13 -10
right_child=-2 7 3 4 6 -7 -8 -9 12 10 -12 -13 -14 -15
leaf_value=0.11201214653750259 0.00078439910660753245 -0.073652247967588347 -0.14307744249701501 -0.050171294063329694 0.0083149384328031119 0.12741396825375229 -0.042299094190057673 0.0032008499970116785 0.042000765277299325 0.11688762868288904 -0.043468755749504887 -0.199766908288002 -0.023639030199277017 -0.00036542196836826453
leaf_weight=18 4765 43 14.999999999999998 10.999999999999998 70 29 183 2367 101 15.999999999999998 62 14.999999999999998 194 611
leaf_count=18 4765 43 15 11 70 29 183 2367 101 16 62 15 194 611
internal_value=3.45152e-06 -0.000992858 -0.0123378 -0.0200056 -0.013705 0.078578 -0.0282952 0.00012787 -0.00685146 -0.0478658 -0.0105751 -0.106268 -0.000164644 0.00622915
internal_weight=8500 3735 326 308 293 40 253 3409 1042 136 78 58 906 712
internal_count=8500 3735 326 308 293 40 253 3409 1042 136 78 58 906 712
cat_boundaries=0 1 2 3
cat_threshold=1572864 1544 69633
is_linear=0
shrinkage=0.15


Tree=136
num_leaves=15
num_cat=3
split_feature=2 0 5 5 1 2 2 1 5 0 4 5 5 2
split_gain=0.324925 10.0605 16.6394 10.8596 12.7919 23.5595 12.5655 10.1642 14.1822 5.65946 8.10542 19.2731 20.2037 13.2745
threshold=87.750000000000014 0 95.050000000000011 72.450000000000017 5.4500000000000011 93.050000000000011 90.050000000000011 4.8500000000000005 68.65000000000002 1 2 83.550000000000011 69.050000000000011 90.550000000000011
decision_type=2 1 2 2 2 2 2 2 2 1 1 2 2 2
left_child=-1 2 3 7 5 -5 -6 8 -2 10 11 12 -3 -12
right_child=1 9 -4 4 6 -7 -8 -9 -10 -11 13 -13 -14 -15
leaf_value=0.00063396058007178307 -0.0079746416875753883 0.0036868292913847679 0.16386888988316059 -0.10376794019398548 0.13346712194383145 0.022939017351406313 -0.052423126747210815 -0.088643394410610199 0.12880509568621282 -0.00066256967306686342 -0.062607156852027404 -0.032258822548008242 0.14704379888420754 0.031271473001586371
leaf_weight=5853 66 37 9.9999999999999982 124 14.999999999999998 45 18 21 23 2045 54 43 55 91
leaf_count=5853 66 37 10 124 15 45 18 21 23 2045 54 43 55 91
internal_value=1.02813e-05 -0.00136879 -0.0257928 -0.0326984 -0.0533494 -0.0700294 0.0320724 0.00522436 0.0273729 0.00211564 0.0217297 0.0471496 0.0893894 -0.00345214
internal_weight=8500 2647 322 312 202 169 33 110 89 2325 280 135 92 145
internal_count=8500 2647 322 312 202 169 33 110 89 2325 280 135 92 145
cat_boundaries=0 1 2 3
cat_threshold=1572865 1168 12
is_linear=0
shrinkage=0.15


Tree=137
num_leaves=15
num_cat=2
split_feature=5 1 0 2 2 2 2 5 1 5 2 5 0 1
split_gain=0.373548 1.73549 5.80676 10.5579 17.1241 16.4189 10.3745 6.13006 3.83879 9.40248 6.75153 9.87804 3.17621 13.8919
threshold=84.050000000000011 3.1500000000000008 0 89.15000000000002 87.850000000000009 90.350000000000009 91.050000000000011 91.250000000000014 3.6500000000000008 85.250000000000014 89.350000000000009 91.050000000000011 1 4.6500000000000012
decision_type=2 2 1 2 2 2 2 2 2 2 2 2 1 2
left_child=-1 2 -2 4 7 -5 -7 -4 9 -3 -11 -12 13 -10
right_child=1 8 3 5 -6 6 -8 -9 12 10 11 -13 -14 -15
leaf_value=-0.00065954548816049455 0.027794849292245193 0.071503539713607595 -0.034699992603749376 0.14926280648048434 -0.17361807985340846 -0.11237186492420732 0.027098946487531066 0.038067344377270419 0.064857299162236884 -0.0093439044824873019 -0.024974771481580459 -0.14728391303215174 -0.0016630596430035245 -2.2066185033922509e-05
leaf_weight=5856 205 22 88 21 17 14.999999999999998 60 37 92 104 39 24 1535 385
leaf_count=5856 205 22 88 21 17 15 60 37 92 104 39 24 1535 385
internal_value=8.62208e-06 0.0014885 0.0100545 -0.00613604 -0.0323705 0.03203 -0.000795216 -0.0131609 -0.000235606 -0.0206747 -0.0328179 -0.0715687 0.00168437 0.0122349
internal_weight=8500 2644 443 238 142 96 75 125 2201 189 167 63 2012 477
internal_count=8500 2644 443 238 142 96 75 125 2201 189 167 63 2012 477
cat_boundaries=0 1 2
cat_threshold=18041294 1058321
is_linear=0
shrinkage=0.15


Tree=138
num_leaves=15
num_cat=1
split_feature=2 0 5 5 2 2 5 5 5 5 2 1 1 1
split_gain=0.330183 6.53484 5.50917 7.77977 5.28215 5.10899 4.44043 4.15384 5.39838 10.3174 3.4545 6.79417 3.28894 2.88841
threshold=93.15000000000002 0 92.15000000000002 95.65000000000002 99.050000000000011 95.750000000000014 84.250000000000014 91.950000000000017 86.550000000000011 87.15000000000002 92.750000000000014 3.2500000000000004 3.7500000000000004 3.2500000000000004
decision_type=2 1 2 2 2 2 2 2 2 2 2 2 2 2
left_child=10 2 4 -4 5 12 -7 8 -3 -10 -1 -12 -2 -11
right_child=1 7 3 -5 -6 6 -8 -9 9 13 11 -13 -14 -15
leaf_value=-8.0670153273235844e-05 -0.013816408580169082 0.0047081513364571692 0.13832637702368872 -0.04007295578379523 -0.10116142090409995 0.025615762043300839 -0.067777347325214315 -0.041173054717128739 0.17105007037663689 0.073037200584076339 -0.021482004601525009 0.05462855464241035 -0.060234329305202151 -0.0046235380863601508
leaf_weight=7626 62 403 11.000000000000002 10.999999999999998 21 63 13.999999999999998 37 12.999999999999998 15.999999999999998 42 71 77 33
leaf_count=7626 62 403 11 11 21 63 14 37 13 16 42 71 77 33
internal_value=1.19401e-05 -0.00296938 -0.021834 0.0491267 -0.0293424 -0.02236 0.0086352 0.00705791 0.0110474 0.0522527 0.000305103 0.0263397 -0.0395299 0.0207351
internal_weight=8500 761 259 22 237 216 77 502 465 62 7739 113 139 49
internal_count=8500 761 259 22 237 216 77 502 465 62 7739 113 139 49
cat_boundaries=0 1
cat_threshold=4793928
is_linear=0
shrinkage=0.15


Tree=139
num_leaves=15
num_cat=2
split_feature=2 0 5 5 5 5 5 0 1 1 5 5 1 2
split_gain=0.308779 5.15873 7.65438 8.01664 8.30993 7.83868 3.94958 5.10189 5.50806 8.45792 5.19254 4.68737 3.51945 2.70794
threshold=91.850000000000009 0 92.15000000000002 86.550000000000011 78.450000000000017 67.750000000000014 92.15000000000002 1 1.9500000000000002 2.5500000000000003 73.850000000000009 93.250000000000014 4.0500000000000007 99.65000000000002
decision_type=2 1 2 2 2 2 2 1 2 2 2 2 2 2
left_child=-1 2 3 4 5 -2 7 8 10 -10 -3 -8 -6 -9
right_child=1 6 -4 -5 12 -7 11 13 9 -11 -12 -13 -14 -15
leaf_value=0.00036180345106240244 0.0058497194531223467 0.11687895156527781 -0.081854189903690255 0.12584004993899725 0.0091016959595052824 0.11753158563604721 0.10956670458500202 -0.0037343982295357674 -0.14345169365406035 -0.02688075379204773 -0.028868061913685364 0.0097517518608487737 -0.084844331141999546 0.042371070906519891
leaf_weight=7383 31 11.000000000000002 12.999999999999998 20 19 26 12.999999999999998 643 14.999999999999998 211 10.999999999999998 57 17 30
leaf_count=7383 31 11 13 20 19 26 13 643 15 211 11 57 17 30
internal_value=1.01493e-05 -0.00231417 0.0251503 0.0396862 0.0211585 0.0567923 -0.00599936 -0.00867055 -0.0265717 -0.0346178 0.0440054 0.0282888 -0.0352617 -0.00165459
internal_weight=8500 1117 126 113 93 57 991 921 248 226 22 70 36 673
internal_count=8500 1117 126 113 93 57 991 921 248 226 22 70 36 673
cat_boundaries=0 1 2
cat_threshold=145 603648
is_linear=0
shrinkage=0.15


Tree=140
num_leaves=15
num_cat=1
split_feature=5 0 2 5 1 2 5 2 2 1 2 5 2 2
split_gain=0.306071 4.6165 9.38744 3.62556 4.00154 4.0245 2.97811 3.22903 6.40643 9.70889 3.08712 2.46282 6.67145 1.6272
threshold=93.250000000000014 0 92.050000000000011 96.350000000000009 5.8500000000000005 86.450000000000017 95.250000000000014 85.250000000000014 90.15000000000002 3.8500000000000001 91.850000000000009 92.850000000000009 90.15000000000002 94.350000000000009
decision_type=2 1 2 2 2 2 2 2 2 2 2 2 2 2
left_child=11 2 3 4 5 -2 7 -3 9 -9 -10 -1 -13 -8
right_child=1 6 -4 -5 -6 -7 13 8 10 -11 -12 12 -14 -15
leaf_value=8.4525829347009641e-06 0.11573662549490109 -0.0091613964552647968 0.15551342672922394 -0.053595934293287642 -0.0075282502085125694 0.01587969200419528 0.0044531579187848062 -0.010407541953027248 0.050390655991549675 -0.1738071672618389 -0.041059368874108333 0.007231990993022918 0.1426811928860843 -0.044096236013095168
leaf_weight=7974 15.999999999999998 95 10.999999999999998 17 45 21 180 14.999999999999998 12.999999999999998 18 23 45 9.9999999999999982 17
leaf_count=7974 16 95 11 17 45 21 180 15 13 18 23 45 10 17
internal_value=8.62684e-06 -0.00370769 0.02205 0.00944805 0.0225181 0.0590611 -0.0118392 -0.0270992 -0.0517961 -0.0995346 -0.00803575 0.000226635 0.0318591 0.000263616
internal_weight=8500 471 110 99 82 37 361 164 69 33 36 8029 55 197
internal_count=8500 471 110 99 82 37 361 164 69 33 36 8029 55 197
cat_boundaries=0 1
cat_threshold=9479456
is_linear=0
shrinkage=0.15


Tree=141
num_leaves=15
num_cat=2
split_feature=1 0 1 1 1 5 5 2 5 1 0 2 2 1
split_gain=0.275733 1.94302 8.86696 8.87493 8.93151 8.56627 11.0363 18.9177 8.38735 7.29833 8.98171 13.0942 12.7842 7.22497
threshold=4.8500000000000005 0 4.4500000000000011 3.9500000000000006 1.6500000000000001 82.950000000000017 92.65000000000002 89.450000000000017 72.250000000000014 4.4500000000000011 1 92.350000000000009 89.950000000000017 1.2500000000000002
decision_type=2 1 2 2 2 2 2 2 2 2 1 2 2 2
left_child=1 2 3 4 13 8 7 -7 -4 -3 11 12 -11 -1
right_child=-2 9 5 -5 -6 6 -8 -9 -10 10 -12 -13 -14 -15
leaf_value=0.0047031543149453842 0.00074385951012536755 0.00028483980232378467 0.077161986877520863 -0.035848581740719962 0.018339055287528199 0.23691081898777105 -0.033722008913755416 -0.017976061329245566 -0.032179950809988533 -0.059933985968108297 -0.0060003040212311077 0.046656718956572661 -0.21130106985569 -0.088084475350167057
leaf_weight=41 4876 2542 27 128 377 19.000000000000004 9.9999999999999982 9.9999999999999982 38 77 284 21 14.999999999999998 35
leaf_count=41 4876 2542 27 128 377 19 10 10 38 77 284 21 15 35
internal_value=7.33282e-06 -0.000983645 0.00615818 -0.000972327 0.00888233 0.0465852 0.102162 0.149019 0.013239 -0.00266011 -0.0215837 -0.0553223 -0.0846134 -0.038028
internal_weight=8500 3624 685 581 453 104 39 29 65 2939 397 113 92 76
internal_count=8500 3624 685 581 453 104 39 29 65 2939 397 113 92 76
cat_boundaries=0 1 2
cat_threshold=330241 1582104
is_linear=0
shrinkage=0.15


Tree=142
num_leaves=15
num_cat=2
split_feature=0 1 5 2 5 2 2 1 1 5 5 5 1 0
split_gain=0.289281 2.07571 8.14209 5.04154 5.58685 4.94352 3.63678 2.28744 4.44148 7.88383 9.08946 2.00254 2.96635 2.19971
threshold=0 1.6500000000000001 90.950000000000017 90.050000000000011 71.850000000000009 92.65000000000002 94.750000000000014 2.2500000000000004 2.4500000000000006 78.450000000000017 84.550000000000011 74.450000000000017 4.6500000000000012 1
decision_type=1 2 2 2 2 2 2 2 2 2 2 2 2 1
left_child=1 2 3 4 -1 -5 -7 -3 9 -9 -11 13 -13 -10
right_child=-2 7 -4 5 -6 6 -8 8 11 10 -12 12 -14 -15
leaf_value=-0.03191030303947627 -0.00059274419099038808 -0.021254912487098147 0.15052113734185696 -0.11027719699419461 0.063704128636957402 0.05776073342332471 -0.062560375705361368 -0.01791068531734788 0.024016797652965088 0.19844639105722303 0.020539669000676698 -0.01250242838379075 0.0017056397484079102 0.0028931770090091153
leaf_weight=20 5794 105 9.9999999999999982 12.999999999999998 44 13.000000000000002 9.9999999999999982 23 120 12.000000000000002 13.999999999999998 492 1008 822
leaf_count=20 5794 105 10 13 44 13 10 23 120 12 14 492 1008 822
internal_value=5.17405e-06 0.00128287 0.0214697 0.00856458 0.0338246 -0.0363422 0.00544721 0.000432434 0.00134659 0.0460605 0.10265 0.000449385 -0.00295461 0.00586975
internal_weight=8500 2706 110 100 64 36 23 2596 2491 49 26 2442 1500 942
internal_count=8500 2706 110 100 64 36 23 2596 2491 49 26 2442 1500 942
cat_boundaries=0 1 2
cat_threshold=7143752 524288
is_linear=0
shrinkage=0.15


Tree=143
num_leaves=15
num_cat=3
split_feature=1 2 0 2 0 5 0 5 5 1 2 2 2 2
split_gain=0.283322 1.68498 1.09466 2.20293 0.873532 0.827981 5.34197 17.9633 21.6062 24.8443 12.0812 20.0339 9.75112 5.66112
threshold=20.050000000000004 78.550000000000011 0 63.650000000000013 1 80.050000000000011 2 89.15000000000002 91.15000000000002 5.0500000000000007 84.250000000000014 92.65000000000002 83.050000000000011 92.050000000000011
decision_type=2 2 1 2 1 2 1 2 2 2 2 2 2 2
left_child=5 2 3 -2 -4 -1 7 10 9 -9 12 -12 -7 -10
right_child=1 -3 4 -5 -6 6 -8 8 13 -11 11 -13 -14 -15
leaf_value=-0.0010208557660561699 -0.018425712014939956 -0.060000596059994263 0.010662884560278467 0.043738498019852808 -0.0010414258948626388 0.020154020069784732 -0.00036248979723726445 -0.21505578793585298 -0.0045544906554277984 0.0083505959516125064 0.094460245709524313 -0.032199773223449787 -0.1097130336984992 0.081363920016552904
leaf_weight=3466 153 10.999999999999998 145 13.999999999999998 1920 98 2367 24 80 21 128 36 14.999999999999998 22
leaf_count=3466 153 11 145 14 1920 98 2367 24 80 21 128 36 15 22
internal_value=9.04211e-06 -0.00143736 -0.00114875 -0.0124678 -0.000172147 0.000527547 0.00245043 0.0177438 -0.0242199 -0.110799 0.0406539 0.0666568 0.00291503 0.0139769
internal_weight=8500 2243 2232 167 2065 6257 2791 424 147 45 277 164 113 102
internal_count=8500 2243 2232 167 2065 6257 2791 424 147 45 277 164 113 102
cat_boundaries=0 1 2 3
cat_threshold=528384 2097168 534016
is_linear=0
shrinkage=0.15


Tree=144
num_leaves=15
num_cat=2
split_feature=0 2 5 1 5 1 4 2 2 2 2 5 2 2
split_gain=0.273341 1.32752 2.42655 1.34104 3.78343 3.10521 0.986396 4.28728 5.13841 4.33612 3.79377 4.56117 3.16211 0.788747
threshold=0 97.750000000000014 72.850000000000009 1.5500000000000003 86.65000000000002 1.2500000000000002 1 88.550000000000011 90.450000000000017 87.750000000000014 88.350000000000009 93.250000000000014 86.750000000000014 94.850000000000009
decision_type=1 2 2 2 2 2 1 2 2 2 2 2 2 2
left_child=1 3 -3 4 5 -1 7 9 -9 -5 12 -12 -8 -2
right_child=13 2 -4 6 -6 -7 10 8 -10 -11 11 -13 -14 -15
leaf_value=-0.023348791636526586 -0.00078663755631431587 0.028577877776697264 -0.063579211446146172 0.0010991536416490766 0.095975717758903137 0.062204861521188697 0.00068309686918453685 0.054001905511205012 0.006020748196417426 -0.065387993889010468 -0.013292373158222867 -0.10472984788222954 0.038483273809437044 0.0065946169351648433
leaf_weight=30 6470 10.000000000000002 18 546 12.999999999999998 13.999999999999998 526 78 141 23 220 12.999999999999998 55 343
leaf_count=30 6470 10 18 546 13 14 526 78 141 23 220 13 55 343
internal_value=9.31968e-06 0.00171291 -0.030666 0.00226971 0.0248787 0.00387283 0.00146527 0.00520963 0.0231099 -0.00158838 -0.00219651 -0.018394 0.00426143 -0.000414421
internal_weight=8500 1687 28 1659 57 44 1602 788 219 569 814 233 581 6813
internal_count=8500 1687 28 1659 57 44 1602 788 219 569 814 233 581 6813
cat_boundaries=0 1 2
cat_threshold=4522248 3
is_linear=0
shrinkage=0.15


Tree=145
num_leaves=15
num_cat=2
split_feature=2 0 5 2 5 5 5 5 1 5 1 0 1 5
split_gain=0.254627 3.88093 6.05339 6.70908 9.80845 11.7601 6.89947 6.5487 2.76718 3.0224 1.98846 2.47455 7.61573 6.07616
threshold=91.850000000000009 0 86.850000000000009 94.550000000000011 82.65000000000002 78.450000000000017 83.950000000000017 88.550000000000011 5.1500000000000012 92.15000000000002 7.1500000000000012 1 1.7500000000000002 92.15000000000002
decision_type=2 1 2 2 2 2 2 2 2 2 2 1 2 2
left_child=-1 2 3 4 5 -2 -6 -4 9 -9 11 12 -3 -14
right_child=1 10 7 -5 6 -7 -8 8 -10 -11 -12 -13 13 -15
leaf_value=0.0003272552844258894 -0.043859911927198673 -0.087765335431322464 0.087927065347321323 0.0004414612321521748 -0.20049020484662972 0.078128536501234122 -0.063775687243627463 -0.025461004702779261 -0.063174466050363018 0.051437541700737631 -0.061838419334962966 0.0011871457994894147 0.049500335063232051 -0.067896873046728701
leaf_weight=7383 116 11.999999999999998 24 143 12.999999999999998 21 23 23 13.999999999999998 23 9.9999999999999982 583 101 10.999999999999998
leaf_count=7383 116 12 24 143 13 21 23 23 14 23 10 583 101 11
internal_value=7.92184e-06 -0.00210277 -0.0137411 -0.0235985 -0.0434697 -0.025161 -0.113145 0.0217056 -0.00478304 0.0129883 0.00451868 0.00552116 0.0238767 0.0379703
internal_weight=8500 1117 400 316 173 137 36 84 60 46 717 707 124 112
internal_count=8500 1117 400 316 173 137 36 84 60 46 717 707 124 112
cat_boundaries=0 1 2
cat_threshold=1678852 145
is_linear=0
shrinkage=0.15


Tree=146
num_leaves=15
num_cat=1
split_feature=2 0 1 1 2 2 1 2 1 5 2 1 5 1
split_gain=0.239445 3.98791 5.34501 12.5616 5.8549 7.93482 4.51423 2.46435 5.70431 2.89791 6.65289 2.24873 2.82177 2.71333
threshold=93.15000000000002 0 4.7500000000000009 4.3500000000000005 97.950000000000017 95.750000000000014 6.0500000000000007 92.750000000000014 3.2500000000000004 73.250000000000014 92.950000000000017 2.6500000000000008 77.050000000000011 1.3500000000000003
decision_type=2 1 2 2 2 2 2 2 2 2 2 2 2 2
left_child=7 2 3 4 5 -2 -4 -1 9 -9 -11 12 -3 -14
right_child=1 11 6 -5 -6 -7 -8 8 -10 10 -12 -13 13 -15
leaf_value=-6.9235387885665628e-05 -0.040677400241183929 -0.0025951439102531457 -0.12403298770543188 0.15060723893344399 -0.10034090574634703 0.081655364242546685 -0.020489242502177756 0.023923776314283409 0.048166640493428517 0.023280034575145683 -0.13467037230730056 -0.0019514228455477676 -0.0033183857565745709 0.063314873109232964
leaf_weight=7626 40 61 20 9.9999999999999982 19 17 18 18 71 12.000000000000002 11.999999999999998 512 20 44
leaf_count=7626 40 61 20 10 19 17 18 18 71 12 12 512 20 44
internal_value=6.94294e-06 -0.00253189 -0.026036 -0.00743441 -0.0282294 -0.00419219 -0.074986 0.000256595 0.0222458 -0.0215728 -0.0556952 0.0024143 0.0204895 0.042492
internal_weight=8500 761 124 86 76 57 38 7739 113 42 24 637 125 64
internal_count=8500 761 124 86 76 57 38 7739 113 42 24 637 125 64
cat_boundaries=0 1
cat_threshold=525832
is_linear=0
shrinkage=0.15


Tree=147
num_leaves=15
num_cat=1
split_feature=0 2 1 2 5 2 1 5 1 2 1 2 1 1
split_gain=0.25316 1.95902 1.62283 2.57525 3.85682 5.29811 1.49355 1.62729 1.46135 4.02761 2.8444 1.62069 2.36185 2.11946
threshold=0 97.750000000000014 2.5500000000000003 88.050000000000011 87.250000000000014 89.750000000000014 2.0500000000000003 78.850000000000009 3.3500000000000001 88.050000000000011 3.2500000000000004 85.450000000000017 4.4500000000000011 4.6500000000000012
decision_type=1 2 2 2 2 2 2 2 2 2 2 2 2 2
left_child=1 2 3 6 5 -5 7 -1 9 -4 -11 13 -13 -10
right_child=-2 -3 8 4 -6 -7 -8 -9 11 10 -12 12 -14 -15
leaf_value=-0.067272301670163848 -0.00029531162440551241 -0.053472131517316612 0.018475732529853902 0.16116882495582105 -0.033549317853017284 0.034553831732221721 0.037499891361221671 0.0068364659883081913 -0.029868943216731874 -0.023103064585379082 -0.10219504860828497 0.028665147886539878 0.00076827177211426473 0.001485245153139515
leaf_weight=12.000000000000002 7492 13.999999999999998 41 9.9999999999999982 10.999999999999998 29 11.999999999999998 14.999999999999998 54 38 13.999999999999998 117 164 477
leaf_count=12 7492 14 41 10 11 29 12 15 54 38 14 117 164 477
internal_value=5.90154e-06 0.00222553 0.0030324 0.0223594 0.0448941 0.0670192 -0.00653133 -0.0261008 0.00113173 -0.0166789 -0.0443971 0.00317162 0.0123837 -0.00170332
internal_weight=8500 1008 994 89 50 39 39 27 905 93 52 812 281 531
internal_count=8500 1008 994 89 50 39 39 27 905 93 52 812 281 531
cat_boundaries=0 1
cat_threshold=327688
is_linear=0
shrinkage=0.15


Tree=148
num_leaves=15
num_cat=1
split_feature=5 0 2 5 2 2 2 1 2 2 2 1 1 1
split_gain=0.258873 3.36046 3.58513 2.72475 3.7637 2.26908 2.58222 2.03299 5.66885 13.4084 2.98522 2.39304 2.02956 2.47043
threshold=67.350000000000009 0 96.750000000000014 67.750000000000014 86.350000000000009 91.550000000000011 91.750000000000014 3.1500000000000008 83.950000000000017 86.15000000000002 83.350000000000009 3.2500000000000004 0.8500000000000002 4.4500000000000011
decision_type=2 1 2 2 2 2 2 2 2 2 2 2 2 2
left_child=1 5 7 4 -2 12 -7 8 10 -10 -3 -9 -1 -14
right_child=3 2 -4 -5 -6 6 -8 11 9 -11 -12 -13 13 -15
leaf_value=-0.060906906612217426 -0.0026146431411193174 -0.014225485443603247 -0.048738003693717086 -0.00012339864375513778 -0.073755555597340899 0.10228863537311553 0.022270863813500165 -0.060668705447631727 0.12037146566435694 0.0051813226644298986 -0.10557668362744152 -0.0038749758727088237 0.021637534685695785 0.00091001490462804208
leaf_weight=9.9999999999999982 44 30 38 6509 27 9.9999999999999982 98 17 27 144 10.999999999999998 924 186 425
leaf_count=10 44 30 38 6509 27 10 98 17 27 144 11 924 186 425
internal_value=4.96421e-06 0.00153742 -0.00337707 -0.000442195 -0.0296682 0.00948268 0.0296799 -0.00191137 0.0113586 0.0233692 -0.0387343 -0.004901 0.00612282 0.00721987
internal_weight=8500 1920 1191 6580 71 729 108 1153 212 171 41 941 621 611
internal_count=8500 1920 1191 6580 71 729 108 1153 212 171 41 941 621 611
cat_boundaries=0 1
cat_threshold=5361880
is_linear=0
shrinkage=0.15


Tree=149
num_leaves=15
num_cat=4
split_feature=2 0 5 4 2 0 2 2 2 5 5 1 0 1
split_gain=0.296461 3.00811 6.02399 6.64952 11.8644 14.5369 8.09285 13.9476 8.06737 6.48151 4.65849 2.70728 3.66412 17.2556
threshold=83.850000000000009 0 96.65000000000002 1 87.250000000000014 2 85.950000000000017 85.750000000000014 87.750000000000014 91.950000000000017 97.950000000000017 5.6500000000000012 3 3.0500000000000003
decision_type=2 1 2 1 2 1 2 2 2 2 2 2 1 2
left_child=-1 2 3 6 5 -5 7 -2 -6 -8 -4 12 13 -3
right_child=1 11 10 4 8 -7 9 -9 -10 -11 -12 -13 -14 -15
leaf_value=0.00084733815995096469 0.023381278592668184 -0.051277202536720169 0.1289944057854322 -0.08400398887369144 0.064355684950548622 -0.0059972773053232229 -1.3816732252646624e-06 0.20893133729696273 -0.01019714199371906 -0.065709476246653742 -0.0071832603961229317 -0.0098954227551197021 0.0024375731828557936 0.06218280257970684
leaf_weight=4460 103 43 13.000000000000002 104 35 118 547 9.9999999999999982 488 36 9.9999999999999982 360 2072 101
leaf_count=4460 103 43 13 104 35 118 547 10 488 36 10 360 2072 101
internal_value=4.21965e-06 -0.00092655 -0.00633072 -0.00758957 -0.0173084 -0.0465951 0.00301882 0.0398016 -0.00520795 -0.00405883 0.0697867 0.00216095 0.00412932 0.0264646
internal_weight=8500 4040 1464 1441 745 222 696 113 523 583 23 2576 2216 144
internal_count=8500 4040 1464 1441 745 222 696 113 523 583 23 2576 2216 144
cat_boundaries=0 1 2 3 4
cat_threshold=10004753 5 534544 1024
is_linear=0
shrinkage=0.15


end of trees

feature_importances:
humidity_pct=629
freshness_pct=535
temperature_c=451
produce_type=390
packaging_material=90
storage_area=5

parameters:
[boosting: gbdt]
[objective: regression]
[metric: l2]
[tree_learner: serial]
[device_type: cpu]
[data_sample_strategy: bagging]
[data: ]
[valid: ]
[num_iterations: 150]
[learning_rate: 0.15]
[num_leaves: 15]
[num_threads: 2]
[seed: 0]
[deterministic: 0]
[force_col_wise: 0]
[force_row_wise: 0]
[histogram_pool_size: -1]
[max_depth: 6]
[min_data_in_leaf: 10]
[min_sum_hessian_in_leaf: 0.001]
[bagging_fraction: 1]
[pos_bagging_fraction: 1]
[neg_bagging_fraction: 1]
[bagging_freq: 0]
[bagging_seed: 3]
[bagging_by_query: 0]
[feature_fraction: 1]
[feature_fraction_bynode: 1]
[feature_fraction_seed: 2]
[extra_trees: 0]
[extra_seed: 6]
[early_stopping_round: 0]
[early_stopping_min_delta: 0]
[first_metric_only: 0]
[max_delta_step: 0]
[lambda_l1: 0]
[lambda_l2: 0]
[linear_lambda: 0]
[min_gain_to_split: 0]
[drop_rate: 0.1]
[max_drop: 50]
[skip_drop: 0.5]
[xgboost_dart_mode: 0]
[uniform_drop: 0]
[drop_seed: 4]
[top_rate: 0.2]
[other_rate: 0.1]
[min_data_per_group: 100]
[max_cat_threshold: 32]
[cat_l2: 10]
[cat_smooth: 10]
[max_cat_to_onehot: 4]
[top_k: 20]
[monotone_constraints: ]
[monotone_constraints_method: basic]
[monotone_penalty: 0]
[feature_contri: ]
[forcedsplits_filename: ]
[refit_decay_rate: 0.9]
[cegb_tradeoff: 1]
[cegb_penalty_split: 0]
[cegb_penalty_feature_lazy: ]
[cegb_penalty_feature_coupled: ]
[path_smooth: 0]
[interaction_constraints: ]
[verbosity: -1]
[saved_feature_importance_type: 0]
[use_quantized_grad: 0]
[num_grad_quant_bins: 4]
[quant_train_renew_leaf: 0]
[stochastic_rounding: 1]
[linear_tree: 0]
[max_bin: 255]
[max_bin_by_feature: ]
[min_data_in_bin: 3]
[bin_construct_sample_cnt: 200000]
[data_random_seed: 1]
[is_enable_sparse: 1]
[enable_bundle: 1]
[use_missing: 1]
[zero_as_missing: 0]
[feature_pre_filter: 1]
[pre_partition: 0]
[two_round: 0]
[header: 0]
[label_column: ]
[weight_column: ]
[group_column: ]
[ignore_column: ]
[categorical_feature: 0,3,4]
[forcedbins_filename: ]
[precise_float_parser: 0]
[parser_config_file: ]
[objective_seed: 5]
[num_class: 1]
[is_unbalance: 0]
[scale_pos_weight: 1]
[sigmoid: 1]
[boost_from_average: 1]
[reg_sqrt: 0]
[alpha: 0.9]
[fair_c: 1]
[poisson_max_delta_step: 0.7]
[tweedie_variance_power: 1.5]
[lambdarank_truncation_level: 30]
[lambdarank_norm: 1]
[label_gain: ]
[lambdarank_position_bias_regularization: 0]
[eval_at: ]
[multi_error_top_k: 1]
[auc_mu_weights: ]
[num_machines: 1]
[local_listen_port: 12400]
[time_out: 120]
[machine_list_filename: ]
[machines: ]
[gpu_platform_id: -1]
[gpu_device_id: -1]
[gpu_use_dp: 0]
[num_gpu: 1]

end of parameters

pandas_categorical:[["Apple", "Banana", "Bellpepper", "Bitter_Gourd", "Carrot", "Cucumber", "Grape", "Grapes", "Guava", "Jujube", "Kaki", "Lemon", "Lime", "Lulo", "Mango", "Orange", "Papaya", "Peach", "Pear", "Pomegranate", "Potato", "Strawberry", "Tamarillo", "Tomato", "Watermelon"], ["counter", "fridge", "pantry"], ["perforated_bag", "plastic_wrap", "sealed_container", "unpackaged"]]
